# Resource object code (Python 3)
# Created by: object code
# Created by: The Resource Compiler for Qt version 6.11.1
# WARNING! All changes made in this file will be lost!

from PySide6 import QtCore

qt_resource_data = b"\
\x00\x00\x02\x19\
<\
svg xmlns=\x22http:\
//www.w3.org/200\
0/svg\x22 width=\x2240\
\x22 height=\x2240\x22 fi\
ll=\x22#e4bd21\x22 vie\
wBox=\x220 0 256 25\
6\x22><path d=\x22M208\
,34H83.31a13.94,\
13.94,0,0,0-9.9,\
4.1L38.1,73.41a1\
3.94,13.94,0,0,0\
-4.1,9.9V208a14,\
14,0,0,0,14,14H2\
08a14,14,0,0,0,1\
4-14V48A14,14,0,\
0,0,208,34ZM86,4\
6h84V80a2,2,0,0,\
1-2,2H88a2,2,0,0\
,1-2-2ZM210,208a\
2,2,0,0,1-2,2H48\
a2,2,0,0,1-2-2V8\
3.31a2,2,0,0,1,.\
59-1.41L74,54.48\
V80A14,14,0,0,0,\
88,94h80a14,14,0\
,0,0,14-14V46h26\
a2,2,0,0,1,2,2Zm\
-82-94a38,38,0,1\
,0,38,38A38,38,0\
,0,0,128,114Zm0,\
64a26,26,0,1,1,2\
6-26A26,26,0,0,1\
,128,178Z\x22></pat\
h></svg>\
\x00\x00\x01k\
<\
svg xmlns=\x22http:\
//www.w3.org/200\
0/svg\x22 width=\x2240\
\x22 height=\x2240\x22 fi\
ll=\x22#4cd72d\x22 vie\
wBox=\x220 0 256 25\
6\x22><path d=\x22M229\
.19,213c-15.81-2\
7.32-40.63-46.49\
-69.47-54.62a70,\
70,0,1,0-63.44,0\
C67.44,166.5,42.\
62,185.67,26.81,\
213a6,6,0,1,0,10\
.38,6C56.4,185.8\
1,90.34,166,128,\
166s71.6,19.81,9\
0.81,53a6,6,0,1,\
0,10.38-6ZM70,96\
a58,58,0,1,1,58,\
58A58.07,58.07,0\
,0,1,70,96Z\x22></p\
ath></svg>\
\x00\x00\x01C\
<\
svg xmlns=\x22http:\
//www.w3.org/200\
0/svg\x22 width=\x2240\
\x22 height=\x2240\x22 fi\
ll=\x22#1a1a1a\x22 vie\
wBox=\x220 0 256 25\
6\x22><path d=\x22M205\
.66,202.34a8,8,0\
,0,1-11.32,11.32\
l-80-80a8,8,0,0,\
1,0-11.32l80-80a\
8,8,0,0,1,11.32,\
11.32L131.31,128\
ZM51.31,128l74.3\
5-74.34a8,8,0,0,\
0-11.32-11.32l-8\
0,80a8,8,0,0,0,0\
,11.32l80,80a8,8\
,0,0,0,11.32-11.\
32Z\x22></path></sv\
g>\
\x00\x00\x02[\
<\
svg xmlns=\x22http:\
//www.w3.org/200\
0/svg\x22 width=\x2240\
\x22 height=\x2240\x22 fi\
ll=\x22#e4bd21\x22 vie\
wBox=\x220 0 256 25\
6\x22><path d=\x22M139\
,166.26a66,66,0,\
1,0-62,0c-22,6.2\
2-41.88,19.15-57\
.61,37.88a6,6,0,\
0,0,9.18,7.72C49\
.11,187.45,77.31\
,174,108,174s58.\
9,13.45,79.41,37\
.86a6,6,0,1,0,9.\
18-7.72C180.86,1\
85.41,161,172.48\
,139,166.26ZM54,\
108a54,54,0,1,1,\
54,54A54.06,54.0\
6,0,0,1,54,108ZM\
205.52,66.39a106\
.33,106.33,0,0,1\
,0,83.22,6,6,0,0\
,1-11-4.71,94.29\
,94.29,0,0,0,0-7\
3.8,6,6,0,0,1,11\
-4.71ZM246,108a1\
37.16,137.16,0,0\
,1-11.12,54.37,6\
,6,0,0,1-11-4.74\
,126.41,126.41,0\
,0,0,0-99.26,6,6\
,0,0,1,11-4.74A1\
37.16,137.16,0,0\
,1,246,108Z\x22></p\
ath></svg>\
\x00\x00\x02H\
<\
svg xmlns=\x22http:\
//www.w3.org/200\
0/svg\x22 width=\x2240\
\x22 height=\x2240\x22 fi\
ll=\x22#e4bd21\x22 vie\
wBox=\x220 0 256 25\
6\x22><path d=\x22M146\
,104V64a6,6,0,0,\
1,12,0V89.51l45.\
76-45.75a6,6,0,0\
,1,8.48,8.48L166\
.48,98H192a6,6,0\
,0,1,0,12H152A6,\
6,0,0,1,146,104Z\
m-42,42H64a6,6,0\
,0,0,0,12H89.52L\
43.76,203.76a6,6\
,0,1,0,8.48,8.48\
L98,166.48V192a6\
,6,0,0,0,12,0V15\
2A6,6,0,0,0,104,\
146Zm62.48,12H19\
2a6,6,0,0,0,0-12\
H152a6,6,0,0,0-6\
,6v40a6,6,0,0,0,\
12,0V166.48l45.7\
6,45.76a6,6,0,0,\
0,8.48-8.48ZM104\
,58a6,6,0,0,0-6,\
6V89.51L52.24,43\
.76a6,6,0,0,0-8.\
48,8.48L89.52,98\
H64a6,6,0,0,0,0,\
12h40a6,6,0,0,0,\
6-6V64A6,6,0,0,0\
,104,58Z\x22></path\
></svg>\
\x00\x00\x02\x05\
<\
svg xmlns=\x22http:\
//www.w3.org/200\
0/svg\x22 width=\x2240\
\x22 height=\x2240\x22 fi\
ll=\x22#e4bd21\x22 vie\
wBox=\x220 0 256 25\
6\x22><path d=\x22M228\
.77,50.34A13.8,1\
3.8,0,0,0,216,42\
H40A14,14,0,0,0,\
29.67,65.42l.06.\
07L98,138.38V216\
a14,14,0,0,0,21.\
77,11.64l32-21.3\
3A14,14,0,0,0,15\
8,194.66V138.38l\
68.33-73A13.82,1\
3.82,0,0,0,228.7\
7,50.34Zm-11.26,\
6.94L147.62,131.\
9A6,6,0,0,0,146,\
136v58.66a2,2,0,\
0,1-.89,1.67l-32\
,21.33A2,2,0,0,1\
,110,216V136a6,6\
,0,0,0-1.62-4.1L\
38.53,57.32A2,2,\
0,0,1,40,54H216a\
1.9,1.9,0,0,1,1.\
83,1.19A1.86,1.8\
6,0,0,1,217.51,5\
7.28Z\x22></path></\
svg>\
\x00\x00\x01\x05\
<\
svg xmlns=\x22http:\
//www.w3.org/200\
0/svg\x22 width=\x2240\
\x22 height=\x2240\x22 fi\
ll=\x22#e4bd21\x22 vie\
wBox=\x220 0 256 25\
6\x22><path d=\x22M138\
,128a10,10,0,1,1\
-10-10A10,10,0,0\
,1,138,128ZM60,1\
18a10,10,0,1,0,1\
0,10A10,10,0,0,0\
,60,118Zm136,0a1\
0,10,0,1,0,10,10\
A10,10,0,0,0,196\
,118Z\x22></path></\
svg>\
\x00\x00\x01\xcd\
<\
svg xmlns=\x22http:\
//www.w3.org/200\
0/svg\x22 width=\x2240\
\x22 height=\x2240\x22 fi\
ll=\x22#e4bd21\x22 vie\
wBox=\x220 0 256 25\
6\x22><path d=\x22M231\
.36,116.19,87.28\
,28.06a14,14,0,0\
,0-14.18-.27A13.\
69,13.69,0,0,0,6\
6,39.87V216.13a1\
3.69,13.69,0,0,0\
,7.1,12.08,14,14\
,0,0,0,14.18-.27\
l144.08-88.13a13\
.82,13.82,0,0,0,\
0-23.62Zm-6.26,1\
3.38L81,217.7a2,\
2,0,0,1-2.06,0,1\
.78,1.78,0,0,1-1\
-1.61V39.87a1.78\
,1.78,0,0,1,1-1.\
61A2.06,2.06,0,0\
,1,80,38a2,2,0,0\
,1,1,.31L225.1,1\
26.43a1.82,1.82,\
0,0,1,0,3.14Z\x22><\
/path></svg>\
\x00\x00\x02E\
<\
svg xmlns=\x22http:\
//www.w3.org/200\
0/svg\x22 width=\x2236\
\x22 height=\x2236\x22 fi\
ll=\x22#e4bd21\x22 vie\
wBox=\x220 0 256 25\
6\x22><path d=\x22M232\
,218H176a102,102\
,0,1,0-48,12H232\
a6,6,0,0,0,0-12Z\
M38,128a90,90,0,\
1,1,90,90A90.1,9\
0.1,0,0,1,38,128\
Zm90-26a22,22,0,\
1,0-22-22A22,22,\
0,0,0,128,102Zm0\
-32a10,10,0,1,1-\
10,10A10,10,0,0,\
1,128,70Zm22,106\
a22,22,0,1,0-22,\
22A22,22,0,0,0,1\
50,176Zm-32,0a10\
,10,0,1,1,10,10A\
10,10,0,0,1,118,\
176Zm58-26a22,22\
,0,1,0-22-22A22,\
22,0,0,0,176,150\
Zm0-32a10,10,0,1\
,1-10,10A10,10,0\
,0,1,176,118ZM80\
,106a22,22,0,1,0\
,22,22A22,22,0,0\
,0,80,106Zm0,32a\
10,10,0,1,1,10-1\
0A10,10,0,0,1,80\
,138Z\x22></path></\
svg>\
\x00\x00\x01\xd4\
<\
svg xmlns=\x22http:\
//www.w3.org/200\
0/svg\x22 width=\x2240\
\x22 height=\x2240\x22 fi\
ll=\x22#e4bd21\x22 vie\
wBox=\x220 0 256 25\
6\x22><path d=\x22M138\
,180a10,10,0,1,1\
-10-10A10,10,0,0\
,1,138,180ZM128,\
74c-21,0-38,15.2\
5-38,34v4a6,6,0,\
0,0,12,0v-4c0-12\
.13,11.66-22,26-\
22s26,9.87,26,22\
-11.66,22-26,22a\
6,6,0,0,0-6,6v8a\
6,6,0,0,0,12,0v-\
2.42c18.11-2.58,\
32-16.66,32-33.5\
8C166,89.25,149,\
74,128,74Zm102,5\
4A102,102,0,1,1,\
128,26,102.12,10\
2.12,0,0,1,230,1\
28Zm-12,0a90,90,\
0,1,0-90,90A90.1\
,90.1,0,0,0,218,\
128Z\x22></path></s\
vg>\
\x00\x00\x01k\
<\
svg xmlns=\x22http:\
//www.w3.org/200\
0/svg\x22 width=\x2240\
\x22 height=\x2240\x22 fi\
ll=\x22#a1a1a1\x22 vie\
wBox=\x220 0 256 25\
6\x22><path d=\x22M229\
.19,213c-15.81-2\
7.32-40.63-46.49\
-69.47-54.62a70,\
70,0,1,0-63.44,0\
C67.44,166.5,42.\
62,185.67,26.81,\
213a6,6,0,1,0,10\
.38,6C56.4,185.8\
1,90.34,166,128,\
166s71.6,19.81,9\
0.81,53a6,6,0,1,\
0,10.38-6ZM70,96\
a58,58,0,1,1,58,\
58A58.07,58.07,0\
,0,1,70,96Z\x22></p\
ath></svg>\
\x00\x00\x01\x8d\
<\
svg xmlns=\x22http:\
//www.w3.org/200\
0/svg\x22 width=\x2240\
\x22 height=\x2240\x22 fi\
ll=\x22#e4bd21\x22 vie\
wBox=\x220 0 256 25\
6\x22><path d=\x22M34,\
64a6,6,0,0,1,6-6\
H216a6,6,0,0,1,0\
,12H40A6,6,0,0,1\
,34,64Zm102,58H4\
0a6,6,0,0,0,0,12\
h96a6,6,0,0,0,0-\
12Zm0,64H40a6,6,\
0,0,0,0,12h96a6,\
6,0,0,0,0-12Zm11\
0-26a6,6,0,0,1-2\
.82,5.09l-64,40A\
6,6,0,0,1,170,20\
0V120a6,6,0,0,1,\
9.18-5.09l64,40A\
6,6,0,0,1,246,16\
0Zm-17.32,0L182,\
130.83v58.34Z\x22><\
/path></svg>\
\x00\x00\x01\xc8\
<\
svg xmlns=\x22http:\
//www.w3.org/200\
0/svg\x22 width=\x2240\
\x22 height=\x2240\x22 fi\
ll=\x22#e4bd21\x22 vie\
wBox=\x220 0 256 25\
6\x22><path d=\x22M200\
,34H160a14,14,0,\
0,0-14,14V208a14\
,14,0,0,0,14,14h\
40a14,14,0,0,0,1\
4-14V48A14,14,0,\
0,0,200,34Zm2,17\
4a2,2,0,0,1-2,2H\
160a2,2,0,0,1-2-\
2V48a2,2,0,0,1,2\
-2h40a2,2,0,0,1,\
2,2ZM96,34H56A14\
,14,0,0,0,42,48V\
208a14,14,0,0,0,\
14,14H96a14,14,0\
,0,0,14-14V48A14\
,14,0,0,0,96,34Z\
m2,174a2,2,0,0,1\
-2,2H56a2,2,0,0,\
1-2-2V48a2,2,0,0\
,1,2-2H96a2,2,0,\
0,1,2,2Z\x22></path\
></svg>\
\x00\x00\x08\x0f\
<\
svg xmlns=\x22http:\
//www.w3.org/200\
0/svg\x22 width=\x2240\
\x22 height=\x2240\x22 fi\
ll=\x22#e4bd21\x22 vie\
wBox=\x220 0 256 25\
6\x22><path d=\x22M128\
,82a46,46,0,1,0,\
46,46A46.06,46.0\
6,0,0,0,128,82Zm\
0,80a34,34,0,1,1\
,34-34A34,34,0,0\
,1,128,162ZM214,\
130.84c.06-1.89.\
06-3.79,0-5.68L2\
29.33,106a6,6,0,\
0,0,1.11-5.29A10\
5.34,105.34,0,0,\
0,219.76,74.9a6,\
6,0,0,0-4.53-3l-\
24.45-2.71q-1.93\
-2.07-4-4l-2.72-\
24.46a6,6,0,0,0-\
3-4.53,105.65,10\
5.65,0,0,0-25.77\
-10.66A6,6,0,0,0\
,150,26.68l-19.2\
,15.37c-1.89-.06\
-3.79-.06-5.68,0\
L106,26.67a6,6,0\
,0,0-5.29-1.11A1\
05.34,105.34,0,0\
,0,74.9,36.24a6,\
6,0,0,0-3,4.53L6\
9.23,65.22q-2.07\
,1.94-4,4L40.76,\
72a6,6,0,0,0-4.5\
3,3,105.65,105.6\
5,0,0,0-10.66,25\
.77A6,6,0,0,0,26\
.68,106l15.37,19\
.2c-.06,1.89-.06\
,3.79,0,5.68L26.\
67,150.05a6,6,0,\
0,0-1.11,5.29A10\
5.34,105.34,0,0,\
0,36.24,181.1a6,\
6,0,0,0,4.53,3l2\
4.45,2.71q1.94,2\
.07,4,4L72,215.2\
4a6,6,0,0,0,3,4.\
53,105.65,105.65\
,0,0,0,25.77,10.\
66,6,6,0,0,0,5.2\
9-1.11L125.16,21\
4c1.89.06,3.79.0\
6,5.68,0l19.21,1\
5.38a6,6,0,0,0,3\
.75,1.31,6.2,6.2\
,0,0,0,1.54-.2,1\
05.34,105.34,0,0\
,0,25.76-10.68,6\
,6,0,0,0,3-4.53l\
2.71-24.45q2.07-\
1.93,4-4l24.46-2\
.72a6,6,0,0,0,4.\
53-3,105.49,105.\
49,0,0,0,10.66-2\
5.77,6,6,0,0,0-1\
.11-5.29Zm-3.1,4\
1.63-23.64,2.63a\
6,6,0,0,0-3.82,2\
,75.14,75.14,0,0\
,1-6.31,6.31,6,6\
,0,0,0-2,3.82l-2\
.63,23.63A94.28,\
94.28,0,0,1,155.\
14,218l-18.57-14\
.86a6,6,0,0,0-3.\
75-1.31h-.36a78.\
07,78.07,0,0,1-8\
.92,0,6,6,0,0,0-\
4.11,1.3L100.87,\
218a94.13,94.13,\
0,0,1-17.34-7.17\
L80.9,187.21a6,6\
,0,0,0-2-3.82,75\
.14,75.14,0,0,1-\
6.31-6.31,6,6,0,\
0,0-3.82-2l-23.6\
3-2.63A94.28,94.\
28,0,0,1,38,155.\
14l14.86-18.57a6\
,6,0,0,0,1.3-4.1\
1,78.07,78.07,0,\
0,1,0-8.92,6,6,0\
,0,0-1.3-4.11L38\
,100.87a94.13,94\
.13,0,0,1,7.17-1\
7.34L68.79,80.9a\
6,6,0,0,0,3.82-2\
,75.14,75.14,0,0\
,1,6.31-6.31,6,6\
,0,0,0,2-3.82l2.\
63-23.63A94.28,9\
4.28,0,0,1,100.8\
6,38l18.57,14.86\
a6,6,0,0,0,4.11,\
1.3,78.07,78.07,\
0,0,1,8.92,0,6,6\
,0,0,0,4.11-1.3L\
155.13,38a94.13,\
94.13,0,0,1,17.3\
4,7.17l2.63,23.6\
4a6,6,0,0,0,2,3.\
82,75.14,75.14,0\
,0,1,6.31,6.31,6\
,6,0,0,0,3.82,2l\
23.63,2.63A94.28\
,94.28,0,0,1,218\
,100.86l-14.86,1\
8.57a6,6,0,0,0-1\
.3,4.11,78.07,78\
.07,0,0,1,0,8.92\
,6,6,0,0,0,1.3,4\
.11L218,155.13A9\
4.13,94.13,0,0,1\
,210.85,172.47Z\x22\
></path></svg>\
\x00\x00\x01\xf6\
<\
svg xmlns=\x22http:\
//www.w3.org/200\
0/svg\x22 width=\x2240\
\x22 height=\x2240\x22 fi\
ll=\x22#d72d2d\x22 vie\
wBox=\x220 0 256 25\
6\x22><path d=\x22M128\
,26C75.29,26,34,\
49.72,34,80v96c0\
,30.28,41.29,54,\
94,54s94-23.72,9\
4-54V80C222,49.7\
2,180.71,26,128,\
26Zm0,12c44.45,0\
,82,19.23,82,42s\
-37.55,42-82,42S\
46,102.77,46,80,\
83.55,38,128,38Z\
m82,138c0,22.77-\
37.55,42-82,42s-\
82-19.23-82-42V1\
54.79C62,171.16,\
92.37,182,128,18\
2s66-10.84,82-27\
.21Zm0-48c0,22.7\
7-37.55,42-82,42\
s-82-19.23-82-42\
V106.79C62,123.1\
6,92.37,134,128,\
134s66-10.84,82-\
27.21Z\x22></path><\
/svg>\
\x00\x00\x01T\
<\
svg xmlns=\x22http:\
//www.w3.org/200\
0/svg\x22 width=\x2240\
\x22 height=\x2240\x22 fi\
ll=\x22#e4bd21\x22 vie\
wBox=\x220 0 256 25\
6\x22><path d=\x22M128\
,26A102,102,0,1,\
0,230,128,102.12\
,102.12,0,0,0,12\
8,26Zm0,192a90,9\
0,0,1,1,90-90A90\
.1,90.1,0,0,1,12\
8,218Zm46-90a6,6\
,0,0,1-6,6H134v3\
4a6,6,0,0,1-12,0\
V134H88a6,6,0,0,\
1,0-12h34V88a6,6\
,0,0,1,12,0v34h3\
4A6,6,0,0,1,174,\
128Z\x22></path></s\
vg>\
\x00\x00\x01\xf6\
<\
svg xmlns=\x22http:\
//www.w3.org/200\
0/svg\x22 width=\x2240\
\x22 height=\x2240\x22 fi\
ll=\x22#e4bd21\x22 vie\
wBox=\x220 0 256 25\
6\x22><path d=\x22M128\
,26C75.29,26,34,\
49.72,34,80v96c0\
,30.28,41.29,54,\
94,54s94-23.72,9\
4-54V80C222,49.7\
2,180.71,26,128,\
26Zm0,12c44.45,0\
,82,19.23,82,42s\
-37.55,42-82,42S\
46,102.77,46,80,\
83.55,38,128,38Z\
m82,138c0,22.77-\
37.55,42-82,42s-\
82-19.23-82-42V1\
54.79C62,171.16,\
92.37,182,128,18\
2s66-10.84,82-27\
.21Zm0-48c0,22.7\
7-37.55,42-82,42\
s-82-19.23-82-42\
V106.79C62,123.1\
6,92.37,134,128,\
134s66-10.84,82-\
27.21Z\x22></path><\
/svg>\
\x00\x00\x02J\
<\
svg xmlns=\x22http:\
//www.w3.org/200\
0/svg\x22 width=\x2240\
\x22 height=\x2240\x22 fi\
ll=\x22#e4bd21\x22 vie\
wBox=\x220 0 256 25\
6\x22><path d=\x22M214\
,48V96a6,6,0,0,1\
-12,0V62.48l-45.\
76,45.76a6,6,0,0\
,1-8.48-8.48L193\
.52,54H160a6,6,0\
,0,1,0-12h48A6,6\
,0,0,1,214,48ZM9\
9.76,147.76,54,1\
93.52V160a6,6,0,\
0,0-12,0v48a6,6,\
0,0,0,6,6H96a6,6\
,0,0,0,0-12H62.4\
8l45.76-45.76a6,\
6,0,0,0-8.48-8.4\
8ZM208,154a6,6,0\
,0,0-6,6v33.52l-\
45.76-45.76a6,6,\
0,0,0-8.48,8.48L\
193.52,202H160a6\
,6,0,0,0,0,12h48\
a6,6,0,0,0,6-6V1\
60A6,6,0,0,0,208\
,154ZM62.48,54H9\
6a6,6,0,0,0,0-12\
H48a6,6,0,0,0-6,\
6V96a6,6,0,0,0,1\
2,0V62.48l45.76,\
45.76a6,6,0,0,0,\
8.48-8.48Z\x22></pa\
th></svg>\
\x00\x00\x01\x5c\
<\
svg xmlns=\x22http:\
//www.w3.org/200\
0/svg\x22 width=\x2240\
\x22 height=\x2240\x22 fi\
ll=\x22#e4bd21\x22 vie\
wBox=\x220 0 256 25\
6\x22><path d=\x22M140\
.24,132.24l-80,8\
0a6,6,0,0,1-8.48\
-8.48L127.51,128\
,51.76,52.24a6,6\
,0,0,1,8.48-8.48\
l80,80A6,6,0,0,1\
,140.24,132.24Zm\
80-8.48-80-80a6,\
6,0,0,0-8.48,8.4\
8L207.51,128l-75\
.75,75.76a6,6,0,\
1,0,8.48,8.48l80\
-80A6,6,0,0,0,22\
0.24,123.76Z\x22></\
path></svg>\
\x00\x00\x02q\
<\
svg xmlns=\x22http:\
//www.w3.org/200\
0/svg\x22 width=\x2240\
\x22 height=\x2240\x22 fi\
ll=\x22#e4bd21\x22 vie\
wBox=\x220 0 256 25\
6\x22><path d=\x22M222\
,48V152a14,14,0,\
0,1-14,14H94.49l\
13.75,13.76a6,6,\
0,1,1-8.48,8.48l\
-24-24a6,6,0,0,1\
,0-8.48l24-24a6,\
6,0,0,1,8.48,8.4\
8L94.49,154H208a\
2,2,0,0,0,2-2V48\
a2,2,0,0,0-2-2H9\
6a2,2,0,0,0-2,2v\
8a6,6,0,0,1-12,0\
V48A14,14,0,0,1,\
96,34H208A14,14,\
0,0,1,222,48ZM16\
8,194a6,6,0,0,0-\
6,6v8a2,2,0,0,1-\
2,2H48a2,2,0,0,1\
-2-2V104a2,2,0,0\
,1,2-2H161.51l-1\
3.75,13.76a6,6,0\
,1,0,8.48,8.48l2\
4-24a6,6,0,0,0,0\
-8.48l-24-24a6,6\
,0,0,0-8.48,8.48\
L161.51,90H48a14\
,14,0,0,0-14,14V\
208a14,14,0,0,0,\
14,14H160a14,14,\
0,0,0,14-14v-8A6\
,6,0,0,0,168,194\
Z\x22></path></svg>\
\
\x00\x00\x01\xd4\
<\
svg xmlns=\x22http:\
//www.w3.org/200\
0/svg\x22 width=\x2256\
\x22 height=\x2256\x22 fi\
ll=\x22#e4bd21\x22 vie\
wBox=\x220 0 256 25\
6\x22><path d=\x22M138\
,180a10,10,0,1,1\
-10-10A10,10,0,0\
,1,138,180ZM128,\
74c-21,0-38,15.2\
5-38,34v4a6,6,0,\
0,0,12,0v-4c0-12\
.13,11.66-22,26-\
22s26,9.87,26,22\
-11.66,22-26,22a\
6,6,0,0,0-6,6v8a\
6,6,0,0,0,12,0v-\
2.42c18.11-2.58,\
32-16.66,32-33.5\
8C166,89.25,149,\
74,128,74Zm102,5\
4A102,102,0,1,1,\
128,26,102.12,10\
2.12,0,0,1,230,1\
28Zm-12,0a90,90,\
0,1,0-90,90A90.1\
,90.1,0,0,0,218,\
128Z\x22></path></s\
vg>\
\x00\x00~:\
\x89\
PNG\x0d\x0a\x1a\x0a\x00\x00\x00\x0dIHDR\x00\
\x00\x02\x00\x00\x00\x02\x00\x08\x06\x00\x00\x00\xf4x\xd4\xfa\
\x00\x00\x01\xa2iTXtXML:com.\
adobe.xmp\x00\x00\x00\x00\x00<?\
xpacket begin=\x22\xef\
\xbb\xbf\x22 id=\x22W5M0MpCe\
hiHzreSzNTczkc9d\
\x22?>\x0a<x:xmpmeta x\
mlns:x=\x22adobe:ns\
:meta/\x22 x:xmptk=\
\x22Adobe XMP Core \
9.1-c002 79.a6a6\
396, 2024/03/12-\
07:48:23        \
\x22>\x0a <rdf:RDF xml\
ns:rdf=\x22http://w\
ww.w3.org/1999/0\
2/22-rdf-syntax-\
ns#\x22>\x0a  <rdf:Des\
cription rdf:abo\
ut=\x22\x22\x0a    xmlns:\
xmp=\x22http://ns.a\
dobe.com/xap/1.0\
/\x22\x0a   xmp:Creato\
rTool=\x22Adobe Exp\
ress 1.0.0\x22/>\x0a <\
/rdf:RDF>\x0a</x:xm\
pmeta>\x0a<?xpacket\
 end=\x22r\x22?>kQ\xd5j\x00\x00\
\x00\x09pHYs\x00\x00\x0e\xc3\x00\x00\x0e\xc3\x01\xc7\
o\xa8d\x00\x00\x10\x00IDATx\x01\xec\x9d\x07\
\x9c\x1b\xc5\xf9\xf7\x1f\xd5\xd3I\xba\xb3\x8d{\xc1\xdd\x14\
\x036`\xaa\x01c0`p\xc5\xd4\x04H\xfe\x09$\
\xa4\x10\x08\x81\x04\xd2HB\x0a\x84\x12BB\x08\xbc\x81\
\x84\x12 t\x8c;`\x1b0`\x8a1\xc6\x80\x8dq\
\xef\xb8b\xfbN\xd2\xe9t\xed\x9dgu\xb2\xcfg\x9d\
\xa4\x9d\x1d\xad\xb6\xfc\xfc\xf1\x9e\xb4\xbbS\x9e\xf9\xcej\
\xe7\x99gf\x9e\xf1\x1er\xc8!M8\xc0\x00\xcf\x00\
\x9e\x01<\x03x\x06\xf0\x0c\xb8\xeb\x19\xf0\x12\xfe\x81\x00\
\x08\x80\x00\x08\x80\x00\x08\xb8\x8c\x00\x11\x14\x00\xd7U9\
\x0a\x0c\x02 \x00\x02 \x00\x02P\x00\xf0\x0c\x80\x00\x08\
\x80\x00\x08\x80\x80\xeb\x08p\x81a\x01`\x0a8@\x00\
\x04@\x00\x04@\xc0e\x04\xa0\x00\xb8\xac\xc2Q\x5c\x10\
\x00\x01\x10\x00\x01\xb7\x13H\x97\x1f\x0a@\x9a\x03\xfe\x82\
\x00\x08\x80\x00\x08\x80\x80\xab\x08@\x01pUu\xa3\xb0\
 \x00\x02 \x00\x02n'\x90)?\x14\x80\x0c\x09|\
\x82\x00\x08\x80\x00\x08\x80\x80\x8b\x08@\x01pQe\xa3\
\xa8 \x00\x02 \x00\x02n'\xb0\xaf\xfcP\x00\xf6\xb1\
\xc07\x10\x00\x01\x10\x00\x01\x10p\x0d\x01(\x00\xae\xa9\
j\x14\x14\x04@\x00\x04@\xc0\xed\x04Z\x96\x1f\x0a@\
K\x1a\xf8\x0e\x02 \x00\x02 \x00\x02.!\x00\x05\xc0\
%\x15\x8db\x82\x00\x08\x80\x00\x08\xb8\x9d\xc0\xfe\xe5\x87\
\x02\xb0?\x0f\x9c\x81\x00\x08\x80\x00\x08\x80\x80+\x08@\
\x01pE5\xa3\x90 \x00\x02 \x00\x02n'\xd0\xba\
\xfcP\x00Z\x13\xc19\x08\x80\x00\x08\x80\x00\x08\xb8\x80\
\x00\x14\x00\x17T2\x8a\x08\x02 \x00\x02 \xe0v\x02\
\x07\x96\x1f\x0a\xc0\x81Lp\x05\x04@\x00\x04@\x00\x04\
\x1cO\x00\x0a\x80\xe3\xab\x18\x05\x04\x01\x10\x00\x01\x10p\
;\x81l\xe5\x87\x02\x90\x8d\x0a\xae\x81\x00\x08\x80\x00\x08\
\x80\x80\xc3\x09@\x01px\x05\xa3x \x00\x02 \x00\
\x02n'\x90\xbd\xfcP\x00\xb2s\xc1U\x10\x00\x01\x10\
\x00\x01\x10p4\x01(\x00\x8e\xae^\x14\x0e\x04@\x00\
\x04@\xc0\xed\x04\xda*?\x14\x80\xb6\xc8\xe0:\x08\x80\
\x00\x08\x80\x00\x088\x98\x00\x14\x00\x07W.\x8a\x06\x02\
 \x00\x02 \xe0v\x02m\x97\x1f\x0a@\xdblp\x07\
\x04@\x00\x04@\x00\x04\x1cK\x00\x0a\x80c\xab\x16\x05\
\x03\x01\x10\x00\x01\x10p;\x81\x5c\xe5\x87\x02\x90\x8b\x0e\
\xee\x81\x00\x08\x80\x00\x08\x80\x80C\x09@\x01ph\xc5\
\xa2X \x00\x02 \x00\x02n'\x90\xbb\xfcP\x00r\
\xf3\xc1]\x10\x00\x01\x10\x00\x01\x10p$\x01(\x00\x8e\
\xacV\x14\x0a\x04@\x00\x04@\xc0\xed\x04\xf2\x95\x1f\x0a\
@>B\xb8\x0f\x02 \x00\x02 \x00\x02\x0e$\x00\x05\
\xc0\x81\x95\x8a\x22\x81\x00\x08\x80\x00\x08\xb8\x9d@\xfe\xf2\
C\x01\xc8\xcf\x08!@\x00\x04@\x00\x04@\xc0q\x04\
\xa0\x008\xaeJQ \x10\x00\x01\x10\x00\x01\xb7\x13(\
\xa4\xfcP\x00\x0a\xa1\x840 \x00\x02 \x00\x02 \xe0\
0\x02P\x00\x1cV\xa1(\x0e\x08\x80\x00\x08\x80\x80\xdb\
\x09\x14V~(\x00\x85qB(\x10\x00\x01\x10\x00\x01\
\x10p\x14\x01(\x00\x8e\xaaN\x14\x06\x04@\x00\x04@\
\xc0\xed\x04\x0a-?\x14\x80BI!\x1c\x08\x80\x00\x08\
\x80\x00\x088\x88\x00\x14\x00\x07U&\x8a\x02\x02 \x00\
\x02 \xe0v\x02\x85\x97\x1f\x0a@\xe1\xac\x10\x12\x04@\
\x00\x04@\x00\x04\x1cC\x00\x0a\x80c\xaa\x12\x05\x01\x01\
\x10\x00\x01\x10p;\x01=\xe5\x87\x02\xa0\x87\x16\xc2\x82\
\x00\x08\x80\x00\x08\x80\x80C\x08@\x01pHE\xa2\x18\
 \x00\x02 \x00\x02n'\xa0\xaf\xfcP\x00\xf4\xf1B\
h\x10\x00\x01\x10\x00\x01\x10p\x04\x01(\x00\x8e\xa8F\
\x14\x02\x04@\x00\x04@\xc0\xed\x04\xf4\x96\x1f\x0a\x80^\
b\x08\x0f\x02 \x00\x02 \x00\x02\x0e \x00\x05\xc0\x01\
\x95\x88\x22\x80\x00\x08\x80\x00\x08\xb8\x9d\x80\xfe\xf2C\x01\
\xd0\xcf\x0c1@\x00\x04@\x00\x04@\xc0\xf6\x04\xa0\x00\
\xd8\xbe\x0aQ\x00\x10\x00\x01\x10\x00\x01\xb7\x13\x90)?\
\x14\x00\x19j\x88\x03\x02 \x00\x02 \x00\x026'\x00\
\x05\xc0\xe6\x15\x08\xf1A\x00\x04@\x00\x04\xdcN@\xae\
\xfcP\x00\xe4\xb8!\x96E\x08\x8c\x1f\x10\xa4\xdf\x9f\x12\
\xa6\xa7\xc6U\xd0\xf4\x0b*\xe8\xdf\xa3#t\xed1!\
\xea\x15\xc5\xa3m\x91*R\x22FE\xd0C_?,\
H\xf7\x9f\x15\xa1\x97\xce\xaf\xa0\x97'U\xd2\x9d\xa7\x87\
\xe9\xdbG\x96Q4\xa0$\x0b$\x02\x02\xae#\x80\xb7\
\xa4\xeb\xaa\xdc\x19\x05\xee\x1a\xf1\xd2?Ecp\xfd\xb0\
\x10\x9d\xd2\xd3O]\xc3\x1e\x0a\xf9=\xd4\xb7\x9d\x8f\xce\
\x1f\x14\xa4\xc7\xc6DiD/\xbf3\x0a\xeb\xf2R\xf4\
\xae\xf4\xd2\xa3\xe7E\xe9;CBt\xd8A>\xaa\x14\
\xca\x007\xfa\xc3\xba\xfa\xe9\x8a\xc1e\xa2\xae+\xe8\xb8\
n>\x97SB\xf1\xddL@\xb6\xecP\x00d\xc9!\
^\xc9\x08pc\xff\x80h\xfc\x0f\x15\x8dA.!~\
;<,\x1a\x06\x7f\xae \xb8gq\x02]\xc2^\xba\
\xf7\x8c\x08\xb5/\xf3\xb4))\xdf\xbbcD\x04u\xdd\
&!\xdc\x00\x81\xec\x04\xa0\x00d\xe7\x82\xab\x16&p\
\xed\xb1\xe5\xd4.G\x83\xd0R\xf4_\x9cX\x9e\xb3\xf1\
h\x19\x16\xdf\xadG\xe0\xe7\xa2\xfe\x0a\xad\xeb\x9b\x8e/\
'?\xdeh\xd6\xabDHTd\x02\xf2\xc9\xe3\xe7\x22\
\xcf\x0e1K@\xa0\xa7\x18\xdb?\xb9G\xe1\xbdz\xee\
\x1d^.\xcc\xc4%\x10\x15Y\x1a$0\xbcG\x80\x86\
v\xf6\x15\x9cJ\xc7r\x0f\x9d\xde+Ppx\x04\x04\
\x01\xb7\x13\x80\x02\xe0\xf6'\xc0f\xe5\xd7\xd3\xf8g\x8a\
vv\x1f4\x0a\x19\x16v\xfa\x1c7@\x7f\xbd\x9d\xa8\
C9\xb4\x13\x0b\xc8\x0a\x02m\x110r\x1d\x0a\x80\x11\
z\x88k:\x01\xee\xe5\xe9\xcd\x94g\x90\x9f\x05%@\
/\xb6\x92\x86\xef.,='v/\xdc\xd2\x93\x11\xb6\
}\xd0\x93\xf9\x8aO\x10\x00\x81<\x04\xa0\x00\xe4\x01\x84\
\xdb\xd6\x22\x90j\x90{\xc1O\x90\xe8MZ\xab\xe4\xee\
\x92f\xe2\x80\xa0T\x81\x93\x0dR\xd1\x10\x09\x04lJ\
\xc0\x98\xd8P\x00\x8c\xf1Cl\x93\x09|\xba\xa3N*\
\xc7#:\xf9i@\xfb\xc2\xc7\x93\xa52A$%\x04\
\xca|\x1e:\xaf\x9f~\xf3?g\xbe|W=\x7f\xe0\
\x00\x01\x10(\x80\x00\x14\x80\x02 !\x88u\x08|\xb8\
\xa5\x81\xb6'\x1a\xa5\x04\x1a\x0f+\x80\x147\xb3#\x9d\
\xd1;@QIS\xfe\x9b\x1b\xa0\x00\x98]_\xc8\xaf\
t\x04\x8c\xe6\x0c\x05\xc0(A\xc47\x9d\xc0\xac\xb5r\
V\x80s\xfa\x06(\xec\x97\x1bB \xfc3\x8d\xc0\xf9\
\x03\xe5z\xff\x8b\xb7\xd5\xd3\x86j9\xe5\xd0\xb4\xc2!\
#\x10\xb0\x10\x01(\x00\x16\xaa\x0c\x88R\x18\x81i\xab\
\xe4\x14\x006-\x9f%\x94\x80\xc2rA\xa8R\x10`\
O\x7f\x83:\xf8\xa4\xb2\x9e\x22\xf9\x5cHe\x86H \
Pr\x02\xc6\x05\x80\x02`\x9c!R0\x99\xc0\x8e\x9a\
Fzw\xb3\x9c\xa9\xf7\x92C\x82\x04\x1b\x80\xc9\x15\xa6\
#\xbb\x8b\x0f\x0d\xea\x08\xbd/\xe8\xaed#\xbd\xb5Q\
N1\xdc\x97\x0a\xbe\x81\x80\xbb\x08@\x01pW};\
\xa6\xb4\x93W\xd6J\x95Evy\x99Tf\x88\xa4\x8b\
@\xa7r/\x8d\x90t\xe43U\xf4\xfe\x1b\x9ate\
\x87\xc0 `k\x02*\x84\x87\x02\xa0\x82\x22\xd20\x9d\
\xc0\xc2-\x0d\xb45.7\xde;i\x90\x5c/\xd3\xf4\
B\xba,\xc3\x0b\x84u\xc6+a\x9ei\x14\x0d?\xcc\
\xff.{XP\x5c%\x04\xa0\x00(\xc1\x88D\xcc&\
 \xde\xf9\xf4\xf2\xca\x94T\xb6\xc3\xba\xf9\xa9G\x14\x8f\
\xbe\x14\xbc\x22E\x0a\x88\xea\x90]\xa5\xf1\xf6\xa6z\xe2\
!\x80\x22\x89\x86dA\xc0\x82\x04\xd4\x88$~vj\
\x12B* `6\x01\xd9\xd5\x00\xdc\xc9\x84\x15\xc0\xec\
\xda\xca\x9d\xdf\xd9}\x03\xd2+4&\xaf\x90\x1b\x0e\x22\
\xfc\x03\x01\x97\x13\x80\x02\xe0\xf2\x07\xc0\xce\xc5\xdfS\xdb\
D\xb3\xd6\xc8Y\x01F\x8b\x06'$7\xd9\xdc\xce\xc8\
,+\xfb\x85\x92\xc32\xabv7\xd0\xe2\xedp\xffg\
\xd9\x8a\x85`E!\xa0*Q(\x00\xaaH\x22\x9d\x92\
\x10x\xe6\x0b9\x05 \x12\xf0\xd0\x99\xd8\x1f\xa0$u\
\xd6:S\xf6\xd2\xd8\xb7\x9d\x9c6\xf6\xc2r\xb9\xfao\
-\x03\xceA\xc0\x8d\x04\xa0\x00\xb8\xb1\xd6\x1dT\xe6\xf5\
U\x8d\xf4\xf16\xb9\x1e\xe0\xb8\xfe\x98\x0ch\x85Ga\
\x5c\x7f9\xc7?l\x01zE\xd2)\x94\x15\xca\x0d\x19\
@@\x8e\x80\xbaXP\x00\xd4\xb1DJ%\x220Y\
r2\xe0\xa1\x07\xf9\xa8_;\xfc\x04JTmZ\xb6\
aa\x89a\xd7\xbf\xda\x89\xce?\xb2\xc3?:\xb3A\
p\x10p,\x01\xbc\xfd\x1c[\xb5\xee)\xd8;\x9b\xea\
\xa4g\x81_0\xa8\xcc=\xa0,XR\xb6\xc2\xf0\x0a\
\x00\x19\xd1\xa6\xaf\x81\xe3\x1f\x19n\x88co\x02*\xa5\
\x87\x02\xa0\x92&\xd2*\x09\x01^\x07\xfe\xe2\x0a\xb9\xc6\
`\x8c0?\xf3|\x80\x92\x08\x8eLi\x82\xe4\x06M\
<\xec\xb3\x09~\xff\xf1\x04\x81\x80!\x02P\x00\x0c\xe1\
Cd\xab\x10\x98\xbe:E\xb2\x9e\xe0xE\x80U\xca\
\xe1&9N\xec\xee'\xf6\xcc(Sf\xd9a\x1f\x99\
\xbc\x10\x07\x04\xacC@\xad$P\x00\xd4\xf2Dj%\
\x22\xc0\x13\xc2\xde\xd9$\xb7?\xc0\xf9\x031\x19\xb0\x14\
\xd56Q\x92\xfb\xf6D#\xf1\xb0O)dF\x9e \
\xe0$\x02P\x00\x9cT\x9b./\xcb\xd4UrK\xc2\
zVxiXW\xbf\xcb\xe9\x99[\xfc.a/\x9d\
 ,\x002\xb9>\xbf<E<\xec#\x13\x17q@\
\xc0\xce\x04T\xcb\x0e\x05@5Q\xa4W2\x02\x1fm\
\xad\xa7M1\xb9\xfd\x01d\xdd\xd0\x96\xac\xb06\xcf\xf8\
\xfc\x81\x01\xa9]\x19k\xc58\xcfLL\xfe\xb3y\xed\
C|\xab\x10\x80\x02`\x95\x9a\x80\x1cJ\x08L\x91\x5c\
\x12xJ\xcf\x00u\x08\xb1\x93`%b \x91\x1c\x04\
x\xd6\xff\xf8\x01r\xc3.\xaf\xae\xad\xa3x\x1d\xef\x04\
\x91#\x03\xdc\x02\x01G\x12P_((\x00\xea\x99\x22\
\xc5\x12\x12\x98!z\x87u\x12F\x00\xde\x85\x0es\x01\
\xcc\xa9\xb8Q}\x02\xc4\xeb\xffI\xe2\xdfK\x92\xab=\
$\xb2B\x14\x10p<\x01(\x00\x8e\xafbw\x150\
!z\x87\xb3\xd7\xc9-\x09\x1c\xdb?\xe0.X%*\
\xad\xecFL\x8b\xb7\xd5\xd3\xba*9\xaf\x8f%**\
\xb2\x05\x01e\x04\x8a\x91\x10\x14\x80bPE\x9a%%\
0y\x85\xdcd\xc0\x0e!/\x8d<\x18J@1+\
\x8f\xfd\xfe\x0fl/\xe7\xf7\x7f\xca*9\xc5\xae\x98\xe5\
A\xda `g\x02P\x00\xec\x5c{\x90=+\x81\x95\
\xbb\x1bh\xd9Wr=E\x0c\x03dE\xaa\xec\xe2D\
I\xc7?\xbb\x92\x8d\xf4\xd6F(\x00\xca*\x02\x09\xd9\
\x8c@q\xc4\x85\x02P\x1c\xaeH\xb5\xc4\x04^\x96\x9c\
\x0cxTg\x1f\xc9\xeeLW\xe2\x22[>\xfb\x8a\xa0\
\x87F\xf6\x96\xb3\xb0L\x15\xbd\xff\x06\xcc\xfd\xb3|\x1d\
C@{\x11\x80\x02`\xaf\xfa\x82\xb4\x05\x12\xe0\xd9\xe2\
\xb1\x94\x5c\x8b\xc1K\xd4\x0a\xcc\x06\xc1t\x10\x9800\
H>\xc9\x85\x16S%}<\xe8\x10\x0fAA\xc0\xb2\
\x04\x8a%\x18\x14\x80b\x91E\xba%' \xbbY\xcc\
9}\x03\xd2\xb3\xd4\x09\xff\xda$ \xeb\xf7\xff\x8d\x0d\
u\xf4URN\x99kS\x18\xdc\x00\x01\x10 (\x00\
x\x08\x1cK\x80\x87\x01d\x9a\x8d2\xd1M=\xbb\x8f\
\x9c\xa9\xda\xb10\x0d\x16\xec\x94\x9e~\xeaT.\xf7\xba\
yy%\xc6\xfe\x0d\xe2Gt[\x13(\x9e\xf0r\xbf\
\xc8\xe2\xc9\x83\x94A@\x19\x81\xad\xf1Fz\xffK\xb9\
\xfd\x01d{\xab\xca\x84wXB\x13%\x1d\xff\xf0\xb2\
\xbfO\xb6\xcb\xd5\xa1\xc3\x10\xa28 \xa0\x9c\x00\x14\x00\
\xe5H\x91\xa0\x95\x08\xc8z\x06\xe4\x89\x80<!\xd0J\
e\xb1\xab,=\xa2^:\xb6\x9b\xdc^\x0bp\xfcc\
\xd7Z\x87\xdc\xaa\x08\x143\x1d(\x00\xc5\xa4\x8b\xb4K\
N\x80-\x00[\x84%@F\x10\xd9^\xabL^N\
\x8es\xfe\xa0\xa0\x94\xdf\x7fv\xf9\xfb\x9a\xa4S''\
\xf3D\xd9@@\x15\x01(\x00\xaaH\x22\x1d\xcb\x12\x90\
u 3\xe2`\xde\x1f\x00?\x11#\x15\x1b\xf2{\xe8\
\xbc~r\xf3)^Y[G\xc9z\x99Y\x1cF$\
F\x5c\x10\xb0\x12\x81\xe2\xca\x82\xb7[q\xf9\x22u\x0b\
\x10\x98\xb9:E2\xfb\x03\xf8<D\x13$\x1d\xd7X\
\xa0\xd8\x96\x10\xe1\xec>~\x0a\x0b%@F\x98\x97$\
=:\xca\xe4\x858 \xe0F\x02P\x00\xdcX\xeb.\
+sU\xaa\x89x)\x99L\xb1y\x9b`V\x04d\
\xe2\x22\x0e\xd1\xa5\x87\x96Ia\xe0\xad\x9d7Kn\xed\
,\x95!\x22\x81\x80\x05\x09\x14[$(\x00\xc5&\x8c\
\xf4-A`\xea*\xb9\xa5d\xbc?\xc0\xe9b(\xc0\
\x12\x85\xb0\x99\x10\xc3\xba\xfa\xa9{T\xee\x15#;l\
c3D\x10\x17\x04JJ@\xee\xd7YR\x91\x919\
\x08\xe8'\xb0dG=\xad\xde#\xb1O\xb0\xc8j\xe2\
\xc0\xa0\xf8\x8b\xffz\x09\xf0\xe4?\xbdq8<;\xfd\
\x81\xdf\x7f&\x81\xc3\xdd\x04\x8a_z(\x00\xc5g\x8c\
\x1c,B`\xaa\xa4;\xd9#;a\x7f\x00\xbdU\xd8\
%\xec\xa5\x93\xba\xcb-\xfd\x9b&YOzeDx\
\x10p;\x01(\x00n\x7f\x02\x5cT\xfeW\xd7\xa4(\
)\xb7I a\x7f\x00}\x0f\x0a\xcf\x9d\xf0z\xf4\xc5\
\xe1\xd0\x8dMDS\xa0\x000\x0a\x1c.'`F\xf1\
\xa1\x00\x98A\x19yX\x82\x007\xfes\xd6\xa5\xa4d\
9\xbbO\x80xI\x9bTd\x97E\xe2I\x93\xe3%\
=\xff\xbd\xf7e=\xed\x82\xdf\x7f\x97=1(n\xa9\
\x08@\x01(\x15y\xe4[\x12\x02\xb2K\xcb\xb8\xf1\x1f\
\xddWn={I\x0aZ\xc2LG\x1e\x1c \xde\xfa\
WF\x04Y\xcf\x8d2y!\x0e\x08X\x97\x809\x92\
A\x010\x873r\xb1\x08\x815{\x1a\xe9\x8b\xaf\xe4\
\xc6\x01&\x0e\x84\x02PH5N\x90\x9c4\xc9\x1e\x1b\
\x17l\x81\xdf\xffB\x18#\x0c\x08\xa8 \x00\x05@\x05\
E\xa4a+\x02\x93W\xca\x0d\x03\xf4\xa9\xf4\xd1\xd0\xce\
>[\x95\xd5lay\x0f\x05\x9e4)\x93\xef\x14\xc9\
\xa5\x9a2y!\x0e\x08X\x99\x80Y\xb2A\x010\x8b\
4\xf2\xb1\x0c\x819\xeb\xea\xc48\xb3\xdc\x92@\xd9\xa5\
m\x96)|\x91\x05\x91\xf5\x9c\xc8\x9e\x1ag\xac\x96S\
\xcc\x8a\x5c$$\x0f\x02\x8e%\x00\x05\xc0\xb1U\x8b\x82\
\xb5E\xa0\xa1\x89h\xaado\xf3\xd4\x9e\xbc?\x80\xa7\
\xad\xa4]}= \xde&<YR\x06\xc2\xdcu)\
\xaaN\x89\x8a\x91\x89\x8c8 \xe0(\x02\xe6\x15F\xfc\
d\xcd\xcb\x0c9\x81\x80U\x08\xb0\xb9\x99\x15\x01\xbd\xf2\
\xf0\xd2\xb6\xf3\x07\xca\xb9\xb7\xd5\x9b\x97\xdd\xc2\x9f\xd5'\
@\xe1\x80\x9cr\xf4\xd2J9O\x8d\x84\x7f \x00\x02\
\xd2\x04\xa0\x00H\xa3CD;\x13\xd8\x95l\xa4\xd9b\
(@\xa6\x0cc\xfbc2`6n\x13%\x15\xa3\xa5\
;\x1bh\xc5.\xb9\x89\x99\xd9\xe4\xc05\x10\xb03\x01\
3e\x87\x02`&m\xe4e)\x02\xb2c\xce\x1dB\
\x1e\x1a\xd1\x0bJ@\xcb\xca\x1c\xdc\xd1G\x83:\xc8\xbd\
N^\x96\x9c\x94\xd92\x7f|\x07\x01\x10\xd0O@\xee\
\x17\xab?\x1f\xc4\x00\x01\xcb\x11\xf8lG\x03m\x94\xdc\
qn\x1c\xac\x00\xfb\xd5\xe7\xa4Ar\xfb%\xf0\xb8\xff\
\xeb\xeba\xfe\xdf\x0f&N\x5cL\xc0\xdc\xa2C\x010\
\x977r\xb3\x18\x81\xc9+\xe4f\x9e\x1f\xdb\xcdO]\
\xc3r\xe3\xdd\x16C`X\x1c#;&\xbe,\xc6\xfe\
e\xe6b\x18\x16\x1a\x09\x80\x00\x08\x10\x14\x00<\x04\xae\
&\xf0\xea\xda:\xe2%hz!p\xd3?Ar\xcc\
[o^V\x0f?q`\x80\xd8\xfd\xaf^9\xb9\xe1\
\x97\xf5\xc9\xa07/\x84\x07\x01;\x100[F(\x00\
f\x13G~\x96\x22\x10\xafk\xa29\xeb\xe4\xac\x00p\
\x0d\x9c\xaeJ\xd9\xe1\x90\xb76\xca\xfbcH\xe7\x8c\xbf\
 \x00\x02F\x08@\x010B\x0fq\x1dA`\xb20\
C\xcb\x14\x84'\x03\x8e\xea\xe3\xee\xc9\x80\xbc\xf4\x8f\x87\
\x00d\xf8\xc9\xee\xcb \x93\x17\xe2\x80\x80\xf5\x09\x98/\
!\x14\x00\xf3\x99#G\x8b\x11\xe0%h\xbc\x14MF\
\xac\x89\x03\xdc\xad\x00\x5c|\xa8\xdc\xe4\xbf\x95\xbb\x1b\x88\
'a\xca0G\x1c\x10\x00\x015\x04\xa0\x00\xa8\xe1\x88\
TlN`\xb2\xe4R\xb4#:\xf9iP\x07w\xee\
\x0fpxG\x1f\x0dl/W\xf6\x17W`\xe6\xbf\xcd\
\x7f2\x10_1\x81R$\x07\x05\xa0\x14\xd4\x91\xa7\xe5\
\x08\xbc\xb1^~<\xfa\xfc\x81\xee\xb4\x02L\x92\xdc\xf5\
\x8f\x97\xfe\xb1\xeb_\xcb=\x04\x10\x08\x04\x5cF\x00\x0a\
\x80\xcb*\x1c\xc5\xcdN\x80g\xa4\xcb\xee\x0fpn\xbf\
 U\x04y]\x00\xb9\xe6\x9f\x91\xf9\x0fS\x84\xb5E\
f\xe5\x85k\xe0\xa2\xa0.$P\x9a\xcd\xc2R\xe6\x00\
\x00\x10\x00IDAT\x22C\x01(\x0dw\xe4jA\
\x02SW\xa5\xa8Qr?\x9a1\xfd\xdce\x05\x18#\
\x94\x1e\x99*d\xbe\xf0\xfb/C\x0eq@@=\x01\
(\x00\xea\x99\x22E\x9b\x12\xf8*\xd9D\xef}Y/\
%\xfdDa\x0ew\x8b\x0d\x80\xcb)\xbb\x1f\xc2\xfb\x82\
/\xef\xc3 \x05\x19\x91@\xc0\xa1\x04JU,(\x00\
\xa5\x22\x8f|-I`\xaa0O\xcb\x08\xd65\xe2\xa5\
\x93z\xf8e\xa2\xda.\xce\xf1\xec\x05Q\x94WF\xf0\
i\xc2\xca\x22\x13\x0fq@\x00\x04\xd4\x13\x80\x02\xa0\x9e\
)R\xb41\x81\x05[\xeaikBn\x1c\x80\xad\x00\
6.z\xc1\xa2O\x10\xd6\x8e\x82\x03\xb7\x08\xb8-\xd1\
Hl\x01hq\x09_A\x00\x04\xa8t\x08\xa0\x00\x94\
\x8e=r\xb6 \x01n\xfa\xa7\xae\xac\x95\x92\x8c{\xc6\
\xdd\xa3\xce\xfeIu*\xf7\xd2\xc9\x92\x96\x8e\xa9\xab\xea\
\x88\xf9J\xc1E$\x10\x00\x01\xe5\x04\x9c\xfd\xb6R\x8e\
\x0b\x09\xba\x81\xc0\xb4\xd5u\xc4\xab\x02d\xca:q\x80\
\x9cc\x1c\x99\xbcJ\x11g\xbcd\xf9\x98\xe7T\x98\xff\
KQe\xc8\xd3\xe2\x04J)\x1e\x14\x80R\xd2G\xde\
\x96$\xc0\xeb\xd4\xdf\xd8 \xe7\xa8\x86'\xc7\x05\x1c\xfa\
\xab\xe2\x0d\x7f\xc6\xf6\x97\x9b\xe70w}\x1d1WK\
V8\x84\x02\x01\x97\x12p\xe8\xab\xca\xa5\xb5\x89b+\
# \xbbMp8\xe0\xa13{;sI\xe0i\xbd\
\x02$\xeb\xf7\xff\xf9/\xe46\x5cRV\xa1H\x08\x04\
,I\xa0\xb4BA\x01(-\x7f\xe4nQ\x02\xbc7\
\x00\xef\x11 #\x9e\xec$9\x99\xbc\xcc\x8c3Q\xd2\
\xe3\xe1\xb2\xaf\x1a\x88}\xff\x9b)+\xf2\x02\x01\x10\xc8\
O\x00\x0a@~F\x08\xe1R\x02/\xae\x90\xeb\xb5\x1e\
v\x90\x8f\x06H\xfa\xc8\xb7*\xea>\x95>\x1a\xd2Y\
\xce\xfc/\xcb\xd1\xaa, \x17\x08\xa8\x22P\xeat\xa0\
\x00\x94\xba\x06\x90\xbfe\x09\xbc.\xc6\xad\x13ur\xf3\
\xd6e{\xcbV\x85q\xc1 \xb9a\x0d\x1e\xf7\xe7}\
\x16\xacZ.\xc8\x05\x02n&\x00\x05\xc0\xcd\xb5\x8f\xb2\
\xe7$\xc0\xfe\xea\xa7\xad\x96\xb3\x02\x8c\xea\x13\xa4\x90\xdc\
Fy9e*\xc5\xcd\xb0\xdfCg\xf5\x91S\x00\xa6\
\xacJI\xaf\xa8(EY\x91'\x08\x98G\xa0\xf49\
yK/\x02$\x00\x01\xeb\x12\x98\xbc\xb2Nj\xed:\
7\xfe\xe7H\xfa\xcb\xb7\x1a\x8dq\x03\x82\x14\x12J\x80\
^\xb94\xbf\xff+\xe4VS\xe8\xcd\x0b\xe1A\x00\x04\
\xf4\x13\xf0\xea\x8f\x82\x18 \xe0\x1e\x02[\xe3\x8d\xb4p\
K\x83T\x81'\x88\x86S*\xa2\x85\x22y=D\xb2\
\xe6\xff\xf9\x9b\xe5\xb7X\xb6\x10\x02\x88\x02\x02E!`\
\x85D\xa1\x00X\xa1\x16 \x83\xa5\x09L\x96\xf4\x0c\xd8\
\xaf\x9d\x97xB\xa0\xa5\x0b\x97G\xb8\x93\xba\x07\xa8s\
X\xee5\xf1\xb2\xb0\x9e\xe4I\x1e\xb7A\x00\x04JH\
@\xee\x97]B\x81\x915\x08\x98M\x80\xfd\xd7\xb3\x1f\
{\x99|'H\xfa\xcd\x97\xc9\xab\x18q&J.\xfd\
\xdbT\xddH\x1fm\x95\xdbY\xb1\x18\xe5@\x9a `\
-\x02\xd6\x90\x06\x0a\x805\xea\x01RX\x98\x00\x8fe\
\xbf,\xb9K ;\x05b\xe7@\x16.^\x9b\xa2\xf5\
\x88ziX7\xb9\xa5\x7f<\xf9\xaf\xcd\x84q\x03\x04\
@\xc0\x12\x04\xa0\x00X\xa2\x1a \x84\xd5\x09L_]\
G\xbc*@\xaf\x9c\xec\x16xL?\xb9\x19\xf4z\xf3\
R\x1d\x9ew7\xf4H$\xca\x9cf\xac\xc1\xe4?\x09\
t\x88\xe2\x12\x02V)&\x14\x00\xab\xd4\x04\xe4\xb04\
\x01^\xcf>g\x9d\x5c\xa3\xc6\x93\x01e\x1a\xd2R\x02\
1\xa2\xb8\xf0>\x0a\xb2\xfe\x13JYf\xe4\x0d\x02n\
#\x00\x05\xc0m5\x8e\xf2J\x13\x90\xf5h\xd7\xb3\xc2\
K\xc7v\x953\xa5K\x0bk0\xe2\x99}\x82$;\
t1u\x95\x9c\xa2dPdD\x07\x01\x9b\x10\xb0\x8e\
\x98P\x00\xacS\x17\x90\xc4\xe2\x04V\xedn \xde#\
@F\xcc\xf3\x07\x05e\xa2\x95,\xce$\xc9\xc9\x7f\xeb\
\xaa\x1ah\xc9\x0eL\xfe+Y\xc5!c\x10\xd0A\x00\
\x0a\x80\x0eX\x08\x0a\x02S$'\x03\x9e\xd4\xddO]\
#\xf6\xf8\xb9\x0d\xee\xe8\xa3A\x1d|R\x95\xfd\x22\x1c\
\xffHqC$\xf7\x10\xb0RI\xed\xf1F\xb2\x121\
\xc8\xe2j\x02\xb2\xe3\xdb\xecPgl\x7f{L\x06\x94\
\xb5V\xf0\xb8\xffl\xc9y\x12\xae~\xa8Px\x10(\
\x11\x01(\x00%\x02\x8fl\xedI\x80g\xb8O]-\
7\xc6=\xae\xbf\xf5\x87\x01\xda\x97yhTo9E\
e\xd6\xda:J\xd6\xcbm\x9ed\xcf\xa7\x01R\x83\x80\
^\x02\xd6\x0a\x0f\x05\xc0Z\xf5\x01il@`\xda*\
\xb9\x0d\x82\xda\x89\xc6\xf5\x0c\xc9\xc6\xd5,,c\x0d(\
)\xb2\xc3#f\x95\x0d\xf9\x80\x00\x08\xecO\x00\x0a\xc0\
\xfe<p\x06\x02y\x09l\x8e5\xd2\x82-r\x13\xdd\
\xce\xb7\xb0g@\x1e\xa6\x98$\xb9\xed\xef\xa2m\x0d\xb4\
\xa1\xba1/;\x04\x00\x017\x13\xb0Z\xd9\xa1\x00X\
\xadF \x8f-\x08\xc8z\x06<\xb2\x93\x8f\xfa\xb6\x93\
\x9b`Wl0\xa7\xf4\x0cP\x87\x90\xdc+a\xf2\x0a\
9\xabH\xb1\xcb\x84\xf4A\x00\x04\xda& \xf7ko\
;=\xdc\x01\x01W\x10xos=\xf1N\x812\x85\
\x9d$\xb9\xc4N&/=q\xd8\xf3\x9f\x9e\xf0\x99\xb0\
\xbb\x92\x8d\xc4;\xffe\xce\xf1\x09\x02 \x90\x8d\x80\xf5\
\xaeA\x01\xb0^\x9d@\x22\x1b\x10\xe0\xa9n\xb2\xfe\xee\
\xcf\xea\x13\x90v\xb2CE\xfa\xc7~\xff\x8f\xe9\x22g\
\x99xiE\x1d\xf1~\x09E\x12\x0d\xc9\x82\x00\x08\x14\
\x89\x00\x14\x80\x22\x81E\xb2\xce'0Cr5@\xc8\
\xef\xa1\xd1}\xe5f\xda\x17\x8b\xea\x05\x06\x1c\x15M[\
\x0d\xf3\x7f\xb1\xea\x05\xe9:\x87\x80\x15K\x02\x05\xc0\x8a\
\xb5\x02\x99lA\xa0*\xd5D\xafI\xae{\x9fd\xa1\
\xc9\x80\xac\x90\x9c'\xb9a\x11\xaf\xfb\xdfS\xcb\xf6\x10\
[T\x19\x84\x04\x01\x10hA\x00\x0a@\x0b\x18\xf8\x0a\
\x02z\x09\xc8.}\xe3\xfd\x01\x8e\x964\xb9\xeb\x951\
_\xf8\xb3\xfb\xf8\x89\x95\x00\x92\xf8';\x19R\x22+\
D\x01\x01\x1b\x13\xb0\xa6\xe8P\x00\xacY/\x90\xca&\
\x04xo\x80\xb5{\x1a\xa4\xa4\x9dd\xc0\xec.\x95a\
\x1b\x91d\xe5X\xb1K~o\x846D\xc1e\x10\x00\
\x01\x13\x09@\x010\x116\xb2r&\x81\xe7\x96\xcb\x8d\
\x81\x9f\xda3@]\xc3\xa5\xdd(\xf8\x88\x8e>\xeaS\
)9\xf9o\xa5\x9cGDg>\x05(\x15\x08\xb4M\
\xc0\xaaw\xa0\x00X\xb5f \x97m\x08\xccYWG\
\xec\x07_F\xe0\xf3Kl\x05\x98(\x99?\x97w\xee\
:9\xc5G\x86\x13\xe2\x80\x00\x08\xa8'\x00\x05@=\
S\xa4\xe82\x02\xbc?\xc0\x8c5r\xbd\xe11\xfd\x82\
T\xe6+\x8d\x15\xa02(\xef\xf7\x7f\xea\xaa\x14q\xb9\
]V\xd5(.\x08H\x10\xb0n\x14(\x00\xd6\xad\x1b\
Hf#\x02\xb2>\x01\xa2\xa2\x11>\xa7DK\x02\xc7\
\x0d\x90\xdb\x9c\x88\xe7\xfcO\x86\xf9\xdfFO'D\x05\
\x81\xec\x04\xa0\x00d\xe7\x82\xab \xa0\x8b\xc0\xa6\xeaF\
Z\xb8Uv\x7f\x80\x80\xae\xbcT\x05\x9e0@.\xdf\
\xf7\xbf\xac\xa7m\x09\xf8\xfdWU\x0fH\xc7\xd9\x04\xac\
\x5c:(\x00V\xae\x1d\xc8f+\x02\xd3V\xc9\x0d\x03\
\xf0\xde\x00Gu\x96\x9b\x88'\x0bhD\xaf\x00u\x0e\
\xcb\xfd\xfc_\x82\xdf\x7fY\xec\x88\x07\x02\x96\x22 \xf7\
\x06\xb0T\x11 \x0c\x08X\x83\xc0;\x9b\xeaH\xd6)\
\xceDIs\xbcl\xc9/<D\xce\xfc\xbf\xae\xaa\x91\
>\x94\xdc\x09QVV\xc4\x03\x01\xfb\x12\xb0\xb6\xe4P\
\x00\xac]?\x90\xceF\x04\x1a\xc4\xe0\xb8\xac[\xdc\x11\
\x07\x07\xa8]\x999\x93\x01\xfb\xb7\xf3\x12\xefJ(\x83\
\xf6E\xf4\xfee\xb0!\x0e\x08X\x92\x80\xd7\x92RA\
(\x10\xb0)\x81\xe9\xab\xe4\x96\xc6\xf1B\x00\xb3&\x03\
~\xfd\xf02)\xba5\xf5D\xaf\xad\x95\x1b\xe6\x90\xca\
\x10\x91@\xc0\xe6\x04\xac.>\x14\x00\xab\xd7\x10\xe4\xb3\
\x15\x81\xad\x89&zg\x93h)%\xa4\xe6\xfd\x01\x8a\
m\x03\xa8\x08z\xe8tam\x90\x10O4\xfe)\xaa\
e3\x87Ld\xc4\x01\x01\x10\xb0\x1c\x01(\x00\x96\xab\
\x12\x08dw\x02\x93W\xcaY\x01\xbaF\xbctlW\
\x7fQ\x8b?a`\x90\xd8\xda \x93\xc9\xcb\x92\x93\x1c\
e\xf2B\x1c\x10\xb0?\x01\xeb\x97\x00\x0a\x80\xf5\xeb\x08\
\x12\xda\x8c\xc0G[\xebiC\xb5\xdc29\xd9\xb5\xf9\
\x85\x22\x1a\xdf_n\xe9\x9f\x91=\x0f\x0a\x95\x0d\xe1@\
\x00\x04\xcc%\x00\x05\xc0\x5c\xde\xc8\xcd%\x04\xa6I\xce\
\x058\xb5\xa7\x9f:\x84\x8a3\x10pjO\xf9\xa5\x7f\
\x98\xfc\xe7\x92\x07\x17\xc5TF\xc0\x0e\x09A\x01\xb0C\
-AF\xdb\x11xEr\xb2\x9cW\xb4\xfdc\xfa\xcb\
-\xd1\xcb\x07Iv\xdf\x81\xed\x89Fz}=&\xff\
\xe5\xe3\x8b\xfb `7\x02P\x00\xecVc\x90\xd7\x16\
\x04\xaaSM4{\x9d\x5c\xa39\xb6_\xdbf\xfa\xb0\
\xdfC\x1d\xcb=tp\x85\x97\x0e\xe9\xe0\xa3!\x9d\xfd\
\xda'\x9f\xf3\xf5p@h\x10Y\x08\xf1\xfdc\xba\xc8\
9\x1b\x92\x9d\xd3\x90E\x0c\x5c\x02\x01\x97\x10\xb0G1\
\xa1\x00\xd8\xa3\x9e \xa5\x0d\x09L10\x19p\x8c\x18\
\xab\xef\xd7\xceK\xa3\xfb\x06\xe8G\xc7\x84\xe8\x1f\xa3\x22\
4\xe7\x92J\x9azA\x05=;\xbe\x82\x1e=/J\
\x0f\x9c\x1d\xa1\xbf\x9e\x11\xd6>\xf9\x9c\xafO\x9dT\xa1\
\x85{P\xdc\xfb\xe9\xf1\xe54q`\x90\x0e=\xc8G\
\xe7\x19\xb0*\xccX-\xa7\xc8\xd8\xb0\xca 2\x08\xb8\
\x8a\x00\x14\x00WU7\x0ak&\x81%;\x1bhm\
\x95\xdcd\xc0\x1b\x8f+\xa7\x87GG\xe9\xa6\x13\xcai\
\xd2\xa0 \x1d\xdeQ_\xef}\x90\xb0\x0e\x9c',\x09\
\xd7\x1d\x1b\xa2\x7f\x9e\x15\xa1K\x0f\x95\x1bV\x98#L\
\xffU\xc2\x9aa&7\xe4\x05\x02v'`\x17\xf9\xa1\
\x00\xd8\xa5\xa6 \xa7-\x09<\xbb\xac\xd6\x96rg\x84\
~\x19\xbb\xfeeP\xe0\x13\x04\x1cG\x00\x0a\x80\xe3\xaa\
\x14\x05\xb2\x12\x01\x9e\x0c\xc8\x93\xe8\xac$S\xa1\xb2\xac\
\xd8\xd5@Kv\xc895*4\x0f\x84\x03\x01\xe7\x11\
\xb0O\x89\xa0\x00\xd8\xa7\xae \xa9M\x09L\xb7\xe9\x18\
:&\xff\xd9\xf4\x81\x83\xd8 P \x01(\x00\x05\x82\
B0\x10\x90%0c\x8d\x9cg@\xd9\xfcT\xc4\x8b\
\xd75\xd1\xdc\xf5\xe8\xfd\xab`\x894\xdcE\xc0N\xa5\
\x85\x02`\xa7\xda\x82\xac\xb6$\xe0\xf7zhK\x5cn\
2`\xa9\x0a\xfcU\xb2\x89\x82\xde\xa6Re\x8f|A\
\x00\x04L \x00\x05\xc0\x04\xc8\xc8\xc2\xbd\x04F\x1e\x1c\
\xa0\x7f\x8f\x8eR\xb7\x88\xbd~j\xec7\xe0\x91\xf3*\
h\xb0\xce\xd5\x07\x84\x7f \xe0j\x02\xf6*\xbc\xbd\xde\
J\xf6b\x0bi]L\xa0\xcc\xe7\xa1\x9bO(\xa7[\
N.\xa7\xf2\xe2\xee\xefS4\xca\x07\x85<t\xdf\xa8\
\x08]vxY\xd1\xf2@\xc2 \x00\x02\xa5#\x00\x05\
\xa0t\xec\x91\xb3C\x09\xb4+\xf3\xd0\xdf\xce\x8c\xd09\
}\xdb\xf6\xe8g\xa7\xa2_uT\x19\xfd\xe1\xd40\x05\
\xf0\xb6\xb0S\xb5A\xd6\x12\x10\xb0[\x96\xf8I\xdb\xad\
\xc6 \xaf\xa5\x09t\x8fz\xe9\x81\xb3\x224\xa8\x83\xb3\
~Z\xc3{\xf8\xe9/#\xc3\x14i\xc3\xd5\xb0\xa5+\
\x05\xc2\x81\x00\x08d%\xe0\xac\xb7T\xd6\x22\xe2\x22\x08\
\x98C\x80}\xf3?(\x1a\xff\xae6\x1b\xef/\x94\xce\
\x11\x9d\xfcbH L\x9d\xca\xf1\xda \xfc\x03\x81\x03\
\x08\xd8\xef\x02~\xc9\xf6\xab3HlA\x02\xbd+\xbd\
t\xb7\xe8!G\x83\xd97\xe3\xb1\xa0\xc8R\x22\xf5\xa9\
\xf4\xd1_\xce\x08S\xa5\xc3\xcb)\x05\x07\x91@\xc0f\
\x04\xa0\x00\xd8\xac\xc2 \xae\xf5\x08\xf4\x14f\xff{\xcf\
\x88\x14\xd5<\xbe\xec\xab\x06zaE\x8a\xee[\x94\xa4\
\xdf\xbeSC\xd7\xcc\x8e\xd3\xa5Sc4\xea\xd9*\xfa\
\xfa\xb4\x18];'N\xb7\xce\xaf\xa1\xfb\xc5\xfd\xc9\x22\
\xdc\xca\xdd\x0dE\x03\xd5K\x94\xf7\x8e\xd3\xc3\xc4;\x13\
\x16-\x13$\x0c\x026#`Gq\xa1\x00\xd8\xb1\xd6\
 \xb3e\x08t\x08y\x88\xc7\xc6y\xe2\x9fJ\xa1\xb6\
\xc6\x1b\xe9\xe1O\x92t\xfd\xebq\xad\x91\xe7\x06\xff\x9f\
\xcd\x8d\xfb\xdb\x9b\xea\x88\x15\x82\x1d5i\xdf\x02\xdb\x12\
\x8d\xb4tg\x03\xcd\xdbXG/\x8a\xc6\x9f\x95\x84\xef\
\xbd\x1a\xa7\xb1/V\xd3O\xdf\x88\xd3\xe3Kjiw\
\xad\xda5\xfd<\xdc\xf1\xc7S\xcbU\x16\x19i\x81\x00\
\x08\x98L\x00\x0a\x80\xc9\xc0\x91\x9d\xb3\x08\xfc\xe2\xc4r\
\xea\x1cV\xf73\xda\x1ck\xa4\xbb\x17\xd4\xd07f\xc4\
\xe8\x7f\xcbR\xf4\xe9v\xf9\x9e|\xb2\xbe\x89\x16mk\
\xa0\xc7\x84\x02\xc0V\x02V \xd8\xc1\x8f\xaa\x1a\x18\xda\
\xc5OW\x0f\xc1\x12AU<\x91\x8e\x9d\x09\xd8Sv\
uo.{\x96\x1fR\x83\x804\x81\x0b\x07\x05iX\
W5\x8b\xfc\xf7\x88\x1e\xfa\x1d\x1f\xa4\x1b\xfe\x99k\xea\
\xa8Am\x87\x9dR\x22A\x1eB\xb8xJ\xb56L\
PS/]\xec\xfd\x22^zX\x19\x0d\xe9\xac\x86\xc1\
~\x09\xe3\x04\x04@\xa0\xe8\x04\xa0\x00\x14\x1d12p\
\x22\x81\xbe\x95^\xbazhHI\xd1^__G\xff\
73F\xaf\xae\xadS\x92^\xbeDx\x98\xe0\xfff\
V\xd3b\x03\xd6\x85\x96y\xb0\xb3\xa30\x96\x07\xb6D\
\x82\xef.#`\xd7\xe2B\x01\xb0k\xcdA\xee\x92\x12\
\xb8Y\x98\xfe\xfd\x06\x7f=\xdc\xeb\xff\xdd\xfc\x1a\xfa\xe3\
{5T\x9dR\xdc\xe5\xcfCggM\x13\xdd\xf0z\
\x9c\xee]\x98\xd4\xac\x03y\x82\xe7\xbc\xcd\x1e\x03\x7ft\
\x8c\x1ae(gF\xb8\x09\x02 \xa0\x94\x80\xc1W\x98\
RY\x90\x18\x08\xd8\x82\xc0\xb9\xfd\x82\xc4\x93\xe0\x8c\x08\
\xbb\xa9\xba\x91\xbe\xf3J\x8c\xde\xdahN\xaf\xbf-Y\
\xa7\xaeJ\xd1\x0fg\xc7iW\xd2\x98\x022\xbao\x80\
\x8e\xec\xe4k+\x1b\x5c\x07\x01\x07\x13\xb0o\xd1\xa0\x00\
\xd8\xb7\xee y\x09\x08\x84\xfc\x1e\xfa\xae\xc1\x89o+\
v5\xd0\x8f\xe6\xc4I\xe5\x84<#(\xd6\xeci\xa4\
k\x84<\xbc\xf2\xc0H:7\x1e_N>\x8f\xb3\xfd\
 \x18\xe1\x83\xb8 `5\x02P\x00\xacV#\x90\xc7\
\xd2\x04\xae\x18\x5cF\xed\xcb\xe4\x1b\xb9\x8f\xb75\xd0\xf5\
s\xe3Te\xb2\xc9?\x1fTn\xfcY\x09X[\x95\
^Z\x98/|\xb6\xfb\xbd+\xbc4q\xa03\xf6?\
\xc8V>\x5c\x03\x81l\x04\xec|\x0d\x0a\x80\x9dk\x0f\
\xb2\x9bJ\x80\xbd\xfc]0H\xbe\x81\xe3\x9e\xf6\xcf\xe7\
\xc5))\xbf\xb2\xaf\xa8\xe5\xe5a\x80\x9f\xbe\x91\x10\xc3\
\x01\xf2J\xc0e\x87\x07\x85\x15\xa0\xa8b\x22q\x10\x00\
\x01E\x04\xa0\x00(\x02\x89d\x9cO\xe0\xa2C\x82\xc4\
\xdb\xfc\xca\x944^\xd7D\xbfz;Au\xf2m\xab\
L\xb6\xba\xe3\xecJ6\xd2o\xe7'\xa5\x97!v\x08\
y\xe9\xf4\x83\x03\xba\xf3E\x04\x10\xb0'\x01{K\x0d\
\x05\xc0\xde\xf5\x07\xe9M\x22P\xee'\x9a40(\x95\
\x1bO\xafc7\xbdlf\x97J\xc0\xe4HKv\xd4\
\xd3\x83\x1f'\xa5s\xbd`\x90\x1c'\xe9\x0c\x11\x11\x04\
@@\x8a\x00\x14\x00)l\x88\xe46\x02\xe7\xf5\x0b\x12\
\x0f\x01\x90\xc4\xbf\xa7>\xaf\xa5\x85[\x15y\xde\x91\xc8\
_&\x0a\xfb\x0axw\xb3\x9c\xcc\x87w\xf4\x19^%\
!#3\xe2\x80\x80\xd9\x04\xec\x9e\x1f\x14\x00\xbb\xd7 \
\xe47\x85\xc09}\xe5z\xb5\xbc\xbe\xff\xa9\xa5\xb5\xa6\
\xc8\xa8:\x93\x7f,\xe2\xa1\x00\xb6_\xe8Oyt_\
\x0c\x03\xe8\xa7\x86\x18 `.\x01(\x00\xe6\xf2Fn\
6$\xd0\xb3\xc2K\x83:\xc8\xfdT\xd8\x0f\xbfU'\
\xfd\xe5\xab\x8a-\xf1F\x9a\xb9Z\xceO\x01\xcf\x03\x90\
_+\x91O2\xdc\x07\x01+\x10\xb0\xbf\x0cro5\
\xfb\x97\x1b%\x00\x81\x82\x09\x9c!9\xa9\x8d\xc7\xfc\xa7\
\xacL\x15\x9c\x8f\x15\x03>\xba$%\xe5)\x90wI\
\x1c\xd2\xc5o\xc5\x22A&\x10\x00\x81f\x02P\x00\x9a\
A\xe0\x03\x04\xda\x22pZ/\xb9\x86\xec\xb1\xa5)\xe9\
\xd9\xf4m\xc9b\xf6u^\x150e\x95\x9c\x15`D\
O9nf\x97\x11\xf9\x81\x80\x0c\x01'\xc4\x81\x02\xe0\
\x84ZD\x19\x8aF\x80\x97\xfd\x0dl\xef\xd3\x9d~\x83\
\x18:\x7fc\xbd\x5c\xc3\xa9;\xb3\x22G\x98!9\x0c\
p|w(\x00E\xae\x1a$\x0f\x02\x86\x08@\x010\
\x84\x0f\x91\x9dN`pG\xb9\x9f\xc8\xfcMuT\xcb\
Z\x80\x03\x00\xad\xabj\xa0U\xbb\xf5{/\xea\x19\xf5\
R\xc7r\xcc\x04p\xc0#\x80\x22\x1c@\xc0\x19\x17\xe4\
\xden\xce(;J\x01\x02y\x09\x1cv\x90\xfe\xde?\
'\xfa\xc6\x06\xb9%t\x1c\xd7\x8a\xc7\xecur\xe5\x19\
\xd2\x19V\x00+\xd6'd\x02\x01&\x00\x05\x80)\xd8\
\xec\xe8.zVGt\xf2\xd3\xd0\xce>\x1cEf0\
\xac\x9b\xdcr\xb6D]\xc3\xf6<\xbd\x00\x00\x10\x00I\
DAT\x93\xa3\xeafgR\xce\x85\xe1i\xbd\x02\x8e\
\xe2\x80\xdf\xdc\x81\xef\x1c~\x17\xf1;\xc9f\xafQC\
\xe2:%2\x14\x00\x0b\xd7d\xffv^\xfa\xfaaA\
\xba{d\x84\x1e\x1f\x13\xa5i\x17T\xd2\x9cK*\xe9\
\x09\xf1\xfd\xefg\x86\xe9\x9e3\x228\x8a\xcc\xe0\x98.\
r\x16\x80\xdbG8\xab~~yb\xb9\xd4/\xe5\xf4\
^~<\xa3E~FK\xfd\x1e\xe0w\x11\xbf\x93\xf8\
\xdd4\xf5\x82\x0a\xed]u\xd7\xe9a\xba\xf4\xb02\xea\
\xdbN\xee\xf7#\xf5\xb0!\x92n\x02P\x00t#+\
n\x84\xa3D\x8f\xf6\xdacB\xf4\xd4\xb8\x0azht\
\x94\xbe3$D\xdc\x08\xf1x*\xbb\xa3-n\xeeH\
\x1d\x04@\x00\x04\xe4\x09\x84\xfd\x1e\xe2w\xd5\xb1]\xfd\
t\xf5\x902\xfa\xf7\xe8\x88\xd6a\xf9\xc1\xd1!\x07y\
\x87\x94\xe7c\xb5\x98P\x00,R#<\xd3\xfc\x9e\x91\
a\xbaW\xf4\x16\xce\x1f\x14\xa4\xaeaL\x9e\xb2H\xd5\
@\x0c\x10\x00\x01\x03\x04xx\x807\xd2z\xe0\xec\x08\
\xfd\xf1\xd40\xf5\x12C\x98\x06\x92CT\x85\x04\xa0\x00\
(\x84)\x93\xd4A!\x0f\xdd|B9=xN\x84\
\x86\xc2q\x8a\x0cB\xc4\x01\x01\x10\xb0\x09\x81\x93{\xf8\
\xe9?\xe7E\xe8\xbacCT\x11\xb4g'\xc7&\xa8\
\x0b\x12\x13\x0a@A\x98\x8a\x13h\x92\xe8\xe9?16\
J\xe7\xf4\x0d\x10~\x0a\xc5a\x8cTA\x00\x04\xacE\
\xc0\xe7\xf1\xd0\xc4\x81Azbl\x05\x8d\x94\xf4\xb2i\
\xad\x12\xd9W\x1a(\x00%\xa8\xbbp\xc0C\x7f8\xb5\
\x9c~$\xc6\xfa\xd9\xd1L\x09D@\x96 \x00\x02 \
PR\x02\xd1\x00\xd1-'\x97\xd3\xf5\xc3B%\x95C\
_\xe6\xce\x0a\x0d\x05\xc0\xe4\xfad\x1f\xe9\x7f?3B\
\xc3{\x88\xa7\xdf\xe4\xbc\x91\x1d\x08\x80\x00\x08X\x8d\xc0\
\xf8\x01A\xe2U\x03!,\x180\xbdj\xa0\x00\x98\x88\
\x9c\x1b\xff\xbf\x89\xc6\xbf_;`7\x11;\xb2\x02\x01\
\x10\xb08\x01^5\xc0\xcb\x9d\xadn\x11\xb58F\xdd\
\xe2\xa1%\xd2\x8dL.\x02?\xd8w\x9e\x1e\xd1\x96\xc8\
\xc8\xa5\x80X \x00\x02 \xe0\x5c\x02\x87w\xf4iC\
\x02^L\x882\xad\x92\xa1\x00\x98\x84\xfa\xd7'\x87\x88\
\x1d\xfb\x98\x94\x1d\xb2\x01\x01\x10\x00\x01\xdb\x11\xe0U\x02\
\xdf9\xaa\xcc\xa2r;O,(\x00&\xd4\xe9\xd7\x0e\
\x0bb\xcc\xdf\x04\xce\xc8\x02\x04@\xc0\xfe\x04\xd8\x83\xe0\
\xf0\x1e~\xfb\x17\xc4\x06%\x80\x02P\xe4J:\xa2\x93\
\x9f\xbe;\x04\xb3\x5c\x8b\x8c\x19\xc9\x83\x00\x088\x88\xc0\
/O\x0aS\x97\xb0\xb5\x9a'\x07\xe1\xdd[\x14\x10\xde\
\x8bB\xfd\x97\xa0\xcfC\xbf:I\xce\x87\xbazi\x90\
\x22\x08\x80\x00\x08\xd8\x83\x00\xbb=\xff\xd9\xf1\xe88\x15\
\xbb\xb6\xa0\x00\x14\x91\xf07\x06\xabs\xe9[\xdb\xd0D\
\xf37\xd7\xd1C\x9f$\xe9\xce\x0fj\xe8\xe6y\x09\xba\
\xe1\xf58\x0e0\xc03\x80g\xa0\xa4\xcf\x00\xbf\x8b\xee\
\x5c\x90\xa4\x87\xc5\xbb\xe9\xbd/\xe5\xb6\x8d\xce\xf6\x1a\xe6\
\x95\x01\xa3\xfaXe\xb9t6\x09\xed\x7f\x0d\x0a@\x91\
\xea0\x12\xf0\xd0\xa4A\xc6'\xb3|\x95l\xa2?\xbf\
_Cc^\xa8\xa6[\xde\xae\xa1\xa7\x97\xa5\xe8\x95\xb5\
u\xf4\xe1\x96zZ\xbc\xbd\x01\x07\x18\xe0\x19\xc03P\
\xd2g\x80\xdfE\xaf\xacI\xd1\xff\xc4\xbb\xe9Wo%\
\xb4w\xd5]B!\xd8%\xde]F_\xaf\x97\x1d\x16\
4\x9a\x04\xe2\xe7 \x00\x05 \x07\x1c#\xb7\xc6\x0d\x08\
\x12\x9b\xb1\x8c\xa4\xf1\xd8\x92Z\xba|z\x8c^[W\
g$\x19\xc4\x05\x01\x10\x00\x01\xd3\x08\xb0\xb5r\x96P\
\x08\xae\x98\x11\xa3g\xbeH\x19\xca\x97\xb7\x13\x1e\xd6\xb5\
\xf4\x13\x02\x0d\x15\xc2\xc2\x91\xbd\x16\x96\xcd\xb6\xa2y\x84\
\xe4\x13\x07\xc8\x9b\xaev\xd76\xd1us\xe2\xf4\xb8P\
\x00R\xc2\xf4/\x92\xc3\x7f\x10\x00\x01\x10\xb0\x15\x81d\
}\x13\xfdkq\x92nz3A\xf1\xba&i\xd9y\
wT\xe9\xc8\x88\x98\x93\x00\x14\x80\x9cx\xe4n\x1e\xdf\
\xcdO]#rhk\xc4\x10\xda\xf5s\xe3\xb4dg\
\x83\x5c\xe6\x88\x05\x02 \x00\x02\x16\x22\xb0pk=\xfd\
\xf4\x8d\x04\xc9\xf6eN\xea\xee'\xde5\xb5tEr\
n\xcer\xad\x94sy()\x99\x91\x89+\xb7\xbf\x9f\
\xa0\x0d\xd5\x8dJ\xe4@\x22 \x00\x02 `\x05\x02\xcb\
w5\xd0=\x1f&\xa5Da\xcf\x80\xd85P\x0a]\
\xdeHP\x00\xf2\x22\xd2\x1f@v\xccj\xb6\x18\xeb\x7f\
g\x930\x01\xe8\xcf\x121@\x00\x04@\xc0\xd2\x04x\
^\x00O\x18\x94\x11\xf2\xa8\xce\xa5\xdb)HF^\xbb\
\xc4\x81\x02\xa0\xb8\xa6\xd8\xf4\xcf\x9b\xfe\xe8M\x96\xcdc\
\x0f}R\xab7\x1a\xc2\x83\x00\x08\x80\x80m\x08<\xb8\
X\xce\x0a0\xb43&\x02\x16\xa3\x92\xa1\x00(\xa6z\
h\x079M\xf5\xb5\xb5u\xb4\xa3\x06\xa6\x7f\xc5\xd5\x81\
\xe4@\x00\x04,D`\xcd\x9eFZ\xb0E\xbf\x95\xb3\
]\x99\x87d:V\xc6\x8b\xee\xec\x14\xa0\x00(\xae\xdf\
\xde\x95\xbc\x06@\x7f\xa2\xefl\xc2R?\xfd\xd4\x10\x03\
\x04@\xc0n\x04\xe6o\xd6\xaf\x00p\x19\xfbT\xa2\xb9\
b\x0e*\x0f\x10UIS\xa4\xd53*g\x01\xf8h\
\x1bf\xfd\x0b|\xf8\x0f\x02 \xe0p\x02\xefI*\x00\
\xbd*\xe4\xde\xadFp:=.\x14\x00\xc55\x1c\x94\
xF7\xc7\x1a\x89\xd7\xcc*\x16\x05\xc9\x81\x00\x08\x80\
\x80\xe5\x08lK4\x12;\x0b\xd2+X\xe7r4W\
z\x99\xe5\x0b\x0f\xa2\xf9\x08\xe9\xbc\xcfKVtF\xa1\
]\xb5\xf2N2\xf4\xe6\x85\xf0 \x00\x02 Pj\x02\
\x9bc\xfa\xdfy\xe6\xfb\x02(5\xa5\xe2\xe7\x0f\x05@\
1c\x99\x19\x00\xb1\x94\xfe\x1fC\xa1b\x0f\xea\xe0\xa5\
\xef\x0f\x0d\xd1\xdf\xcf\x0c\xd3Sc\xa34\xfd\xc2J\x9a\
s\x09\x0e0\xc03`\xc63\xf0\xe2\xc4\x0a\xfa\xcf\xb9\
Q\xbacD\x98&\x0c\x0cRT\xdeA(9\xe9\xdf\
N\x89\x09\xcfQl\x0b\xa0\xfc\x11\x80\x02\xa0\x18\xa9\xd7\
\xa3_\x05\x90\x88\x92Wj~\xd9<6&J\x0f\x9e\
\x1d\xa5\x8b\x0f\x0d\xd2\x11\x9d\xfc\x9aw\xc2\x90\xc4\x10E\
\xde\xcc\x10\x00\x04@ +\x01\x9e\xbd\xce\x93\xd7\x8e\xeb\
\xe6\xa7\x1f\x1f\x1b\xa2\x97'U\xd2o\x86\x87\xa9_;\
\xb7\xbfz\xf5\xbf'\xbd\xfa\xa3d\xad\x93B/\xba!\
\x9c\xdb\x9fB\xe5u\xdcD\xc5\xeb\xcd\x17\x22\xec\x19\xbd\
\x03\xf4\xfc\x84\x0a\xede\xd3+\x8a\xea-\x84\x19\xc2\x80\
\x80\x99\x04N\xef\xe5\xa7\x87GG\xe9w\xc3\xcb\xa9}\
\x99\xc7\xcc\xac\x91\x17\x08\xecG\x00-\xc4~8\x8c\x9f\
x\xc8c<\x11\xc9\x14.\x1f\x5cF\xbf>\xa9\x1c\xeb\
e%\xf9!\x1a\x08\x98I\xe0\xb4^\x01\xfa\xa7\xb0\xd0\
\xf5\x80\xa2n&\xf6\x02\xf3rG0(\x00\x0e\xa9\xe7\
\xeb\x84y\xf1\xca#\xcb\x1cR\x1a\x14\x03\x04\xdcA\xa0\
k\xd8C\x0f\x08%\xa0/\xd6\xb8\xbb\xa3\xc2-VJ\
(\x00\x8a+\xa4\xb1I\xff\x10\x80D\x94\xfd\xa4\xbe`\
P\x90&\x0e\xc4\x0c\x99\xfd\xa0\xe0\x04\x04lB\x80'\
\x06\xde>\x22L\x15A\x8fa\x89\x83>\x0f\x1d\xd7\xcd\
G\xe3\x07\x04L;\x86\x9a\xe4\xa7\xdf\xe8{R\x0f\x5c\
\xb7\x84\x85\x02\xa0\xb8\xa6\xbd\x123\xfa$\xa2\xec\x95\xfa\
\xd8\xae~\xba\xe6\x98\xd0\xdes|\x01\x01\x10\xb0\x1f\x81\
.a/\xdd:\xbc\x5cZ\xf0\xde\xc2\x82\xf0\xd3\xe3\xcb\
i\xe6\x85\x15t\xc7\x88\x08]?\xac\xdc\xb4\xe3\x9e3\
\x22\xda\xca\xa2\x1f\x1e\x1d\xa2\x83B\xc5kR\x8c\xbc'\
\xa5\xc1:<b\xf1j\xcb\xe1\xe0\xacP<\xa1\xec\x13\
\xff\xe8\xad \x0bd\x00\x01\x100F`h\x17?\x8d\
\xed\xaf\xdf\x927IX\x00\x1f97J\xe7\xf5+\xed\
\x1a\xc3\x0b\x0f\x09\xd2\x13c#\xc4\x93\x1c\x8d\x91(u\
l\xf7\xe4\x0f\x05\xc0\xc6u}\x81\xf8\xc1u\x15c\x88\
6.\x02D\x07\x01\x10hA\xe0\xdbG\x96\x91\x9e\xa5\
\xba\xdc\xf3\xff\x91\x85,\x80e\xa2W\xc2\x9d\x92r\xbf\
\xa7E\xa9\xf0\xd5\xaa\x04\xa0\x00X\xb5f\x0a\x90\xeb\xf2\
\xc31\xe9\xaf\x00L\x08\x02\x02\xb6!\xc0;\xde\xe9\xb1\
\x02\x5cz\x98\xf5\xde\x01\xe1\x80\x87.9T\xbf%\xc3\
*\x95\xe4&9\xa0\x00\xd8\xb4\xb6\xd9\xb1\x88\x8aIC\
6->\xc4\x06\x01\xc7\x12\x18qpa\xa6|\xeem\
\x9f\xdb\xb7\xb0\xb0f\xc3\xfa\xe6\x11\xd6SL\xccf`\
\x87\xfc\xa0\x00\xd8\xa1\x96\xb2\xc8xZO\x7f\x96\xab\xb8\
\x04\x02 `w\x02Gt\xf2Qe\x01+\x02\xcc\x9a\
}/\xcb\x93\x87'd\xe3\x96.\x9e\xbbr\x86\x02`\
\xd3\xfa>\xe4 \x9fM%\x87\xd8 \x00\x02\xb9\x08\xf0\
\xe8\xf9\x91\x9d\xfc\xb9\x82h\xf7:\x96sH\xed\xab%\
\xfft,\xe2\x8a\x00K\x16\xd8\x86BA\x01P\x5ci\
f\xf9\x01hW@\x0f\xa1u\xd1j\xea\x89\x1e\xfd\xac\
\x96nx=\x8e\x03\x0c\xf0\x0c\x14\xf9\x19\xf8\xf5\xdb\x09\
z\xffK\xf1\xa3k\xfdC,\xe0\xbcS\x01\x93{W\
\xecj, \xa5\xd2\x05Y\xb1\xbbAi\xe6f\xf8\x01\
P*\xb0\x0d\x12\x83\x02\xa0\xb8\x92\xcc\xf2\x03\xc0\x93\x85\
\xf4\x8a\xfe\xf4\xb2$\xfdwi--\xde\xde\x80\x03\x0c\
\xf0\x0c\x14\xf9\x19xws=\xfd\xf2\xad\x04\xed\xa9\xd5\
\xef\x1c\xacK8\xff\xaby\xa5\xe2\x06V\xef\xfb$W\
\xf8\x05[\xeaI\xf5.\xa7\xf0\x03\x90\x8b\xb8\xdc\xbd\xfc\
O\x99\x5c\xba\x88Ud\x02\xec\xf1Ko\x16\xbbk\xf5\
\xc6@x\x10\x00\x01\xa3\x04\xb6%\xf4\xf7\xd4\xd9;`\
!\xf9\xfecQ\xb2\x90`\xa6\x87\x99\xb6*ez\x9e\
\xc63t_\x0aP\x00\xdcW\xe7(1\x08\x80\x80C\
\x08\xbc\xb4\x22E\x9f\xefTkj7\x8a\xe6\xedM\xf5\
\xc4\x87\xd1t\x10\xbf\xf8\x04\xa0\x00\x14\x9f1r\x00\x01\
\x10\x00\x81\xa2\x11\xb8\xe5\x9d\x04\xcd]_W\xb4\xf4\xf5\
$<ee\x8a~??\xa1'\x8ae\xc2\xbaQ\x10\
(\x00n\xacu\x94\x19\x04@\xc01\x04v%\x9b\xe8\
O\xef\xd5\xd0\xb5s\x134YX\x04\xb6\xc4\xd3C\x0e\
\x0dMD\xc5>\x1aE\x1e\x9bb\x8d\xf4\xcc\x17)\xba\
jV\x8c\xfe\xf6QR\xcb\xd31p\x1d^\x10(\x00\
\x8a+\xd8\xacU\x002bc\x16\xad\x0c5\xc4\x01\x01\
c\x04D\x1bi,\x81\x02c/\xddQO\xf7-J\
\xd2\xe5\xd3c4\xea\xd9*:\xe7\xb9\xe2\x1fg\x8b<\
\xbe9#F\xffZ\x9c\xa4\xb5Ui\xc5\xa3@qu\
\x07+\xee\xfbK\xb78\x8e\x88\x00\x05@q5\x9a\xb5\
\x0a@Fl\xcc\xa2\x95\xa1\x868 `\x8c\x80\xb5W\
\xeb\x1b+\x9b\x99\xb1\xf1\xfeRO\x1b\x0a\x80z\xa6H\
\x11\x04@\x00\x04@\xc0F\x04\xdc**\x14\x00\xb7\xd6\
<\xca\x0d\x02 \x00\x02 \xe0j\x02P\x00\x5c]\xfd\
(<\x08\x80\x00\x08\xb8\x9d\x80{\xcb\x0f\x05\xc0\xbdu\
\x8f\x92\x83\x00\x08\x80\x00\x08\xb8\x98\x00\x14\x00\xc5\x95\xdf\
Df\xcd\xf9U,8\x92\x03\x01\x10\x00\x01\x17\x12p\
s\x91\xa1\x00(\xae}\x0fy\x14\xa7\x88\xe4@\x00\x04\
@\x00\x04@@=\x01(\x00\xea\x99\x22E\x10\x00\x01\
\x03\x04\xc2\x01\x0f\xf5\x88zipG\x1f\x0d\xea\xe0\xa5\
\xce\x05l\x8cc ;Du5\x01w\x17\x1e\x0a\x80\
\xbb\xeb\x1f\xa5\x07\x81\x92\x11\xe0\x86}L\xff\x00\xfd\xea\
\xa4rz\xe0\xec\x08==.Js.\xa9\xa4\xa9\x93\
*\xe8\xbfc\xa2t\xdf\xa8\x08=xvt\xef\xf5\x97\
\xcf\xaf\xa0G\xcf\x8b\xd2\x9d#\xc2\xf4\xb5\xc3\x82tH\
\x07_\xc9dG\xc6 \xe0\x04\x02P\x00\x9cP\x8b(\
\x03\x08\xd8\x84@E\xd0C\xe3\x07\x04\xf66\xf87\x1e\
WNg\xf6\x0eh\x8d9+\x04\xb9\x8a\x11\x15q\x0f\
\xae\xf0\xd2\xb0n~\xfa\xee\x90\x90\x96\xc6\xf3\x13*\xe8\
\xe6\x13\xca\xe9\xb4^\x81\x5cQq\x0f\x04\xb2\x12p\xfb\
E(\x00n\x7f\x02P~\x100\x81@wa\xd2\xff\
\xe9\xf1\xe54Y\xf4\xe2\xaf\x1fV\xae5\xf8\x99l\x13\
uM\xb4pK=\xcd^WG\xcf}\x91\xd2\xdc\xca\
\xde\xb9 I7\xcfK\xd0\xaf\xdfN\xd0_>\xac\xa1\
\xff|ZK/\xaeH\xd1\x1b\x1b\xea\xe8\xb3\x1d\xfbv\
\xbf\xeb\x10\xf2\xd09}\x03\xf4\xbb\xe1\xe54EX\x0e\
\xae9&D]#\xee~\xad\x95\xf9\x88\xfa\xb6\xf3\x99\
vx1\xed)\xf3(\xdb\xee\xd3\xdd\xbf\x14\xdbU\x97\
1\x81\xe1K\xdb\x18?\xc4\xd6O\xa0R\xf4\xda\x7f&\
\x1a\xfe'\x84I\xff\xbc~\xfbz\xe9\xdb\x13\x8d\xf4\xc4\
\xd2\x14]77A\xe3_\xaa\xa6\x9bDc\x7f\xfb\xfb\
5\xf4\xe0\xe2\xa4\xb6\xb1\xcc+kR\xf4\xa1P\x0a\xde\
\xdd\x5cO3V\xd7\xd1\x93\x9f\xd7\xd2\xfd\x8b\x92\xf4\x87\
wk\xe8\xc7s\xe34\xe6\x85j\xfa\x85\x883}u\
\x8aj\xea\xd3rE\x02\x1e\xba`P\x90\x9e\x1a\x1b\xa5\
\xcb\x0e/K_\xb4\xc0_\xb3\xd6\x05\xf1p\xca=#\
\xc34\xe3\xc2J\xfa\xf7\xe8\x88i\xc7k\x17W\xd2m\
\xa7\x85i\xe4\xc1\xfb\xea\xd7\x02\xd8\x0b\x10\x01A\xa0\x00\
(~\x06\xac\xbc\x19\x10|i+\xael$\x97\x93\x00\
\x9b\xfay,\xff\xdc\x16\x0d?7\xe87\xbd\x99\xa0\xaf\
M\x8b\xd1#\x9f%i\xc9\x8e\xe6\xd6;gJ\x07\xde\
\xacmh\xa2\x0f\x84\x82p\xcf\x87I\xba\xf0\xe5j\xba\
\xf3\x83\x1aZ\xd7b3\x9a\xab\x8e*\xa3\x07\xcf\x8eP\
\xdf\xca\xd2\xbf\xe2\x8a\xddA\x1e\xd2\xd9O\x8f\x0b\x05\x8b\
\x87S\x86v\xf1\x1f\x08\xcb\x84+'v\xf7\xd3-'\
\x97\xd3\xdf\xcf\x0cS\x9f\x221G\x07F}E\x96\xfe\
\xd7\xa1\xbeL%M\xd1+\xd1\xcaJD)i\x19\x91\
9\x08\xe4\x22\xd0\xbb\xc2\xabM\xe0cS?\x8f\xdbs\
\xd8\x05\xa2\xb1\xfe\xc1kq\xcd\xa4\xbfpk\xfeF\xdf\
'Z\xcdA\x1d|\xd43\xea\xcd\xbb\xb0\x96\x95\x81W\
\xd6\xd6\xd1\x95\xb3b\xda\xb6\xb8\x9b\xaa\xd3\xbb\xd2q\xfc\
\x7f\x9f\x1b\xa5+\x06\x07Y\x04G\x1ee~\x0f\xfd\xfa\
\xa4r\x8d\x93\x15\x0axD'?\xfd\xfc\xc4\xf2\xa2\x88\
\xa2\xfa=Y\x14!m\x96\xa8\xd7f\xf2B\x5c\x10\x00\
\x01\x0b\x13\x18-\xc6\xe3\x1f9/\xaa-\xe1c1W\
\xecj\xa4\x1b^\x8f\xd3\xcf\x85\xb9~\xf9\xae}c\xf7\
|/\xdb\xc1\x13\x02\xffuN\x84f^T\xa9\xf5\xe0\
\xb9g;\xed\x82\x0a\xba{dd\xbfy\x03\xd9\xe2\xf2\
\xb5\xb9\xeb\xeb\xe8\x9b3c\xf4\xb7\x8f\x92\xb4\xa76m\
|\xff\xf6\x91!\xadg\xea\xc4\xb9\x01_?,H\x1d\
\xcb\x85\xb6\xc4\x85\xb7\xc8\xc1\xab3\xc6\xf5w\xae\xd2e\
\x11\xccJ\xc4\x80\x02\xa0\x04#\x12\x01\x01\x10\xb8pP\
\x90n:a_\xef\x8f'\xee}\xff\xb5\x18-\xde\x9e\
\xbf\xe1\x0f\x8b\x9e\xec\xefO\x09kK\x02\x07\xb4\xf7\x11\
[\x002DC\xe2\xde1]|t\xffY\x91\x82{\
\xf3SV\xa64E cm\xe0\x9e\xe9\xc3B\xb18\
\xb2\x93/\x93\xac#>\xbf1\xb8\xcc\x92\xe5h9\xec\
cI\x01\x09R1\x01/\xff\xc1\x01\x02 \x00\x02F\
\x08pC\xf4\xc3cBZ\x12\x89\xfa&m\x82\x1eO\
\xdc\xd3.\xe4\xf9\xe3\x15\x1d\xd8\xdf\x9dRN\xa7\xf4\xf4\
k!_\x15\xe6\xfc\xcb\xa6\xc7h\xd4\xb3U\xda\xc1J\
\x04\xcf\xfc\xe7p\xdc\x9bg\x1f\x00Z\xc0<\x7fb\xa9\
&\xe2\xf9\x06\xcf/Oi!\xd9\xc1\xd0\x9fGD4\
\xe7B\xda\x05\x9b\xff\xb1\xb22sxG\x1fu*G\
\xf3b\xf5G\x0c5d\xf5\x1a\x82| `q\x02\x97\
\x1f^F\xdf:2\xdd\x13\xddY\xd3D\xd7\xcd\x89k\
\x13\xf4\x0a\x15{T\xef\x00\x0d\xeb\x9an\xfc\x9f\x5cZ\
Kw|PC[\xe3\xe9q|Nc\x85\x18F\xf8\
\xd9\x9b\x09Z\xb4-mI\xb8\xf2\xa8\x90.\xef\x80\x0f\
|\x9c$\x9e,\xc8i\x95\x8bl\xfe\x22\x86\x13x\x99\
\x1c\x9f\xdb\xf9\xe8\xdf\xce\xda\xd6\x8c\xfe\xed\xbd\x96\xc5\x0b\
\xc1\xd2\x04PCi\x0e\xf8\x0b\x02  A\x80g\xfa\
_yT\xba\xf1\xdfP\xddH\xdc[_\xb3g_\xe3\
]H\x92\x17\x1c\x92\x1e/~gS=\xfd\xe7\xb3\xda\
\xacQR\x0dM\xda\x04\xc2\xddb\x5c\x9f\x87\x07Z.\
)\xcc\x1a\xa1\xd5E^.\xf8\xeb\xb7\x13\xdaU^.\
x\xfbi\xe5\xd4!d\xef\xd7_\xcbU\x0fZ\xc1,\
\xf6g\xed\x9e\xb4\xc2f1\xb1 N\x0b\x02\xf6\xfe\x05\
\xb4(\x88U\xbeZy\x19\xa0U\x18A\x0eg\x10`\
\x134\xcf\xf4\xe7\xd2|\x95L\x9b\xdb\xf9\x93\xcf\x0b=\
x\xec\x9f'\x8dqxv\x04\xc4\x9fm\x1dI1\xb4\
0_(\x09|?c1\xe0\xef\x85\x1e\xbc\x04\xf1O\
\xef\xd5h\xc1\xbb\x84\xbdt\x9bP\x02\xb4\x13\x9b\xfeY\
\xbc=\xffj\x8aR\x15m\xc5\xae\x06\xda\x96HO\xc2\
T%\x83\xbae\x80\xaa$\xb2\x7f:P\x00\x14\xd7\xa1\
Wb\xad\x8aD\x14\xc5R#9\x10\xd0G\xa0]\x99\
\x87n=%\xacE\xe2ex7\xbe\x1e\x17/|}\
=\x7f\x8e\xe8\xc3\x08\xef\x00\x00\x10\x00IDAT\x5c\
!\xd2\xe1O>v\xd4\xe4\x8f\xbf\xae*\xdd\xab\xec\x16\
\xf1p\x14\xdd\x07\xaf\x12\xf8\xd7\xe2\xa4\x16\x8f\x15\x8f\xab\
\x87\xa6\xe7-h\x17l\xf8\xe7\x99e\xd9-&\xa5.\
\xca\xac5u\xcaE\xc0{R9R\x82\x02\xa0\x9e)\
R\x04\x01\xc7\x13\xf8\x9eh8\xdb77\xde\x7f\xfd0\
I\xeb\x85\xf9_\xa6\xd0\xf1\xd4\xbeF\x9fM\xf3\xf9\xd2\
\x08\x891|\x0eSk\xa0\xf3\xfb\xcc\x17)\xca\xac\x0e\
\xb8\xf4\xd0 \xb1%\x83\xd3\xb4\xe3\xf1\xbf\xcfS\x14S\
\xdf\xd6\x1aB\xc1\xa6\xff\xc9+\xd3\x13/\x0d%T\xa4\
\xc8Hv\x1f\x01(\x00\xfbX\xe0\x1b\x08\x80@\x01\x04\
\x86v\xf6\x11\xaf\xf7\xe7\xa0\xdc\xa3~m\xdd\x81-\x10\
\xcf\x00g\xd7\xb0\xbcN\x9d\xc7\xeb\xb9\xb7\xcd\xe1[\x1f\
\xdcx\xedJ\xa6\x95\x80\x13\xba7\xb7\xee\xad\x03\xb58\
?\xb5g@;kK\xe1\xf0\x8b7\x1a\xe7\xc5\xcb\xd0\
.=\xac\x8cN\xee\xe1'\x9e\xfd\xafEj\xf1\xe7\xf6\
\xf7\x93T\x95J\x9b\xa8y\x8f\x82\x16\xb7l\xf5\xb5\xba\
\xae\x89\xfe\xf4^\x82v\x8a!\x18+\x08\xce\xf3?\xee\
Z\x90\xb6\xb0XA\x1e\xc8\x90\x9b\x80\xf8\xb9\xe4\x0e\x80\
\xbb \x00\x02 \xd0\x92\xc0\xb5\xc7\x96k\xa7\xdc\x80\xfe\
mazL]\xbb \xfe\xb0S\x1a\xf6\x04\xf7\xd4\xb8\
\x88\xe6\x1a\xf6;CB\xc4\x0d,o\xf7\xcb[\xfb\x1e\
\xdf\xed\xc0F\xfe\xf5\x0d\xe9\xee<+\x15]\xc3\x1e\x91\
J\xf6\xff\xdc\xf8\xb3w?\xbe\x9bm\xbe\xc0\xf8\x01A\
zqb\x85\xb6K \xef?p\xf5\x902\xfa\xe3\xa9\
aznB\x05}_X,\x02-\xdev\xact\xf0\
\xde\x02\x9c\xd6\xc1\x15^\xe2\x95\x0c\xfc\xdd\x8e\xc7\x07_\
\xd6\xd3%S\xaa\xe9\xc1\x8f\x93\xb4R\x8c\xbd\x97\xa2\x0c\
\xbcL\x937m\xfa\xce+1Z\xf6Uz\x98\xa6\x14\
r\xe4\xcf\x13!Z\x12h\xf1\x93hy\x19\xdfA\x00\
\x04@\xe0@\x02\xa3\xfb\x06\xa8_\xbb\xf4k\xe3\x1f\x1f\
%\xf73?\xf3\xc4\xbcG\xce\x8d\xd2\xd9}\x02\xe4\x13\
\x03\xb6\xec\x0f\xe0\x0b\xd1\x18\xf0z|NiP\x07/\
\xfdyD\x98\xb8a\xe6\xf3\xcc\xf1\xb4\x18\xc7\xe6y\x04\
<\x04\xf0\xf7Q\x11\x1a\xd8~\xff\xe5m\x9c\xd6Y\x22\
\xcd\xdf\x0cO\x8f\xd7\xaf\xde\xd3H\xf36\xee\xb3:\xf8\
\x84\xcep\x87H\xf7\xfaa!\xe248]\xdel\x88\
'\xa2\xd5\x0b\xe3BH$w\xb10\xf5\xdf7*J\
<w\x81\xef\xf3\xc1J\xc4\xe2f'E_;<H\
<!\x91\xaf\xdb\xf5xny\x8a\xbe\xf7Z\x9c.\x99\
ZM\xd7\xcd\x8d\x9bvL\x9a\x5c\xadm\xd0\xc4\x9b6\
\xd9\x95\x9d[\xe5N\xff\x92\xddZz\x94\x1b\x04@@\
\x17\x81\xccz\x7fn\x5c\xe7\xac\xdf\xd7\x08\xb3\x9b\xdd\xdf\
\x9c\x5c\xae5\xc0\xbb\x849\xfa\xcf\xef\xd7\xd0\x84\x17\xab\
\xe9\x87\xb3\xe34Q4\x10\xbcs_\xc6G?\x9b\xe6\
yX \x931\xfb\x0e\xe0]\xfe\x1a\x9a\x9a4\xe71\
\xff\xef\x9c\x08=96J\xdc\xa0\xdfzJ9\xbd<\
\xa9\x82~qb\xb9\xa6Tp\xda\xbfy'A\x8di\
\xeb\xbd\x96\xc47\x8f\x08\xd1q\xcd\x96\x85\xf7Do\x98\
{\xa1\xbc\xd9\xd0\xf7Ec\xc8;\x0d>\xf2Y-\xd5\
\x09E\x80\x15\x90[\x87\x87\xf7\xdb[\xe0\x9f\x8b\xd2\xe6\
jn\xfc'\x0eL\x0f/h\x89\xda\xf8\x0f\xf3\x5c\xb2\
\xa3\x81\xcc:\xd8\x12d\x17\x5c\x90s\x7f\x02P\x00\xf6\
\xe7\x813\x10\x00\x816\x08\xf0xz\x97p\xfa\x95\xf1\
\xd4\xe7\xfbO\xf2\xfa\xfe\xd02\xe2\x8d\x7fxL\x9f}\
\xff\xf3\xbc\x80\x16m\xb4\xe6\x18\x88{\xa5\xdc{\xe7\xe4\
yh \xc8]w>\x11\x07/\xd1\xfb\xd1\xec\xc4\xde\
\xc9\x84\xdd\x22^b\x93>\x9b\xfd\xd9y\x8f\x08\x22z\
\xfd\xf5\xda\x86?_\xc6Dk\xce\x17\xc4\xc1\x1b\x0f]\
\xde\xbc\xd9\xcf+kR\xf4\xab\xb7\x12\xc4\xe3\xd0\xe2\x96\
\xf6\x9f\xfd\x07<\xb1\xb4\x96n\x9d\x9f\xf6\x01pTg\
\x1f\xf1~\x03\xdaM\xf1g\xe5\xee\x06\xfapK\xdad\
}a\xb3?\x02q\x19\xffA\xc0\x15\x04\xd2\xbffW\
\x14\x15\x85\x04\x01\x100B`\x9c\x18c\xe7\xf8\xdc\x00\
\xb74\xc1\xb3Y}D\xaft\xef\x99=\xf9\xb55A\
\x8f\x9d\xf8\xdc\xbd =g\xa0}\x99\x87\x86\xf7\xf0s\
r{\x8f\xe5b\xfc\xfa;\xb3b\xc4c\xc9\x1fn\xa9\
\xa7\xc5\xdb\xd2\xc7\x1b\x1b\xea\xe8\xc67\xe2Z#\xde\xba\
\xb7y\x96\x18\x92\xf0\x88\x14x\x09\xe1\xbd\x1f\xb5\xbd$\
\x8e\x15\x8c\xb7\x9a\x87\x0d&\x0dJ;\x1e\x12\xd1\xb4\xff\
\xcf|\x91\x8e\xc7\x8e\x81Z\xcb\xa4\x05\xc0\x1f\x87\x10@\
1Z\x13\x80\x02\xd0\x9a\x08\xceA\x00\x04\x0e \xd0!\
\xe4\xa1\x93\x9ag\xe9\xb3W\xbd\x96\x01x\xd6}\xe6|\
\xf6\xba\xfd-\x03\x99\xeb\x99O\x9e\x13\x90\xb1\x02\x1c\x91\
ec\x9e\x06a6\xe0\xb1\xe4\x9b\xe7%\xe8\x867\xd2\
\x07\x0f\x0f|\xbc-\xddK\xcf\xa4\x93\xf9<\xa1[Z\
\xf1\x98\xb7\xb1\x9e\xb8\xb7\x9f\xb9\x9e\xed\xf3\x8d\xe6\xc9\x86\
\xec\xa7>cU\xe0p\x1fm\xad\xa7\x8c\xeb\xe11\xd8\
\xc5\x8e\x91\xe0p\x09\x01(\x00.\xa9h\x14\x13\x04\x8c\
\x10\xc84\xfe<\xf6\xfe\xca\xda}c\xff\x9c&\xf7\xe6\
\xf9\x93\xef\x15\xe2\x09\xb0\xaaV\xb4\xf2\x22Be\x90\xfb\
\xee\xe2\x8b\x81\xff\xbe\xe67\xd8\xf6\x02\xbc\xcem\xafI\
\xe7\xcb\xd9\xb5\xce\xfb\xd5\xe6\xa5\x8c<\x97\xa0\xe5j\x01\
\x0e\x8b\xc3\x19\x04P\x8a\x03\x094\xff|\x0e\xbc\x81+\
 \x00\x02 \x90!pJ\xf3\xfa\xfb\xcfw\xd6S\xeb\
F>V\x97nX\xbd\xa2=g3z&N[\x9f\
\x91t\xa7\x9d\xe2\xcd\xf1\xda\x0aW\xc8uv\x0f\xcc\xe1\
\xba\xe4X>\xc8\xf7\xf9\xa8la\xf9\x8f\xa7W\x1e\xf2\
e\xedx\xa7\xd9\xc507\xfeGu\xde\x7fhB\x0b\
\x80? \xe0@\x02P\x00\x1cX\xa9(\x12\x08\xa8&\
0\xb4\x8bOK2\x9b)~\xe9\xce\x06\xe2\x19\xfc\x1c\
`T\xef\xdc\x8d\xe7\x80\xf6>\x1a\xd4!\x9d\xd6\x12\x11\
\x8f\xe3\x1892\x1e\xfd\xd8\xe9\x10/\xf7\xcb\x95Vf\
\xf2\x1fo\xa2\x93Y\x9a\x98\x09\xcf\xab\x1a2\x0a\xc91\
\xcde\xcd\xdc\xc3\xa7\x13\x08\xa0\x0c\xd9\x08@\x01\xc8F\
\x05\xd7\x1cA \x12\xf0\x10\x8fOs\xe3p\xd1!A\
\xfa\xde\xd02\xfa\xe5\x89\xe5\xc4k\xc6\xff1*B\x8f\
\x9c\x17\xd5\x9c\xc4\xbc|~\x05M\xbf\xb0\x92^\xb9\xa8\
\x92f_\x92\xfe\x9czA\x85\xe6T\xe6\xd9\xf1\x15\xda\
\x92\xb4\x07\xcf\x8e\x88x\x11b'7?8:D\xec\
B\xf6\xf4^~\xea\xdf\xceKe-f\xb3;\x02\x5c\
\xabBt\x8fz\xf7\xae\x91_\xb4\xadU\xd7Y\x84\xdd\
#L\xfa\x99Mz\xfe\xef\xc82\xea]\x99\xfd\xb5\xc2\
K\xedx9\x9f\x88B\xd5\xa9&\xca\xf4\xba\xf9\x5c\xf6\
x\xb5y8\x82\xe7(\xb0\xc3!O\x1b\x09\x8d\x10u\
\x95Q\x00\x9e_\x9e\x9e\xf4\xd7:\xe8'\xcd>\x01\xec\
\xec\x1a\xb8u\x99p\x0e\x02\xb9\x08d\xff\xa5\xe6\x8a\x81\
{ `1\x02\xdc\xferC\xcf\xee_\xaf=&D\
\x7f;3B/L\xac\xa0)\x93*4\xafp\xb7\x9c\
\x5cN\xdch_rh\x19\x8d\xea\x13\xd0\xd6\x8c\xf3D\
0^BvP\xc8\xa3-_\xe3\xde#\xbb\x91\xe5\x06\
\x84?\xb9\xb1\xe2\xd9\xed\xec\xd9\x8e\x97\xa4q\xaf\xf5\xb8\
n>\xcd\xc9\x0d+\x13\xbc\x89\xcco\x86\x87\xe9\xa1\xd1\
Q\xa1<T\xd0Sc\xa3t\xfb\x880}cp\x19\
\xb1C\x1c\x8eo1L\xd2\xe2\x0cj\xbf\xef5\x91\x99\
\xc0\xd7:\xb1\xff|Z+\xac\x00\xa4)\x0a\xac\x5c\x9d\
\xdb/H\x5c/\x99p'v\xf7\x13+Q{\x9d\x08\
-JR\xc6|\x9f\x09\xd3\xf2\xb3\xab0\xe9\xb3\xcba\
>*r\xcc\x15\xd8\x1ck\xa4\xc9+\xd2\x13\x0f\xcf\xe8\
\x1d\x10JZ\x98\xfa\xb6P@X\x09\xe4\xed\x8ao9\
9\xac%\xcfV\x87\x99\xab\xf7\x9f\xc3\xa0\xdd\x10\x7fV\
\xedNO4<\xf4 \xdf~\xb2\x8b[\xf8os\x02\
\x10?;\x01o\xf6\xcb\xb8\x0a\x02\xd6%\xc0\xe3\xb4\xc7\
v\xf5\xd3\xb7\x8f\x0c\xd1_FF\xf66\xf4\xec\xfe\xf5\
\xfcA\xe9\xcd]2\x13\xd3\xcc(\x05+\x0d\xec\x08\xe7\
\x84n~bG9w\x9e\x1e\xd6\x9c\xd7\xb0C\x9b+\
E\x8f\x98\x95\x133\xe4(V\x1e]\x9a\xd7\xfe\xf3\x12\
<\xee\xedg\xcb\x87\x97\xfe\xfd\xf6\x9d\x04\xb1\xe7=n\
t\x7fv|H\xb3\xa0\xdc{F\x84\xd8\xc2r\xdbi\
a\xeaY\x91~\xdd<\xbe\xa4\x96f7O\xbak\x9d\
\x16+\x0d7\x89\xb8O\x8d\xab\xa0{D\x5c>X\x99\
cO~\xad\xc3f\xce\x1f\x5c\x9c$^6\xc8\xe7\xc3\
D\x1d\xfc\xfb\xdc(\xfdo\x5c\x948ov\x0d\xccn\
~y~\xc2\x86\xeaF\xe2\x15\x05\xe9\x19\x0b\x1cz\xff\
c}U\xda\xbf\x00[t\x0e\xaeL\x0fS\xec\x1f\x02\
g \xe0,\x02\xe9_\xa4\xb3\xca\x84\xd2\xb4A\xa0\xa9\
\xad7_\x1b\xe1\xadt\x99{\xea\x13\x06\x06\x89}\xbb\
O\x9eTIw\x89F\xf6\x8a\xc1A:Z\x8c\xd7\x86\
\xfc\xdc\x04[IZ\x22np\xd8\xa5\xed\xe5\xc2\x22\xc0\
~\xf0\x9f\x16\x0d\xd2\x8f\x8e\x09Q\xa6\x07l-is\
K\xc3\x0d:\x87\xd8(\x1aP\xfel\xeb\xe0\xb5\xf6\xdf\
\x9a\x15#\xde \x88\xe7\x04\xb0c v\xbc\xc3\x9f\x1c\
\x87\xe7\x0a\xfc\xe4\xf5\x04=&\x14\x00>o}\xb0\xe5\
\xe5OBQ\x18-\xac\x07-\xef\xb1R\xc0\xbe\xfc\xbf\
vX\x8bY|-\x02\xb0\x97\xbf\x9b\xe7%\xe8o\x1f\
%\x89\xfd\x01\xf0-VZ8oN\x93\x97\x07\xb2/\
\x81kf\xc7i{\x22\xdd\xc8s\x98\xd6\xc7&aM\
\xc8\x5c\xebP\x96\xf9f\xfc\xd3\xc6?;\xe3\x85\xb7D\
\x0a\x10\xa2-\x02P\x00\xda\x22#y\xbd\x89\xac\xfbs\
\xf7x$\x0bU\xa2h<\xae;Q4\xfa\x7f=#\
L\xcf\x88\xb1\xf8\x1f\x1f\x1b\xd2vwcs}\x89D\
\x92\xce\xb6\xb3\xe8E\xb3\x03\x9a\x87\xc5\x90\x01\x0fQ\xf0\
P\x047N\xd2\x09\x9a\x181\xb3\x9b^\x1d/\xd2\xcf\
\x93/;\x09\xfa\xd3{5t\xd9\xb4\xb8\xd6\xdb~\xe8\
\x93$\xdd\xb5\xa0\x86\xae~5N\xd7\xce\x89\xd3'\xdb\
\x0f\x9cC\x90I\x92\x1d\x0de6\x0b\x9a\xb22E\x17\
M\xa9\xd6\xe2e&\x1e~wH\x88x\xe3\x9eL\xf8\
\xd6\x9f\x1c\xe7\xb2i1\xbaI(\x03\x7f\x17\xca\x00[\
\x1a8\xef\x09/Uk\xb2d&\xf9\xb5\x8e\x979o\
\xb9\xa3^!\xab\x192\xf1\xf2}\x9a\xf5\xb3\xeb\xdb\xce\
Glq\xfa\xd79\x11\x9avA\x05\xbdt~\xf1\x8f\
\x97\x852\xce\x0a.+\xba]\xc53\x9e\x8f\x05\xee[\
\x8b\x00\x14\x00\xc5\xf5\xe1\xd9\xcf\xd3\xb8\xe2\xc4]\x90\x1c\
\xf7\x9c\xb9\x11\xf8\xed\xf0r\xad\xd1\xbfN4\xfaC:\
\xfb\xb5\x1e\xb5S\x8a\xcf\x93\xccx2\xe2\x7f\xc7D\x89\
\xe7-\xf8,\xae\x99e\xe63\x14\xd0\xfe\xef\xad\x22\xee\
\x89s\xaf\xfb\xe9e)\x9a\xb5\xa6\x8e2\xe3\xeb{\x03\
d\xf9rR\xf7\xf4\x0a\x82%;\xea\xb5\xde<\xfb\xfd\
\xe7x\xec\xfb?\xd1\xbcd\x90\xe7\x12d\x89\xba\xf7\x12\
\xcb\xb8pK=\xbd,\x14\x08\xb64p\xdel!\xd8\
\x1b \xc7\x97\x96\xd6\x81\x80\xcf\x93#\xa4\xb5n\xb1B\
\xfc\x93a!\xfa\xf7\xe8\x08qC\xcc+-\xca\x85U\
\xac2\xe8\xa1b\x1f\xd1\x00i\x13mY\xf1xJX\
\xb9XI\xb3\x16\x1d\x22\xc8\xd36\x01(\x00m\xb3\xc1\
\x1d\x13\x09p#\xc3\x93\xeb\x9e\x10\x8d\x22\xef\x187\xa2\
W\xc0\xf1\x13\xb1\xd8L\xfd\xb3\xe3\xcb\xe9!\xf1\xe2>\
\xa5\xa7\xdfD\xda\xfa\xb2\xca\xe8'\x1eOq\x1bEn\
\xb4X\xb2\xb5\xcdc\xf1\xfc\x9d\x0f\xee\xb9o\x8e\xa7M\
\xf7lI\xe1k\xc5:x\x07CN\xbb\xc9F\xe3e\
\xb7\x8d\x88\x10[OX\xeeR\x1f<L\xc3\xcam\xa9\
\xe5@\xfe\x85\x11\x80\x02P\x18'\x84*\x12\x81\x0e!\
/\xf1\xf8\xee3\xe3\xa3\xdaL}\x9eLW\xa4\xac,\
\x9bl\x9fJ/\xfd\xfe\x940\xb1\xd5\xc3\xcc\xc9\x8b\x85\
\x02\xc94\xfb\x11\xd1\xdb+4\x8eL\xb85{\xd2\xb3\
\xf0\x8f\xeb\xea\xdfoie\xcf\xa8\x97\xfa\x09\xf36\xa7\
\x99\x09\xc3\xdf\x8bq\xb0\x22\xca\xe9\xda\xa5\xfd\xe7\x0d\x93\
x\xa5\x04\xcbl\x95\x83\x87\xb7Nl\xb6\xe6\x94^&\
H\x90\x8b\x00\x14\x80\x5ctp\xafh\x04\xb8\xa1\xe3\x86\
\xff\xc9\xb1\x11\xe2\x19\xde\x99q\xe6\xa2eh\x83\x84\xd9\
\xea\xc13\xd8\xf9\xd3J\xe2ff\xb5\xf0\xec\xf8B\xe4\
\xe2\x06\xfbza\x92~\xf4\xbc(\xcd\xbc\xb0B\x9b\x91\
\xcf\x93\xfbNn\xb5\xf9O\xeb\xb4^ZQG<y\
\x90\x95\xc0{\xcf\x0c\x13/\xeb\xbb`PP[\xd6\xc9\
\x16\xf9\xad\x89&\x9a\xd3\xc6\xea\x01N\x8b\xc3\x8c\xee\x1b\
\xa0{F\x86\xe9\xf9\x09\x154C\xe4\xcdK\x0fy\xb5\
\x08\xcf'\xe10\xb9\x8e\x96\x93I3\xde\x0ds\x85\xb7\
\xc2\xbd\x09\xcd\x1b4YA\x96\x962\x8c\x1fPdm\
\xb1ef\xf8.M\x00\x0a\x804:D\x94!\xc0\x8d\
\x08\xcf\xde\x7fr\x5c\x85\xd6\xf0\xf3\xb9L:N\x8d\xc3\
\x8a\x11[\x02\xd8i\x11\xcf\x87\xb0R9y<9\x97\
<\x5c\x97\xec\x8c\xe7q1\x8c\xc3=S\x9e\xb0\xc7[\
\xfe\xf2P\x07\x8f\xef\xf3\x0a\x8e\xbbGF\xa8Sy\xf6\
\xd7\xce\xba\xaa\x06\xba\x7fQ\xdaI\x0f/\x9d\xfc\xf5I\
\xe5t\xcd1!\xe2\xc6\x9b\xc7\xf1yK_\xfe\xa4,\
\xff\x06w\xf4\xd1#\xe7F\xe9\xa6\x13\xcaih\x17\xbf\
\x16\x87\xe5a\xff\x0d\xfc\xbc=-\x9e\xb7K\x0f+\xcb\
\x12s\xdf%\xf6\xfb\x909\xe39\x0c\x99\xefV\xfd\xec\
\xdb\xceK\xfd[\xf8h\xb0\x92\x9c'\xf7\x08PfH\
\xa7\x94r!\xef\xdc\x04\xb2\xff\x12s\xc7\xc1]\x10\x90\
\x22pV\x9f\x00=v^D[\xbf\xcf\x13\x97\xa4\x12\
qI$vZ\xc4\x0d\xa6\x95,#\xdc\x10G\x02\x9e\
\xac5\xe0\xf3x\xb4a\x8c\xf3\xfa\xa5{~\xbc1\xd0\
{_\xd6\xd3\x13KS\xc4\x1e\xffx)\x1eGd7\
\xbb\xf7\x8d\x0ak\x93\xd3\xf8\xbc\xf5\xc1\x93\xf7~\xfdv\
\x82\xd8\xc3\xdf\xaed#\xad\xd9\xd3H\xcf,\xab\xa5\x1f\
\xbc\x16#\xdeI\xb0ux>g\xc7=\xf7\x9e\x19\xd9\
\xebg`c\xac\x91f\xae\xa9\xa3\x17W\xa4\xe8\xf3\x9d\
\xec\xa6\x98\x88W\x5c\x5c=\xa4L<{m+\x01\xec\
\x18\x8a\xd3\xe3cG\x8b\x8d\x83\xf8\xdc\x8a\xc7a\x07Y\
w\xde\x08\xf3:\xa4\x83\x97?pX\x98\x00j\xc8\xc2\
\x95\xe3\x14\xd1z\x891\x5cv\xe8\xc2n`\x8b=\x89\
\xcb)\xcc\xb8\x1c<\x8e\xcaK\x06[\xf6L\xf9\xba\xd9\
G\xcb&\x9f\xe7+d\xcb\x7f\xac0\xf9\x1e\xd7-\xed\
<\x87\x1b\xea+g\xc5\xe8Wo%\xe8\x91\xcf\x92\xc4\
\xb3\xf8/\x9d\x1a\xa3\xff-Ki\x8bd\xd9\x22\xf0\x0b\
\xd1\xbb\xcf\x96\x0e_c\x7f\x02w|PC\x17M\x89\
\xd1w^\x89\xd1\xbf>\xa9\xd5\x14\x01\xbe\xd7\xfa\xe0\x86\
\xfd\xb7'\x97\x93O\x08\xc9\xc3\x07\xec\x0b\xe0\xdb3c\
t\xf7\x82\x1aaMH\xd2\x8f\xe6\xc4\xe9\xf2\xe91b\
\xeb\x02\xc7\xbdbp\x99\xe6\xbe\x99\xbf\xb7>2e\xe3\
\x15\x07\xbb\x92\x99\x81\x8f\xd6\xa1\xacs\xbe\xbb6=1\
\xd2:\x12\xed/IU\xdaA\xe3\xfe\x17M=Cf\
\xf9\x08@\x01\xc8G\x08\xf7\xa5\x09\xf0K\x99_\xb8\x0f\
\x0b\xd3\xac\xd5&*I\x17\xca\xe4\x88\xbc\xd7\x00+O\
<4`r\xd6{\xb3k\xd9\x14\x0e\xc8br\xe6\xa1\
\x8a\xcb\x9a\x9d\xf4\xf0F;?}3A\xecuoo\
\x02\xe2\x0b{\x11|\xf8\x93$=*\x14\x02qJ\xec\
5\x91{\xee\xfc\xdd\xc81\xa6\x7f\x90x\xce\x00\xa7\xf1\
\x97\x05Ib_\x00l}\xe0\xf3\xcc\xc1\xcb\xfb~<\
7A,\x03_\xfb\xda\xe1\xd9\xad\x00\xec\x1e\x9a\xef\x7f\
\xba#=\x19\x91\xbf[\xf9\xf8\xb4y\xef\x02\xab\xcaX\
\xec\x09\x9bV-\xb7\x9d\xe4\x82\x02\xa0\xb8\xb6\x1a%\xa6\
\x0fKDQ,\xb5\xfa\xe4\xb8\xd7\x7f\xdf(6\xf7\x97\
\x11\xbb\xeeU\x9f\x83{Rd\xdf\xf6\x7f\x19\x19\xd6\xf6\
,(u\xa9\x8f\x16\xe3\xeb\xade8\xfc \x1fe,\
;\xdc\xc0s\x0f\xbau\x98\xcc\xf9\x8b\xcb\xeb\x88\xd7\xea\
\xf3\xf9q\xdd\x8c\x9b\xb0Y\x91\xe0\xb4\xd6V5j\xc3\
\x06\xfc=\xdb\xc1\x9b\x0f=\xf7E\xbaKzjO\x7f\
V\xbf\x12\xbc\xfa\x80\xe3\xb2\xc7B\xfe\xb4\xfa\xc1\xcb#\
\xe7\xac\xcf\xbe\xafA\xa9e\x7f\xea\xf3\xf4\x5c\x0e\x95r\
\xe8}O\xaa\xcc\xdb\xa9iA\x01P\x5c\xb3^1\x16\
\xaa7I\x89(z\xb305<\xbb\xece?\xf8*\
zxF\x04\xe7\xcdfV\xedn\xd0\xc6\xa0\x9f_\x9e\
\xa2\x07>N\xd2m\xef\xd5h\x9e\xe2~\xf0Z\x9c\xbe\
9#&\xcc\xcc\xd54\xfe\xc5j\x1a\xf3B5\x9d\xf3\
\x5c\x15\x9d\xf5l\x15\x8d~\xbeJ\xbb6ir5}\
C\x84a\x0fv<.\xcd\xde\xe5x\x5c\xf9\x83-\x80\
\xe0!\xcc\x00\x00\x10\x00IDAT\xf5d\xb6\x89\xb8\
o;\x1f\xdd\x22\xcc\xe6\xbe\x12?,C;\x1f\xd8h\
\xf7i\xb7\xef5\xf2\xe1\xd6\xdc\xbdg^g\xffYs\
\x0f\x9bW\x0b\x18\xa9_\x8e\x9b\x19\xb7\x7f\x7fs\x9d6\
\xbc\xc0\xd7\xda:\x96\xefJ{!\xe4\xc9\x81\x9d\xcb\xc5\
\x98A\x8b\x80\xec\x9c)\x1aL_[\xb85\x1d\xae\xc5\
m\xcb~\xcd(5V\x12\x90\x15\xbcb\xc8U\xe2G\
\xdfJ\x88\x95\xc9\xb2\xef\x97\xab,I$\xe4V\x02<\
\xb1\x8fgn\xb3\xcb\xde\x96K\xaa\xcc\xe0\xc1\x93\xcc\xb8\
a\xe1\x09c\xb7\xce\xaf\xd1\x1a\xf7\xf1/\xa5]\xc9\xfe\
\xe6\x9d\x84\xd6\xf8\xb3\x12\xc0=&\xf6\x14\xb7|W\x03\
\xb1\xefwn\xc8\xb9Q\xaa\x15o-\xf1_kDx\
C\x1b\xbe\xc6&c\xdem\x8e{\x84<.\xcd\x13\xd4\
\xee_\x94\xa4_\xccKh\x8a\x03+\x07w\x09\xb3\xf3\
\xfc\xcd\xf59w\xb6SU~\xee1\x7f\xef\xe8\xec\xe6\
kUy\xe4K\x87'\x02\xf2\xfe\x0b-\xc3\xb5TJ\
r\xf5\xfe3q2\x16!o\xba\xbd\xcd\x5c\x96\xfa\xe4\
9\x00\x1c\xb16\xb7\xde\xc1A\xa8\xa6Eg\xb9\xa9\x95\
\xc7N\xde2\x9a\x03\xd5\x88\xb6\x9f'\x0e\xf2w;\x1c\
+\xc4s\xfc\xf0\xa7\xea{\xdbF\xca~\xf7\x82\x9a\xbd\
\xc3-F\xd21\x16\x17\xb1\x0b!\x00\x05\xa0\x10J\x08\
\x93\x97\x00\xf7\xc4\xfeyv\x94x\xedv\xde\xc0\x8a\x02\
l\x8d7j3\xbd\x7f.\x1a\xe4\xf3'\xc7\xe8\xc7s\
\xe3\xda\x84\xb1y\x1b\xeb\xb4\xc6\xbd\xf5X\xb0\xa2l\xf7\
&\xc3\xca\xc1\xac5)\xba\xe5\xed\x04]\xf8r\xb5\xe6\
\xbe\x96M\xd1{\x03\x14\xe1\xcb\x85\x83\x82\xc4\xae\x92\x8b\
\x90t\x9bI\xb6n\xa7\xcfk\xb5YO\xc6K\x1f'\
\x90\xd9\xf1\x8f\xbfg;xY ?+|o\x8d\xb0\
\xce\xf0\xa7\x91\x83w!\xe4\xf8\xbc\x0c\x90?s\x1dG\
tJ[/X\xd9\xdbY\xb3o\x02\x1d\x97/\xa3\x00\
\xbc\xb9\xa1\x85\x96\x90+1\x0b\xdd\xfb\x9f0\xb7_3\
;N\xf36\x0a\xed\xa5\x84r\xcdZS\xa7)\xde\xaf\
\xae\xb5\x1f\xc3\x12b+i\xd6P\x00J\x8a\xdf\x19\x99\
s\x83t\xffY\x11\xca\xcc\xa2.f\xa9\xf8\xe5=}\
uJk\xecyv7\xf7\xc8\x17\x08\x93<_/f\
\xbe\xf9\xd2N\x8a\x1e(O@\xfb\xce\xac\x986\xcc\xc0\
Nk\xf2\xc5\x91\xbd\xcf~\xdf\xcb\xfd\xb2\xb1\xf5\xc7k\
j\x15\xe5\xb4^\xfe\xfd\x96\xf1-\x11&}\x1e\x8f\xe6\
`\xe3\xfa\x07\xf8\xa3\xcd\x83\x1d\xf5dL\xed\xf36\x1d\
\xd8`\xf1\x0a\x01^\xfb\x7f\xcf\xc80M\x9dTA\xcf\
\x8e\xaf\xa0\xdbG\x84\xe9\x8a\xc1A\xcax\xe9k\x99\xf8\
[\xcd\x8d\x1e[G\x0e;\xc8\xd7\xf2\xd6~\xdf}\xa2\
\x95\x1f\xdd7\x0d\xed#1L\xc1\xd6\x9eL\x80\x93z\
\xf85\xbf\x01|>M<[\xfci\xb7c\xd9W\x0d\
t\xeb|\xb6L\xc5\xb4\x8d\x8f\xd8*`\xd6\xc1\x16\xb6\
qb\x18\x8d7^b\xab\x9a\x15\xd8A\x86\xc2\x08@\
\x01(\x8c\x93#B\x15c\x12\xcd\xf9\xa2G\xfa\xa7\xd3\
\xca\xa9\xd8\xeb\xd5\xb7%\x1a\x89w\x96\xe3\xe5d\xf7|\
\x98$6\xf7\xb7n\x98\xacPI,\x13\x0f3\x5c9\
\xb3\x9a^\x11\xd6\x81b\xc8\xc4\xb3\xde\xbfud\xa8\x18\
I\xe7L\x93\xcd\xcdl\x22\xe71t\xde\xd90\x13\x98\
\xe7ZL[\x9d\xee\xf5]tH\x19]vx\x99\xb6\
,/s?\xf3\xc9\xe3\xec\xbc\x16\x9f\xcf___G\
\xbcs \x7f\xcf\x1c\xec\xf5\x8f\x9d\x08\xf1';\xf3\xe1\
g\xaa\xa3\x18\xab\xe7\x89~\xdf\x16\xe5}\xe4\xbc\x08\xb5\
^M\xf2\xea\xda\x14\xedl^\xb3\xcf\x8a\xc2!\x1d\x0e\
T\x02|b\xf0\xf8\xfaa\xe5\xc4\xf3(8/\xee\xa9\
\xf2g\xe6\xf8z\xf3\x0a\x86\xd5{\x1a5\xbf\x01\x99\xeb\
\xaa>\xf9\x99P\x95V\xbetv%\x1b\x897ab\
\xab\x80Y\xc7;B\x91\xab\xa97\xb3\x94\xf9(\xe0~\
\xa1\x04\xa0\x00\x14J\xca\x01\xe1\xc4{Pi)\xfe\xef\
\x882\xba\xf6\x98\x90x\xd9\x8b\xee\x95\xd2\x94\xf7%\xc6\
&\xde\xdf\x8b\x9e\xcd\x15\xd3\xe3\xf4\xf4\xb2\x14\xf1l\xee\
}w\xad\xfb\x8d-\x02w.H\x12++\xbc>]\
\xb5\xa4\x13\x06\x04D\xaf\xd5\xdc\x9f/\xb3\x7fqEz\
\xbc\x99\x1bi\x9e\xf3\x91)\xd7c\x9f\xd5\x12\x0f\x7f\xf0\
\xb8\xfeUG\x95\xd1\x7f\xce\x8bj\x9e\x1e\xd9:\xc4\x8d\
6\xef\x12w\xd7\xe9aMQ\xe4\xa1\x9b\x7f~\x9c\xcc\
D\xd5>\xf9>\xf7\xfcy~\x00;\xf2av7\xbc\
\x1e'>\x1e\x5c\x9c\xd4\xc6\x94;\x95{\xe9\xee\x91\x11\
\xca\xf8\x1b\xe0\x88\xec\x19\x90{\x9e\xcc\x98=\x15\xfe\xf3\
\xec\x08\xfd\xfc\xc4rm\xdbh\xce\x97\x87\xa4\xfeqV\
\x98\xc64[&\xb8q|{SZY\xe1\xf8\xach\
d\x86\x06\xb8\xc1\xe4k\xaa\x8f\xe2\xfd:TK\xea\x94\
\xf4P\x8eB\x09\x98\xfb\x06)T*\x84\xb3<\x01~\
q~S(\x00\xc5\x12tW\xb2\x89\xee]\x98\xa4\xef\
\xcc\x8a\xd3\x9b\xc2\xcc\xcb/\xf8b\xe5U\xccty\xb8\
\xe2\x8f\xef\xd6\x90j\xf9y,\xfd\x92Cs\x9b\xdbU\
\x97\x8b\xfbx\xcf~\x91\x22\x1ena3\xfe\x95C\xf6\
Y!\xf8\xda/\xdfJ\x10O\x98\xe4|y\x19(\xef\
\xf5\xc0;;\xb2\x1f\x03\xde%\x8ee\xdeT\xddH?\
y#A_\x89\xfa\xe5p|p\x03\xcc\xf7\xf9;\xf7\
\xce\xaf\x9c\x19\xd3\xac'\x8b\xb77\x10\x1f<\xa3\xfc[\
\xe2\x1a;\x18b\x05\xe3\xe7'\x84\xf7\xdb,\x88\x87\x80\
~\xf7NR\x93\x8b\x1b\xdb\xb3\xfb\x04\x88\xbd(r\xbe\
<)5c\x15xU\x8cM\xdf\xf5A\x0dg\xa3\x1d\
>\x11\xf8\xbac\xca\xb4\xef<d\xc3\xca\x81v\x82?\
 \xe0\x12\x02P\x00\x5cR\xd1\xaa\x8b9i`q\x1a\
\x1f\xee9?\xb6\xa4\x96\xae\x98^MSW\xa5\x947\
\x9c\xaa9\x14\x92\x1eO\xce\xba\xef\xa3t\xcf\xb9\x90\xf0\
\x85\x86\x19\xd7?h\xaa\x8f\x05\xd1^R,\xd5D\x93\
W\xa6{\xd0<!qP\x0b\x93;\xf7\xec\xaf\x9f\x9b\
\xa0\xbf|XC<A\xb2e9xU\xc5\xb3_\xd4\
\xd2\xb5s\xe3\xc4\xe1Z\xde\xbb\xec\xf0\xa0v\xcaK6\
\xd3\x16\x13\xedt\xbf?{j\x9b\xe8V\xa1H\xf1\x0a\
\x0d^\x89pN\xf3x~&\xd0\xfc\xcdu\xf4\xbdW\
\xe3\x9a/\x80\x96\xe3\xfb|\x9f\x95\x88\x9b\xe7\xc5\xe9\x0e\
\xd1\xf8\xf3\xf3\xc5\xd7\xf8\xb8\xe4\xd0 e\x86\x05\xfe\xb9\
(I\xc5\x9e4\xcay\xe2(>\x01\xe4P8\x01(\
\x00\x85\xb3*(d\x93\xb6\x90\xac\xa0\xa0\xb6\x0etd\
\xf3\x8cj\x95\x85X\xbc\xad\x9e\xd8\xf5\xeb\xe3B\x01h\
\xf9\xa2V\x99G\xa9\xd2be\x86{\xb7*\xf3\xe71\
\xf2\xe3\xbb\x15G\x11\xcb%'\x9b\xcaw\x89\xb1f\x0e\
\xf3\xf3\x13B\xc4={\xfe\xce\x07[:f\xac\xae\xd3\
\xfc'\x5c4\xa5Zs\xc5{\xc5\x8c\x18\x9d\xffR\x8c\
\xfe\xdf\xe2Z\xe2\x86\x9c\xc3e\x0e\x8e\xcbc\xfc|>\
ye*\xa7\xc2\xc7\x8a\x03/\xb9\xe4\xb0\xa7\xf6L+\
\x0d\xfc=s\xb0\xf7An\xe4\xc7\xbcPEW\x0a\xcb\
\xd1\x0fg\xc75\x7f\x0e<\x8c\xf0\xe1\x96\x86L0\xed\
\xb3O\xa5\x8f\xbe\xd3l\xc1\xe0%\x9e-\x87\x05\xb4\x00\
\xf8\x03\x02. \x00\x05@q%{Z\xad/V\x9c\
\xbce\x92\xab,\xf3(\x93\x85'\x91\xfdC\xf4\xc0n\
\x14\xa6\xe1\xd6\x13\xc3\x94eb\x81\x84\xfe\xb1\xa8\xe6\x80\
\xde\xafQ\xb1F\x1c\xec7\x9a\x84\xee\xf8<\x17\xe0\xf7\
\xef\xa6\xc7\xf0\xb9\x07\xfd\xdd!eY\xd3\xd8%\xcc\xfc\
\xbc\xa6\x9e\xeb\x94\x15\x83l\x81\xd8\xc51\x9b\xf5\xf9\xde\
\xba=\xfb\x96\xe6\xf1y\xb6c\xe5\xaetC\xde\xab\xa2\
\xed\xe7\x8f\xad\x04\xeb\xaa\x1a\xb4\xcd\x83\xd8\xf2\xd0:\x1d\
V:x\xc7E\xbe\x1e\x13\xc6\x0c\x1ej\xe2\xef8\x9c\
@\x00e\xd0C\x00\x0a\x80\x1eZ\x08\xbb\x97@\x950\
\xc9\xee=1\xf0\x85g\xf3\x7fW\x98n_Z\x91r\
\xbc\xed\x84g\xd0?*\xac\x1b\x06p\x1d\x10\x95'\xba\
\x1dp\xd1\x84\x0b\x9fl\xaf\xa7G>K\x0fk\xf0\x84\
\xc0\xcc:z\xbdY\xd7\xb5\xb0\xbb\x07\x0e\x9c\xc0\x7f@\
r\x99\xc9\xe6\x19\x07@\x07\x04(\xe0\xc2O\x8f\x0f\xed\
]\xb2\xfa\x9b\xb7\xe3\xb4\xa3\x85O\x80\x02\xa2#\x08\x08\
8\x86\x00\x14\x00\xc7T\xa5\xb9\x05\xe1u\xc7Fsd\
\xb7\xbal\x9em=^l4]+\xc7\x9f\xbd\xaeN\
\xa9\x15\x80\xd7\xcd\x97j\xb7\xc0'\x96\xd6\xd2\x87[\xd2\
k\xf9o9\xb9\x9c\x8e\xed\xaa\xdf\x1aQ%t\x08\xb6\
\x00q\x9d\x0d\xee\x98?\xfe\x91\x9d\xd2\xaf,\xd9g\x86\
W\x1a\x8c\xea\x9d\x1e6\xe1q\x7f\x9e\x1f\xc0y\xe3p\
\x06\x01\x94B\x1f\x81\xf4\xafI_\x1c\x84\x06\x01\x9aa\
\xc0a\x0a\xcf\x18\xbf\xfd\xfd\x1ab'>\xad'l\xe5\
C\xcbK\xbd\x0e\xef\xe8\xa3\xe3\xba\xf9iHg?\xf1\
\xd2\xb0|q\xact\x9f;\xbc\xd3\xd7\x08\xbb\xb3B\xa1\
\x06\xb6/\xa0\xeb\xac0\xbf\x96I\xfdn~b\xef\xda\
\xf9\xdf\x9f\x12\xa6c\xba\xe8\x93\x85\x87\x06\xdeo\x1e\x9f\
\x1f\xdb?\x90sR\xe3\xc1\x15^:\xb9G\xba\xf1\xe6\
\xb5\xe7-\xe5(\xe4\xfb\xd5CC\xc4\xd6\x0a\x0e;w\
}\x1d\xbd \xacN\xfc\x1d\x07\x08\xb8\x95\x00\x14\x00\xb7\
\xd6\xbc\xc1r\xf3d,\x99MSx\x22\xd7us\x12\
\xc4=\xe1BE\xe8\x11\xf5\x12;\x90a'1/\x9d\
_A\xff\x18\x15\xa1;F\x84\xe9\xafg\x84\xe9\x99\xf1\
Qz\xe4\xbc(\xb1C\x22^\xd6Uh\x9a\xa5\x0c7\
\xbf\xc5:t\x15r\x1c\x14j{<\x5cE\xfa\xb9\xd2\
\xe0a\x8d\x9b\xe7%\x88\x9d\x04\xb1w\xc2\xbbGF\x88\
\x97\xe1\xe5\x8a\xd3\xfa\xde\xff>O\xcf'\xe8\x16\xf1\xd2\
\x9fGD(\x9by\x9f\x9f\x01^\xd6\xc7%\xe5\x89\x84\
\xbc\xbc\xb2u:\xb9\xce\x7fyb9]zhz\xe2\
\xe0\x92\x1d\xf5\xf4\x97\x0f\xd3y\xe6\x8a\x83{v#\x00\
y\xf5\x12\x80\x02\xa0\x97\x18\xc2\xef%\xf0\xa7\xf7j4\
\x9f\xfb{/\xe4\xf9\xc2J\xc3\xf7^\x8b\xd3\xca\x02}\
\xc0w\x08y\xe9gb\xbc\xf61\xd1\xc0_zX\x19\
\xb5\xb5{\x1c\xfb\x96g\x87D\xf7\x9f\x15%6\x89\xe7\
\x11\xa3\xe4\xb7\xd7\xeciT\xba\x9b \xaf\xc9/f\xa1\
\xb8\xd1\xcd\x95>\xbb\x01\xfe\xd9\x9b\x89\xbd\xcf\x02;\xe2\
aw\xc5\x85n\x08\xb5bW#=\xf9\xb9\x18\x0b\x10\
\x99\xf0FC\xcf\x8c\xaf\xd0\xea\x9d\x1dM}\xeb\xc82\
\xcd\x15\xf0#\xe7F\x89\x15\x1d\xb6\xa0\xdc\xf6~\x82X\
\xf1\x10\xc1\xf3\xfe\xef]\xe9\xa5\x07\xcf\x8e\xd0\xa8>\x01\
-,\xef\xe4\xf8\xd37kL\xd9\xbcI\xcb\x10\x7f@\
\xc0\xc2\x04\xa0\x00X\xb8r\xac.\x1a\xf7\xc4x\xab\xdc\
\x8f\xf2l\x9f\xba=\xd1Hw-Hj\x9b\xe6\xf0\x0c\
\xf2B\xca\xc5K\xc3\x1e\x1e\x1d\xa1s\xfb\x05)3K\
<_\xbcA\x1d\xbc\x9aU\x80\x1b\x8a|aK}\x7f\
]U\xfe\x19\xef\x85\xca\xc8\xcb\x01\x0b\x0d+\x13\x8e\x1d\
\x00\xe5\x8b\xc7\xf5\xfa\xc3\xd7b{\xe7\x04\x8c\x1b\x10\xa4\
\x87\xce\x89\xd0\x11b\xb8&_\x5c\xbe\xff\x9fOk\x89\
\xc7\xe4y\x06?\xaf\x0c\xe0zgGS\xdf\x18\x5cF\
\xfc,\xf8\xc5\x9b\x8a\xddA\xdf\xf0F\x5c\xe4\x91^\x09\
\xc0\xf1r\x1d\x17\x1d\x12$V\x1c\x065\xfb*\xe0\x89\
\xa6\xbc\x93#\xef\x1c\x99+\x9e\x9d\xef\x9d\xd0\xdd\xafY\
\xcbn;-L\xbf\x1b^^\xf4\xe3\x0f\xa7\x86\xe9\xdb\
BIc\xc7`\xa5\xe6\x86\xfc\xf5\x13\x10?+\xfd\x91\
\x10\x03\x042\x04X\x09\xe0\xde\x1f\xbfX_[WG\
\xdc\xb0\xf1\xf2/^\x93\xfd\xd6\xc6:\xe2\xb1\xfeo\xce\
\x8c\xd3,\x1d~\xf1\xd9\xcf\xfc\x9f\xc4\x0b\x8c\x1b\x82L\
>\x85~\xb2\x19\xf9\xb7\xc3\xc3\x05+\x0d\x85\xa6\xab:\
\xdc\xa6Xa\x8dX!\xf9Z\xa5A\xe3%u<\x1c\
\xf0\xe4\xd2to\x9e\xcd\xf6\x7f\x17\xc35<\xf1\xae\xa5\
\xdb\xe0\xb6\xca\xc4c\xf2\xdf\x9a\x15#\xdeK\x81\x15\x81\
L\xb8]\xc9F\xe2\x09\x87\xdf\x9e\x15\xa7O\xb7\xe7\xe7\
\xc6\xbd\xfe\x7f\x9e\x15\xa1\x1f\x1c\x1d\xca$!\x14\xd0\x1a\
\xe2\xa5\xa6{/8\xec\xcb\x98~\x01\x9asI%\xdd\
.~7l-;Q(\x02\xa7\xf5\x0aP\xb1\x8f\xe1\
=\xfct\x85P\xd2\xee\x19\x19\x16\x96\x96\xa8\x96\x9f\xc3\
\xd0:\xba8P\x00\x14Wo\xa3\xc4\x8e;\x12Q\x14\
Km<96\xad\xfe\xf9\xfd\x1a\xbaR\xbc\xc0\xd9\x01\
\x0c\xbbn\xfd\xdd\xfc\x1am\xac_O\x03\xc5\xbd\xb6\x1f\
\x1d\x132\xd4\x80\x1f\xd9\xc9\xa7{\x1c\xda8\x01})\
\xb0\xd9\x5c_\x8c\xb6C\xabL\xab\xed\x5c\x0a\xbf\xf3\x9f\
\xcfj\x89\xdd\x02\xb3U\x80c\xf1\xc4\xbb'\xc6\xa6\xe7\
i\xf0y\xae\x83}\x06\xdc&\x86\x96F?_E\xa3\
\x9eM\x1f\x17M\x89iK\x0e3\xab\x05\xda\x8a\xcf\xca\
\xdfMb\xc8\x88{\xfd\x876\xef\x0c\xc8\xde\x05\xaf~\
5.\x14P\xb5\x13/\xdb\x92\xa1\x14\xd7\x7f2,D\
7\x1e_^\x8a\xac\xf7\xcbs\x90\xb0\xc0\xb1\xd5\x81\xad\
6\xfb\xddPt\x92\xfb=\xa9(\x13\x97%\x03\x05@\
q\x85{%v\xdc\x91\x88\xa2Xjk$\xc7\xe3\xb4\
-{m\xb2Rq\x8f\xf1\x83\xe6\x99\xe5\xb2i\x14;\
^2\xbdzNI6\xb1\x94\x92d\x94&\xf2\xfe\x97\
\xf5\x9a7\xc0\x97W\xa6\x85\xeb\x10\xf2j\x1bG=+\
\xc6\xf7\xb9\x81P\xb9z\x83\xe7\x0d\xfc\xf2\xa4rzR\
(\x19\xa3\xc5\x90\x11\x17\x84\x95\xa2\x7f}RK\xdc\xf8\
\xb3\x12\xc0\xd7\x9cx\x9c(z\xfa<\xdcb\xa5\xb2\xf1\
\xbc\x8d\xfe\xed\xd47-xO\xaa\xafe\xf5\xb5\xa4^\
F\xa4\xe8\x02\x02\xbca\xcb\xcf\x8e7\xde\x8b\xe1\xf1\xea\
;>H\x12+\x01V\xc6\xe6\xcd7\xb3N\x87\xf0\x1b\
\xaa\xf3\x9b\xc5u$\xa7,([\x00\xfe\xfeQ\x92\xae\
\x12V!v\xf8\xc4\x09\xf3\xf6\xbe\xdc@<3>J\
l6f\x85\xef\x9c\xbe\x01\x1a\xd4<N\xcfar\x1d\
\xd1\xa0\x87\xb8\xc1\xe7}\x08n:!\xdd\xe8\xffed\
\x842k\xfb\xb9\xe1\xe7!\x88\xafO\x8b\xd13\xcb\xd2\
C\x11\xb9\xd2\xb3\xfb=\xb6\xaeX\xb1\x0c\x93\x06\x95\x99\
*\x162\x93#\x00\x05@\x8e\x1bb)$\xc0\xcb\xc7\
~}ry\xce5\xe0\x85f7}U\x8axw\xb8\
B\xc3\x97*\x1c\x8f\x8f\xab\xc8\x9b\xfd(\xf0|\x0b\x15\
i\x15+\x8d\xb5U\x8d\xf4\xe3\xb9qm_\x00\xb6\x08\
\xf0\x5c\x01\xce\x8b'\x8e\xf1\x90\xcf\xcd\xa2!\xe7\x99\xfa\
<\x86\xfd\xff\xce\x89\x10\xcf\xff\xf8\x990\xe5_uT\
\x996\x8e\xff\xcb\x13\xcb\xe9\xae\xd3\xc3\xc4\xd6\x83\x97\xcf\
\xaf n\xf0\x7f(\x86\x89F\x0b\xc5\x81\xcd\xfe\x9c\x16\
OD\xfd\xc3\xbb54\xe1\xa5j\xe2!\x08V\x04\xf8\
\xba\x93\x8f\xcea\xaf\xe6\x0f\xc3\x8ae\x1c\xd3?\xbd\xea\
\xc2\x8a\xb2A\xa6}\x04\xa0\x00\xecc\x81o%\x22p\
\xf5\x90P\x9bK\xfc\xf4\x88\xc4\x0d\x0b\xbf\xfc\xf5\xc4)\
UX\x9e\xa8\xa6\x22\xef\xf5\xa2qm9aNE\x9a\
\xc5J\x83\xf7\x05`\x8b\xc0\xc4\x97\xaa\xe8\xd7o'\xb4\
\xdd\x1eY9h\x99\x1f;5:I\x98\xb5y\x15\xc0\
e\x87\x97\x11+\x08<4\xc4^\x06\xd9z\xd02,\
\xfb\x1ex\xf4\xb3Z\xe2\xde>ODu\xdbv\xbe\x83\
;Z\xfb\xf5}X\xf3<\x8c\x96uV\x9c\xefHU\
\x96\x80\xb5\x9f \xd9R!\x9em\x08\x0c\xee\xe8#U\
c\x98\x8f|\x96<`\xb79+\x82(\xf3y\xa8o\
\xa5>\x8fym\x95c\xc1\x16{Nn\xe3\x1d\xf8x\
\x13\x1e\x1e\x1e`\x85\xe0\x96\xb7k\x88\xeb\x8f\xddC\xbf\
\xb2&E\xbc\x82\x84\x1dM\xb15\xe7\xf5\xf5uBY\
\xa8\xd3|\x05\xf0r\xd2\xef\xbf\x16\xd7&\x08\xf2\xe7\x7f\
\x97\xd6\x12/\x0fl\x8b\x8f\x93\xaf{->(nq\
\xf1\x9c\xfch\x14\x5c6(\x00\x05\xa3B@\xd5\x04x\
\x18\x9c\x97\x88y\xf9\x8b\xc1\xc4\xd97\xfc\xd4\xe6\x09g\
\x06\x93*z\xf4\xc1\xa2\xe7\xc6\xeb\xdaUd\xf4\xdef\
\x85\xb3\x09U\x08$\x91\x06[n\xe6o\xae\xa3'\x96\
\xa64\xf7\xd0w.H\x12\xaf \xb9\xe9\xcd\x04\xfd|\
^\x82\xfe\xf8^\x0d\xdd\xbb\xb0\x86\xd8W\x00/'\xe5\
\x9e\xbfD6\x8e\x8b\xb2t\x87\xb5\xeb\x9e->f@\
G\x1e\xf2\x04\xa0\x00\xc8\xb3CL\x83\x04\xce\xe8\x1d \
Uf\xc2\xa7>\xaf%\x1e\x0f7(\x92)\xd1\xd9\x9c\
\xad\x22\xa3]\xc9&\xcaL\xaeS\x91^[i\xf0\x1c\
\x0d\xbeW\xa8\xf7=\x0e\x8b\xa3\xf8\x04\xb6&\x9ah\xd1\
6k*\x01\xac\xa8\x15\x9f\x00r0J\x00\x0a\x80Q\
\x82\x88/E\xc0'\xec\x83\xec\xe9M*r\xabH\xbc\
\xbf\xc0\xabk\xedc\x0a?\xfd\xe0@\xab\x12\xc8\x9d\xce\
\x10\xa6r3\x94\x9e\xbe\x95\xe9\xd7\x04{t\x94\x93\x14\
\xb1\x8aE\xe0\xc5\xe5\xe9e\x96\xc5J_6\xdd\xc9+\
\xcd\xfa=\xcaJ\x88xL \xfd\xcb\x0b\xfc\xeb\x17\x00\
\x00\x10\x00IDAT\xe6o8@\xc0D\x02#\x0f\
\xf6\x13\xef\xee\xa6\x22\xcb\xe7\xc5K\xd0\x8c\x86P\x85\xac\
\xbc\xdc\xb1\xad=\x0d\xf4\xa4\xcf\xbb\xe8M_]\xfc\x97\
,\xef\xbc\xd8\xb7]z\xbe\xc2\xa2m\xd6\x5cn\xa8\x87\
\x9b\xd3\xc2\xf2\xfe\x1aV\xebm\xb3\xd7F\x0c\xd3\xd8\xe3\
I\x83\x02\xa0\xb8\x9e\xdc\xea\x09P/\xc6K\x0eK\xef\
\xcc\xa67^\xeb\xf0\xec\x1d\xee\x15\x1b\xf5\xfe/8D\
M\xb9\xe7\xac\xab'\xb6|\xb4\xe6\xa1\xfa\xfc\xbac\xd3\
\xeety\xa2\xdd\xdb\x8aw1T-\xab[\xd3\xe3\x89\
\x91\xbc\xba\xc2\x0a\xe5\xbf\xed\xbd\x04=\xf2Yq\xfc/\
d\xf3\x04h\x852\xdbY\x06(\x00\x8ak\xcf+L\
\xdbz\x93\x94\x88\xa27\x0b-\xbcU~@\xc7t\xf1\
\xd1\xc0\xf6\xe9^\xa5&\x98\x81?\xafo\xa8'\xbb\xac\
\xf9\xee\x1a\xf1\xd2\x19\x0a\xcc\xff\xecZ\xb9X/\xd9L\
U\xb0\xa7\xbe?\x9cZNl\xb1\xe0k\xf7|\x98\xe4\
\x0f\x1c\x12\x04\xd89\x95D4]Q\xd8\xbf\x02\xbbN\
\xe6\xc9\x93\x93W\xa4\xe8ca\xad\xf9`K=\x15\xfb\
\xf8P\xe4\xf1\xdc\x17)m\xb2&\xe7?g}\xf1\xe6\
$\x98\xf5\x9e\xd4\x05\xde\xe6\x81\xa1\x00\xd8\xbc\x02\xf5\x88\
o\x95\x1f\xd0\xc4\x81jz\xc1\x5c\xf6)6\x99\xf9\xcf\
\xb2^yd\x19\xa9\x98\xfd\xff\xc2\x8a\xba\xa2-}\x1b\
\xdc\xd1G\xbc\x99\xcc\xbfGGhx\x8f\x00\x8b\xad9\
\xd6\xe1\xe5x\xda\x09\xfe\xe8&\xa0`\x91K\xc1y\xf2\
\xf2\xc9\xfb\x16%\xe9\xc67\xe2\xc4\x1bt\x15\xfb\xe0\xcd\
\x9f\x1e\x5c\x9c,\x91\xf3\xad\x82\xb1 `\x1b\x04\xa0\x00\
\xb4\x01\x06\x97\x8bC\xa0C\xc8C\xc3{\xa6\x1b\x16\xa3\
9\xac\xd9\xd3H\xcbw\xd9c\x5czHg?\xb1C\
\x1b\xa3e\xde\x18K\xef\x8cg4\x9dL\xfc{\xcf\x88\
h\xbb\xc8\xb1\x17>>\xee\x1b\x15\xa1\xab\x87\x94\x11\xbb\
\xdceK\xc3_\x17&\xe9\xc9\xa5\xc51\xe9fd\xc0\
'\x08\x80@i\x08@\x01(\x0dw\xd7\xe6\xca\xee[\
}\x1e5\xc5g\x071jR*n*a\xbf\x87n\
>!DF\x8b\xcd\x13\xffx\xc7\xc5d\xbd:\xa3r\
y\x16]\x8c\x97\x97=\xfbE-]6=N\xd3V\
Ys\x96yqk\x0c\xa9\xdb\x81\x00d4N\x00\x0a\
\x80q\x86HA\x07\x81\xb3\xfbdiqt\xc4o\x19\
t\xee\x86\xe2\xcf\x82o\x99\x9f\xccw\xafh\xf5y\xa7\
\xba\x8c\xcfz\x9942q\xfe\xbb$E\xaa\x9d\xab|\
\xef\xd58\xdd\xf0F\x82nx=\xae\xf9\xeb\xbfxJ\
5]6\xad\x9a\xfe\xdf\xe2Z\xcbo\xa8\x94\xe1\x82O\
\x10\x00\x019\x02P\x00\xe4\xb8!\x96\x04\x81\x81\xed}\
\x94YR&\x11}\xbf(\xcb\xbej\xa0/\x859|\
\xbf\x8b\x16;\x11m?]wl9\x9d\xdc\xc3oX\
\xb2y\x1b\xd9S^qL\xf1\x8b\xb7\xd5\xd3\xe2\xed\x0d\
\x9aS\xa1\xaf\x92\xea\xac\x0b\x86\x0b\x8d\x04@\xa0M\x02\
\xb8\xa1\x82\x00\x14\x00\x15\x14\x91FA\x04N?\xd8x\
C\x98\xc9h\xde\xc6\xe2\xcd6\xce\xe4a\xe4\xd3\xe7\xf1\
\xd0\x0d\xc7\x95\xd3\xf8\x01\xc6-\x1e\xbc\xa6\xfa\x8e\x0f\x92\
\x84\xa6\xd9H\x8d .\x08\x80@k\x02P\x00Z\x13\
\xc1y\xd1\x08\x8cP\xb0\x04.#\xdc\xbb\x9b\xadk\xfe\
\xef\x10\xf2\xd2]#\xc3\xa4bKT\x9e\xf4\xf7\x8b\xb7\
\x12\xa4r\xdc?\xc3\x10\x9f `W\x02\x90[\x0d\x01\
(\x00j8\x22\x95<\x04\xd8\xf4\xdf+\xaa\xe6q\xdb\
\x12o\xa4\xf5U\x8dyr4\xff6\x9b\xfc\xcf\xed\x17\
\xa0\x87GGhhg\xe3~\x0e6U7jc\xf3\
\xec\xf3\xdf\xfc\xd2 G\x10\x00\x01\xa7\x13P\xf3Fv\
:%\x94\xcf0\x81\x13\xbb\xab3\xff[m\x07<\x9f\
h\xf9\xcf\xec\x1d\xa0\x07\xcf\x89\xd0\xcf\x8e/\xa7\xf6e\
\x1e\xc3\xbc6\x88\xc6\xff\xa7o&hg\x0d\x0c\xff\x86\
a\x22\x01\x87\x11@qT\x11\x80\x02\xa0\x8a$\xd2\xc9\
I\xe0\x84n\xea\x14\x80\xf7\xbf,\xfd\xf8?7\xfaG\
v\xf2\xd15\xc7\x84\xe8\xe9\xf1\x15\xf4\xab\x93\xca\x95y\
7d/n?\x9a\x1d+\x9a\xb3\x9f\x9c\x15\x85\x9b \
\x00\x02\xae!\x00\x05\xc05U]\xba\x82\x86|DG\
)0\x89s\x09x\xd3\x9fO\xb6\x9b\xa7\x00pC\xcf\
nqy\xdbb^\xc2x\xd5Qet\xe7\x880M\
\xb9\xa0\x92\xfevf\x84.\x18\x14\xa4\x83B\xc6{\xfc\
\x5c6\xee\xeb\xf3\xc6F7\xbd\x19\xa7\x98u\xa78\xb0\
\xa88@\xa0d\x04\x90\xb1:\x02P\x00\xd4\xb1DJ\
m\x108\xb2\xb3\x9f\xb8!m\xe3\xb6\xae\xcb\xcbv\xd6\
SR\xa7\xf3\xbfc\xbb\xfa\xe9\x87\xa2\xa7\xfe\xa7\xd3\xc2\
\xf4\xc0\xd9\x11\xfa\xf7\xb9Qz|L\x94\xfe\xdb\xc6\xf1\
\xd4\xd8(=?!JS&U\xd0\xab\x17W\xd23\
\xe3\xa3t\xffY\x11\xfa\xf9\x89\xe5t\xd9\xe1e4L\
X3X\xa9\xd1%x\x9e\xc0<\xaf\xe1\xc67\x12\xf4\
\xc0\xc7Ib%'Op\xdc\x06\x01\x10\x00\x01\xc3\x04\
\xa0\x00\x18F\x88\x04\xf2\x11\x18\xaa\xa8\xf7\xcf\xf9|\xbc\
\xbd\xf0\xd6\x9f\xdd\x0e\xffY\xf4\xd6\xef:=L\x17\x8a\
\x9e\xfaI\xdd\xfd\xda\xe66}+\xbd\xc4[\xf2\xf6\x88\
z)\xdb\xc1\x9b\xf6\xf0L\xfeH@M\xcf\x9e\xe5n\
\xeb\xe0\x9e\xfe\xbf>\xa9\xa5o\xcf\x8a\x13\xaf\xc7o+\
\x1c\xae\x83\x00\x080\x01\x1c*\x09@\x01PI\x13i\
e%0DX\x00\xb2\xde\x90\xb8\xc8\x0ek\x0a\x8dv\
\xeb)a:^\xf4\xd6\x0b\x0dof8vb\xc4\x0d\
\xff\xe5\xd3\xab\xe9\x99e\xb5\xc4~\xf7\xcd\xcc\x1fy\x81\
\x00\x08\x80\x00\x14\x00<\x03E%\xc0\xa6\xffC:\xa8\
y\xcc\xd84\xbedGa\x16\x80C\x0f\xf2\xd1\x11\x1d\
}E-\x9b\xde\xc4w\xd44\xd2\xd4Uut\xd3\xbc\
\x04}sfLk\xf8c)\x1e\xf9\xd7\x9b\x12\xc2\x83\
\x80;\x09\xa0\xd4j\x09\xa8y3\xab\x95\x09\xa99\x88\
\xc0\xa0\x0e>\x0a\xb2\x16@\xc6\xff\xad\xda\xdd@\x85:\
\xc49\xb8\xa2t\x8f6\xf7\xe67\xc5\x1a\xe9\xa3\xad\xf5\
4yE\x8a\xee\xf8\xa0F\x98\xf8ct\xe9\xd4\x18\xdd\
\xbb\xb0\x86\x16n\xa9\xa7F\xb4\xfb\xc6\x1f\x08\xa4\x00\x02\
 `\x88@\xe9\xde\x92\x86\xc4Fd\x19\x02M%h\
t\x06+\xec\x85\x7f\xf1U\xe1\xce\x7fv\xd7\x9a[\xd8\
D}\x13m\x16\x8d\xfe\x07\xa2q\xe7\x99\xfc\x0f~\x9c\
\xa4\xdf\xbf[C\xf7-J\xd2\xabk\xeb,\xe9\xb8H\
\xe6\x19B\x1c\xfd\x04\xcc}\x12\xf5\xcbg\x9f\x18\x90T\
5\x01(\x00\x8a\x896Y\xd8c\xbb\xa7\xf8s\xda\x0e\
\xa0\xc9\x16\x80\x03.J^\xf8\xfc\xab\xc2\xcc\xff\x9c\xfc\
\xa2\xad\x0d\xf4\xe9\xf6\xc2\xc3s\x1c#G\xd8\xef\xd1&\
\x14\xb2\xbf\x03^)\xf0\x87S\xc3\xf4\xe2\xc4\x0a\xbag\
d\x98&\x0c\x0cR\xb9:7\x08F\xc4D\xdc\x12\x10\
(\xc1\xcf\xae\x04\xa5D\x96v$\xe0\xb5\xa3\xd0V\x96\
\xd9C\x1e+\x8bg\xbalJ\x15\x80\x9d\x85\xaf\xffo\
\x10\xe6\x8e_\xbc\x15\xa7\xe9\xabS\xc4\xdfM/\xb8\xc8\
\x90\xb7\x02\x1e\xda\xc5O?>6DO\x8f\xab\xa0\xef\
\x0e\x09Q4 n\xe0?\x08\x94\x90\x00\xbb\xe5\x1e7\
 H7\x9fPN\x8f\x9f\x17\xa59\x97T\x1ep\xf0\
R\xd9\xeb\x87\x95\x13\xfb\xbeP\xb1\x95\xb5\x8a\xe2\x22\x0d\
\xf5\x04\xa0\x00\xa8g\x8a\x14\x9b\x09\x04\xc4\xd3\xd5\xbbR\
\xfci>7\xf2\x91\xa8k\xa2\x0d:\xfd\xff\xd7\x08}\
\xe1\x9e\x0f\x93\xf4\xcd\x19qzbi\x8ax\x0eA\xa9\
\xcc\xb1\xd1\xa0\x87\xbevX\x90\x9e\x1c[A\x17\x1d\x12\
$_)\xcc1F*\x00qmM\xa0{\xd4\xab)\
\xa0O\x8f\x8b\xd2\xbfGG\xe8'\xc3BtN\xdf\x00\
\xf5lc\xae\x0c/\x95\x1d? @\xec\xfb\xe2\xc9\xb1\
Q\xfa\xcf\xb9\x11\xed\xf9U\xe1\xe6\xda\xd6 \x1d&\xbc\
\x9a\xb7\xb3\xc3\xa0\xa08j\x08pO\xc3\xa7\xc8 \xc2\
[\xe2\xca6\xde\xecd\xe7\x91\xcf\x92t\xf5\xabq\xba\
\xf0\xe5j\xfa\xdd\xfc\x1a\xe2q\xfa\xcfv\x14>\xa9P\
\x0d\x11\x22V\x04~pt\x88\xfeqV\x98\xfa\xb7\xc3\
\xcfO\x15W\xa4\x93\x9d@\xd7\xb0\x87n:>DO\
\x8c\x89j\x0dx\xe7\xb0\xdc3\xd7\xa7\xd2\xa7)\x10O\
\x09\x05B\xb3d\x09\x856{\x8e\xc5\xba\x8at\x8bA\
@\xeei(\x86$H\xd3q\x04\xfa(\xea\xfd3\x98\
U{\x0a\x9f\x00\xc8\xe1\xdb:\xf6\xd46\xd1[\x1b\xeb\
4\x8f{?\x9e\x1b\xa7\x09/\xc5\xe8\xdb3c\xf4\xfb\
\xf9\x09\xfa\xef\xd2ZzcC\x1d-\xdf\xd5@<\xa9\
\xaf\xad4T\x5c?\xa4\x83\x8f\xd8\xbb \xcf\x0fP\x91\
\x1e\xd2\x00\x81\x96\x04\xd8\x89\x15\xefS\xf1\x94\x18z\x1a\
\xdd/\xd8\xf2\x96\xa1\xefeB\xa3gK\x16+\x14\xec\
\x06\xdbPb\x88\x5cr\x02P\x00J^\x05\xce\x15\x80\
-\x00\xaaJ\xb7r\xb7\x1a\x05\xa0\xb5<<?`}\
u#\xbd\xb9\xb1\x9e\x1e\xfd\xac\x96\xfe\xf0n\x0d\xfd\xe0\
5\xa1\x18\xbcXM\xbcV\x9f\xcf\x9f\xfb\x22ElE\
h\x1d\xd7\xe89/\x8f\xe4\xf9\x01?=\xbe\x5c\x0c\x09\
\x18M\x0d\xf1A M\x80W\xde\xf0\x96\xd4\xc5l\xa0\
+\x84\x05\x80\x15\x8c\xfbFE\x94\xed\x85\x91\x96>\xfb\
_\x5c-\x0e\x01oq\x92E\xaa @\xc4\xe3\x88\xaa\
8\xac\xdem\xde\x8c~\x96\x99\x87\x1b6\x09\xc5\x80-\
\x02\x0f.N\xd2\xe5\xd3ct\xcd\xec8MY\x99\xa2\
:\xc5\xba\xc8y\xfd\x02t\xdbi\x11\xe2\xde\x15\xe7\x8d\
\x03\x04d\x09\x9c\xde\xcbO\xf7\x9e\x19\xa1.\x92\xa6~\
\xd2\xf9\x8f\x95\x8d\x7f\x9d\x13\xa5>b\x88@gT\x04\
\xb7\x00\x01(\x00\x16\xa8\x04\xb3Dh\xe2V\xcd\xac\xcc\
D>mM0\x12\xb7t\xfdg\x0f\x80k\xf6\x98\xab\
\x00d\x13p\xd9W\x0d\xf4\xb7\x8fX\x19\xa8\xa6\x17W\
\xa4\xa8^\xa1\x22p\x5c7\x1f\xfdvx9,\x01\xd9\
\xc0\xdb\xfc\x9aY?\xbbQ}\x02\xf4\x9b\xe1a\xd3\x9f\
!\xdes\xe3\xbeQa\xa5\x0a\xff\xfeU\x8e\xb3b\x11\
\x80\x02P,\xb2\x16L\xd7\xcc\x89\xe7>\x91Y\x8f\x88\
\x9a\xc7k}U\xa3\xd2\xc6\xd6h\xd5\xec\xaci\xa2\xfb\
\x17%\xe9\xfb\xaf\xc5h\xc5.uZ\xc0\x89\xdd\xfd\xf4\
\x93\xe3\xca\x8d\x8a\x87\xf8\x16#\xa0h\x1el\xceR\xf1\
\x9c\x12^\xd6\x973P\x11o\xf2\x9c\x83\xdbG\x84\x89\
\x87\x06\x8a\x98\x0d\x92VL@\xcd\x1bZ\xb1PH\xce\
\xfe\x04\xbaD<\xe4W\xf4t\xad\xab*}\xef?[\
\x8d\xac\xd9\xd3(\x86\x05b\xf4\xf8\x92Ze\xee\x9fx\
8@\xe5\xa4\xadlr\xe3\x9a\xb3\x08\xf0:}\xde\xf5\
\xd2g\x86\xa6\x91\x03\x1d\x0f;\xfc\xf1\xd4p\x8e\x10r\
\xb7\x10\xabx\x04\x14\xbd\xa2\x8b' R\xb6'\x81\x1e\
Qu\x8f\xd6Z\xd1\xd0Z\x95\x02\x0fO<&\x14\x80\
?\xbe[\xa3\xcc\xe1\xd05G\x97\x11\x9bU\xadZf\
\xc8e\x1d\x02\xe1\x80\x87\xee<=L\xed\xcaJ\xdc\xfa\
7#9\xb2\x93O[v\xd8|\x8a\x0f\x8b\x13P\xf7\
\x96\xb6xA!\x9e\xb9\x04\xba)\x9c\x84dU\x0b@\
K\xa2<Y\xf0\xaf\x1f&[^\x92\xfe\xce\xe6\xd4\xab\
\x8e\x0aI\xc7GD\xf7\x10\xf8\xe6\xe02\xea\xa9P\xd9\
VA\x8e-XGw\xf1\xa9H\x8a\x88\x90L1\x09\
@\x01(&]\x17\xa7\xddU\x0c\x01\xa8*\xfe\xba*\
\xb3\xa6Q\x19\x93x\xe6\x9a:\x9a\xbd\xae\xceX\x22\xcd\
\xb1\xcf\xe9\x1b\xa0\x8e\xe5\xd6\xe8\xd55\x8b\x84\x0f\x8b\x11\
`\xd3\xff\xc5\x87\xaa[\xe3\xaf\xb2x?<\x1a\x0a\xac\
J\x9e\xc5J\x0b\x0a@\xb1\xc8\xba<]~9\xa9@\
\xc0&\xf6\x8d\xd5\xd6\x9c\x03\x90\xad|\x0f.\xae%v\
A\x9c\xed\x9e\x9ek<\x9e;F\xa1\x03\x17=y#\
\xac=\x08\x5c~x\x99e\x05\x1d\xd0\xdeG\xa7\xf44\
\xbe\x03\x96e\x0b\xe8\x10\xc1\xa0\x008\xa4\x22\xadV\x8c\
\xce\x8az\xaf\xec\x80\x87\x95\x00\xab\x95\xaf-yv%\
\x1bi\xe6\x9aT[\xb7u]?\xb5\x17^\xa0\xba\x80\
\xb9(0[\x87\xc6\xf4W\xb3\xb3\x14\xafdyMX\
\xae\xfe\xb7,E\xaf\xaf\xaf#UCn\x97Z\xd4:\
\xe1\xa2\xc7$oQ\xa1\x00\xe4E\xe4\x9c\x00f\xfa\x01\
\xe8\x5c\xae\xe6\xd1\xda\x14S\xb7\xcc\xce\xac\x9a|u\xad\
\x9aa\x80\x81\xa2\x17e\x95\xc9]f\xb1sb>\xc5\
\x18\xc0\xe2\xd5\x22FX\xc5\xc4#\xfa\xd0'Imo\
\x0c^\xce\xfa\xe7\xf7k\xe8aq\xfe\xc7\xf7j\xe8\xca\
Yq\xbabFL\xdb/#e@\xfb>\xa2\x93\x9f\
\x8c9\x033RB\xc4-\x84\x80\x9a\xb7t!9!\
L\xc9\x09xL\x1cR\xe6\x1e\x8a\x8a\x02o\xaa\xb6\x9f\
\x02\xb0rW\x03\xed\xaeU\xf3\xda\xef\x87\x0d\x83T<\
F%M\xa3\x18?\xbbs\xfb\xca\x8f\xfd\xbf\xbb\xb9\x9e\
.\x9fVEO\x8b\x1e\x7f[\xcf\xe9\x97B\xf1~\xe0\
\xe3$]\xf5J\x9cx\xb9\xab,\xc0s1\x8c%\x8b\
\xce\x94xP\x00L\xc1\xec\xaeL*\x83\x1eb?\xf7\
*J\xbdY\xbc\x88T\xa4cf\x1a\xdc\xf4\xaf\x12J\
\x80\x8a<{F1\x9bZ\x05G'\xa5\xc1\xbbH\xf2\
\xf6\xbe2e\xe2\x1d0oy;Al\x01($>\
\xff\xfe\xae\x9b\x13\xa7m\x099E|\xb8\x81y\x00\x85\
\xc8\x870\xc6\x08x\x8dEGl\x108\x90\xc0A!\
u}\x1e;\x0e\x010\x11Ur\xf3\x92@N\x0f\x07\
\x08d\x08\x1c\xd7Mn\xec?^\xd7D\xbf\x9b\x9f\xd0\
\xed\xb4\x8aw\xc6\xfc\x93\x18\x1a\xc8\xe4\xaf\xe7\xb3g\xd4\
K]\x15y\x04\xd5\x93/\xc2\x16F\x00\x0a@a\x9c\
\x0a\x0e\xd5\xa4\xfb\xe7Up\xd2\xb6\x09\xa8\xd2\x89\x0d\x9b\
\x22mS\xf0\x16\x82&\xea[\x9c\x18\xf8\x1a\x84\x01\xc0\
\x00=gF\x1d\xd8^\xee\xb5\xfd\xe4\xe7)\xda\x95d\
\xfb\x94~.l9x{S\x9d\xfe\x88\x22\x06[,\
\xc4\x87\xce\xff\x08n\x06\x01\xb9'\xc9\x0c\xc9l\x9a\x87\
\x87<6\x95\x5c\x9d\xd8\x1dB\xea\x1e\xabm5r/\
,u\xa5\x91KI\x95\xd4\xb5\x06&a\xc9I\x8eX\
V'\xd0[b\xe7=\x9e\xcc\xf7\xd2\x0ac\xabS\x9e\
_.\x17\xbfW\x85\xba\xf7\x81\xd5\xeb\xc6n\xf2\xa1f\
\xecVc6\x90\xb7\xbd\x22\xb7\xa4U\xa9&J\xd6\xab\
jJ\xcd\x05\xd7.\xa8F\x11L\xc8u\xba\xcc-,\
r3\x95@\xa5\xc4\xef\xeb\x83-\xf5\xc4J\x80\x11A\
?\xdd\xde@{$&\xb7\xf2\x1e\x01z\xf3Exs\
\x08@\x010\x87\xb3\xabrQ\xa5\x00\xc8N<\xb2\x02\
lU\xcb\xf7v\xd4\xc8M\xbe\xb2\x02\x03\xc8`\x1d\x02\
\xdb\x13j\x14i\xde\x99So\xa9T\xce\x09\xd2\x9b7\
\xc2\xe7&\x00\x05 7\x1fG\xdd5\xcb\x0f\x80\xaa-\
AU\xbd\xb4JQ\x89\xb2\xe3\xb4\xade\xb5\xeb\x1c\x88\
\xd6\xe5p\xf3\xb9\x9a\xa6w\x1f\xc1z\x89a\xa1\xbaF\
5R\xb0Un\x9f$\x85}\xd3?\x91\xb5\xb0t\x11\
\xca8\x01(\x00\xc6\x19\xda&\x05\xb3\xfc\x00\xc8\x98(\
\xb3A\xb4\xab\x05\x80} \xa8\x98\xf9\xcc\xe3\xff\x9bb\
j^\xdc\xd9\xf8\xe2\x9a9\x04\xd4\x0c\x06\xed\x935)\
\xa1\x00tT\xe4\x98\x8b\x9f\xed}\x92\x14\xf6\xad\xc6\xa6\
\xc3x\x85\x95\xce\xde\xa1\xa0\x00\xd8\xbb\xfe,)\xbd*\
\x0b\xc0W\x923\x96K\x0dEv\x99Vk\xb9\xd9E\
k\x83Yf\x9b\xd6\x99\xe3\xdc\xb2\x04b)\xfdJ\xa1\
*\x8b\x94\x8cg\xbfj\x9d\xf2Z\x16\xbc\x03\x05\x83\x02\
\xe0\xc0J-u\x91\xd4)\x00\xf6\x1c\xff\x1e\xd3On\
\x9dv\xebz[\xb4M\xd1Z\xc2\xd6\x09\xe3\xdc\xd6\x04\
\xbe\x8c\xeb\xff]\xf4\xa9\xf4\x91\xac\xf3\xa0\x0c\xac\x93{\
\xf8)\xe4\xd7o\xcf\xb0\xa37Or\xc9?(\x00.\
\xa9h3\x8b\x19\x0d\xe8\x7fId\x93ow2\xdbU\
k_\xeb]\xe1\xa5#;\xa9Y\xbc\xff\xdef(\x00\
\xd6\xae\xed\xd2H\xb7A\xd2=\xb6\xd1\xdd\x03\xaf\x18\x5c\
&U\xe0\x0d\xd5z,\x16RY \x92$\x01(\x00\
\x92\xe0\xda\x8a\xd6(a\xb2\x95\x88\xd2V\xf6\x96\xb8\x1e\
V\xa4\x00\xecL\xea\xef\xe9\x94\x1a\xc0\xff\x1d)\xf7\x92\
l-\xf7V\xd1\xcb[\xf6UC\xeb\xcb8\x07\x01\xfa\
|\xa7\xdcsq\x9e\xb0L\x1d\xddEN9=\x7fP\
\x90\x0e;H.\xee\x92\x9dj\x14Y\xa7\xbd'\xad\xf0\
(C\x01P\x5c\x0b^\x89\x99v\x12Q\x14K\xad6\
9U\x16\x00Y\xafejKSxj\x87w\xf4\xd1\
\xc8\x83\xd5\x98\xffg\xae\x81\x03\x80\xc2\xc9\xbb+\xe4\xb2\
\xaf\xe4\x15\xe3?\x9c\x1a\xa6\x01\xed\xf55\xe4\xa7\xf5\x0a\
\xd0\xb5\xc7\x84\xa4 \xaf\xabj\xd4\xe5; W&N\
{O\xe6*\xabY\xf7\xa0\x00\x98E\xda\x02\xf9\x98\xa1\
A\x07\xc4\x13\xe5\x17\x87\x8a\xe2V\xd5\xca\xbf\xe8T\xe4\
\xaf'\x0d\x9f\x18\xf5\xb8\xeeX\xb9\x97d\xeb|x\x92\
\xf7\xb4\xd5r^\xd7Z\xa7\x85\xf3\xd2\x13Pm\x00\xe7\
\xd5!\xef})\xd7\xab\xf5\x0e\x08\xf8\x00\x00\x10\x00I\
DAT\x0e\x8b1\xfc{F\x86\xe9\xa8\xce\x85)\x01\
c\xfb\x07\xe9w\xc3\xcb\xa5!\xbe\xbd\x11\x8a\xac4<\
\x13\x22*zU\x9b )\xb20L\xc0\x0c\x0dZ\x95\
\xf9\x9f\x1b\xc1\xa4\x9c\xa5\xd30'\x99\x04\xae:\xaa\x8c\
\x0e\xe9P\xd8K5_\xfa\xb3\xd6\xc8\xfbl\xcf\x976\
\xee\x9bO@\xe8\x86\xca3}E<#\xb2\x89F\x83\
\x1e\xba\xf7\x8c\x08\xfd\xe9\xb40\x8d\x10\xbd\xfbP\xab\xc7\
\x96]y\x8f\x1f\x10\xa4\xff\x9c\x1b\xa5\x1b\x8e3\xa6\xd4\
\xce\x5c\xabG\x01\x90-\x11\xe2\xc9\x12\x80\x02 K\x0e\
\xf1\xb2\x12\x90\x99%\x9c-\xa1*\x09\x97\xa3\xd9\xd21\
\xe3\xdaq\xdd|t\xc9aj\xc6\xfe\xeb\x85\xd1\xe3\xc9\
\xa5\xb5f\x88\x8d<lL`\xde\xc6z2:\xbb\xfe\
\xa4\xee~\xfa\xed\xf0r\x9a~a%=56J\xf7\
\x8d\x8a\xd0\xf3\x13\xa2\xdaq\xfd\xb0\x10\xf5\xa94\xd6<\
\xb0\x8cpde\xed\x87\xccX\x0d[\xbbl\x90\xae\x04\
\x04\xcaZ\xf5&dE\x88\xd5\xa96\x9c\xcaJ\x92;\
\xde@1\x9e\xfa\xdb\x93\xc3\xca\xb6\x80zny\x8a\xb6\
*r\xdb\x9a[r\xdc\xb5;\x81\x7f\x7f\xaan\x99\x0c\
;\xae\x1a\xdc\xd1G\xdc\xfbW\xc5\xe5\xa1O\xf4\xc9\xa7\
*_\xa4S8\x01(\x00\x85\xb3B\xc8\x02\x08\x84x\
0\xbc\x80p\xf9\x82\xc88;\xc9\x97\xa6\xea\xfb=\xa2\
^\xfa\xf3\x88rR5\xec\xc1\x9e\x0f\x9f\x5c\x8a\x97\xa6\
\xeazrjzo\x0a+\xc0\xf2]\xd6\x1c'\xe3\x9d\
\x077\xc7\x849\xcb\xa9\xf0\x1dR.(\x00\x0e\xa9H\
\xab\x14C\xd5\x10\x80\xd5\xdd\x87\xf6\x14\x8d\xff\xdd##\
J{Lw\x7f\x98\xa4\x1a\xb9\xb9]V\xa9~\xc8a\
2\x81\x7f|d=\x851&\x86\xfd\x1f\xfdL\xaf\x5c\
&\x83Cv\x1a\x01(\x00\x1a\x06\xfcQE \xe8S\
c\xba\xaf\xb5f\xc7F\xc34\xa8\x83\x97\xfe.\xc6K\
\xbb\x86\xd5M\xef\xe2\x1e\xd3\xc2-h\xfd5\xc0\xf8S\
0\x81%;\x1b\xe8\xd9/\xac5g\xe4\x8f\xef&\x88\
\x95\x80\x82\x0b\x81\x80%#\x00\x05@1\xfa&R\xd3\
\x00*\x16\xcb\xb4\xe4\x02^5\x8db\xd2\xa2\x1b\x88\x1c\
\xdf\xcdO\xf7\x9c\x11!U[\x1es\xc5|\xf1U\x03\
=\xb8\x18=&f\x81C?\x81\xff\xb7\xb8\x96X\x11\
\xd0\x1fS}\x8cg\x96\xd5\xd2\x02\x09EV\xbd$H\
\xb1\x10\x02P\x00\x0a\xa1\xa4#\x8cG\xd9t0\x1d\x99\
Z(h\x99\xa29\x00V\xb3\x00x\x04\xe3o\x0c.\
\xa3\xdbN\x0b\x13\xaf\xa5\x16\xa7J\xfe\xef\xaci\xa2\xdf\
\xce\xaf!\x9e\xfd\xaf$A$\xe2J\x027\xbf\x19\xa7\
\xd5{J;\xe6>}u\x8a\xfe\xf5\x89\xb5\xac\x11\xae\
|\x18t\x14\x1a\x0a\x80\x0eX\x08\x9a\x9f@\xd0\x97?\
L!!\xacd\x01\xe0\xcd\x8dn\x1b\x11\xa6o\x1dY\
F\x8a\x0c\x1c\x1a\x02\xf6s\xf0\xeb\xb7\x13\xb4=Q\xda\
\x17\xb7&\x0c\xfe\xd8\x9a\x00\xcf\x1d\xf9\xc9\xebqZ\xb1\
\xab4\xcf\xd2\xd4Uu\xf4\xd7\x0fe\xadX\xb6Fo\
k\xe1\xa1\x00\xd8\xba\xfa\xac'\xbc*/\x80V\x19\x01\
\x18\xde\xc3O\x8f\x9c\x1b\xa5\x13\x84\xe9_%\xed:\xf1\
\x9e\xbeE4\xfe\xcb-:\x8b[eY\x91\x969\x04\
x\xe5\xcc\xf5sc\xf4\x81\xc9&\xf8G>K\xd2\xbd\
\x0bk\x5c>\xf8iN\x1d\xab\xce\x05\x0a\x80j\xa2.\
OO\xd1\x08\x0054\x96v.Ee\xd0C\xbf:\
\xa9\x9c\xd8wz\x87\x10\x0f\x00\xa8\xabX6\xf7\xdf:\
?A\x1fm\xc5\xa4?uT\x91\x12\x13`\xab\xd2/\
\xe6%L\x99S\xc2\x1bV\xfd\xe4\xf5\x04=\xb1\xd4\x98\
\xdbj\x96\x1bGi\x08@\x01(\x0dw\xc7\xe6\xeaW\
d#o,\xd1\x5c\x0a\xbf\xf8E\x5ctH\x90\x1e\x1f\
\x13\xa53{\xab\xd9\xd8\xa7ee\xb3\x1f\xf7_\xbd\x1d\
\xa7w7\xa3\xf1o\xc9\x05\xdf\xd5\x12x\xee\x8b\x14]\
:5F\xaf\x16\xc1\x15ou\xaa\x89x\xe2\xe1\xb7f\
\xc5\xe9\x93\xedx\x8e\xd5\xd6\x9c\xb9\xa9\x89\xd7\x9d\xb9\x19\
\x227g\x13\xb0\xab\x05\x80\xf5\x16n\xf0\x1f;/J\
?8:D<\xee\xaf\xba\xa6\xf8\xc5y\xd3\x9b\x09\xfa\
p\x8b\x85\xd78\xaa.4\xd2+\x19\x81\x1d5\x8dt\
\xc7\x075\xf4\xad\x991zcC\x9da9xi\xdf\
cKj\xe9\xb2\xe91m\xe9a\x8a7\xec0\x9c*\
\x12(%\x01(\x00\xa5\xa4\xef\xc0\xbcU)\x00f\x0d\
\x00\x84|D\x13\x07\x06\xe9Q1\xce\xcf&\xffn\x91\
\xe2\xfc$\xd8'\xfa\xb5s\xe2\xf4\xd9\x0e4\xfe\x0e|\
\xec-]\xa4\x0d\xd5\x8d\xf4\x87wkh\xe2KUt\
\xff\xa2$\xcd\x17\xd6\xa7=\x05\xee\xb5\xb1^\xc4\x9d\xba\
*E\xb7\xbc\x9d\x8e\xff\xb8P\x00\x126q\xd3m\xe9\
J\xb1\x88p\xc5y\xdbY\xa4p\x10\xc3|\x02>\xee\
J+\xc8\xd6\xaf(\x9d\xb6D\x19\xd4\xc1G\xdf\x1f\x1a\
\xa2g&T\x12o\xe3\xdb\xb3\xa2x?\x85\x85b\xac\
\xff\x87\xb3\xe3\xc4/\xe2\xb6\xe4\xc1u\x10(6\x01\xee\
\xc1\xbf\xb8\x82\x1b\xf3\x04]\xf0r\xb5f\x19\xb8kA\
\x92\xb8Qoy<\xf2Y-\xf1\xea\x14V\x18\xbe-\
\xac\x07\xf7.d\xa5\xc1\xb8\x05![\xf9p\xad\xb4\x04\
\x8a\xf7\xd6+m\xb9\x90{\x89\x08x\x14\xcd\x97S\xe9\
h\x87Q\xb0X\xfd\xdby\x89\xd7\xf2?\x22\xcc\xfc\x0f\
\x9e\x1d\xa1\x8b\x0f\x0dRT\xfd0?e\xfe\xb1\x15\xe3\
\x191\x16\xfb\x8by5T%\xc6M3\xd7\xf1\x09\x02\
V \xc0\x0a\xe9\xac5)b\xb3~\xcb\xe3\x89\xa5\xb5\
\xda\x1c\x15V\x18\xac 'd(\x1e\x01(\x00\xc5c\
\xeb\xca\x94\xb9\xa1UQ\xf0C:\x18{4y(\x82\
\x1b\xfc\xb1\xfd\x83\xf4\xeb\x93\xca\xe9\xb9\x09\x15\xf4\xd0\xe8\
\xa8\xb6\x96\xbfw\x11{\xfb\x99\xb2\xef\x16&\xd6_\xce\
K\xd0\xbf\x16'\xa9\xa1\x89U\x81\xcc\x1d|\x82\x00\x08\
\xa4\x09\xe0o\xa9\x09\x18{\xcb\x96Zz\xe4oA\x02\
j\x1a\xbb\x01\xed}t\xcd1!:\xa2\x93\x9fx\x19\
^@<\xa9\xac\x5c\xf8\xc5'\xef\xbe\xd7!\xe4%\xf6\
\xc5\xcf\xa6\xfc\x93\xba\xfbi\xdc\x80\xa0\xd6\xb8\xff\xe2\xc4\
rzX4\xf43/\xaa\xd4\x1a\xfc\x1b\x8e\x0b\xd1\x19\
\xbd\x03Z\x1af\xc1\xe21\xd6\xef\xbe\x123}=\xb6\
Y\xe5C> \x00\x02\xce  ^\xa7\xce(\x08J\
a\x0d\x02^Uc\x00\xa28\x17\x0c\x0a\xd2\xdf\xcf\x0c\
\xd3\xf3\xa2\xf7>K4\xe8\xb3/\xa9\xa4W\xc4\xe7\xd4\
I\x15\xe2Z\x94\x9e\x1aWAl\xca\xff\xd3ia\xfa\
\xc9\xb0\x90f\xde?\xabO\x80\xfa\x09S?[\x00D\
\x12\xa6\xfe\xe7\x89U\x7fz\xaf\x86ny;A_%\
\xd5(B\xa6\x16\x00\x99\xb9\x86@\x9fJ\x1f\x9d\xdb/\
H7\x1eWN\xf7\x8c\x0c\xefw\xfced\x84\xae\x15\
\xca\xf7\xc8\x83\x03\xd4\xb1\x9c\xd5\xee\xe2`A\xaa\xa5'\
\x00\x05\xa0\xf4u\xe0(\x09\x1a]j\xee\xe6eVW\
\xce\x8a\xd1\xdc\xf5\x98,\xe5\xa8\x07\xdaA\x85\xe1\x8d\xac\
\xd8B6\xf9\xfc\x0a\xfa\xcf\xb9\x11\xfa\xd9\xf1!\x1a\xd3\
?@C\xbb\xf8\xf7;\x8e\xee\xe2\xa3\xf3\x85\xf2}\xcb\
\xc9\xe5\xf4\xec\xf8\x0azjl\x94~|l\x88\x0e\xef\
\xe8s\x10\x0d\x14\x85\x09@\x01`\x0a.9\xcch\x9b\
\xf7\xb8l/\x90\xb5U\x8d\xf4s1\xd6\xcf\xcb\xacx\
\xdc\xdf%\x8f\x12\x8a\xa9\x83@)mA>a\x91;\
\xa7o\x80\xfe;&J\x7f\x1e\x11&\xb6\x90\xe9\xf5q\
\xd15\xe2\xa5\x09\x03\x83\xf4\x8fQ\x11\xed\x18\xa6\xc4-\
\xb6\x0e\x80\x08Z4\x02P\x00\x8a\x86\xd6z\x09\x8bw\
A\xd1\x85Z\xec\x12\xcf`l\xe2\xff\xcb\x875\xc4c\
\xfd\x0bL\xf6\xbd^\xf4JD\x06J\x09\x94\xca\x88~\
r\x0f?=4:L7\x9fPN=\xa2j^\xf5\
l\x05\xb8S(\x12<l0\xb0=,\x02J\x1f\x94\
\x12$\xa6\xe6\xa9(\x81\xe0\xc8\xd2\x9a\x04\xd6\x8b\x1e1\
\xaf{\xb7\xa6t\xc6\xa5\x8a\xd75\xd1\xa3\x9f\xd5\xd27\
f\xc4h\xc6\xea:*\xf1\x96\x05\xc6\x0b\x84\x14\x1cG\
\x80\x97\xb6\xf2\xbc\x98?\x9e\x1a&\x1e\xeb/F\x01y\
\xd8\xe0\x81\xb3#t\xe5Qe\xc4V\x06\xbdy \xbc\
5\x08@\x01\xb0F=8J\x0av\x1c\xc2\x0d\xa5\x93\
\x0a\xc5\x1b\x9f<\xf0q\x92\xbe65F\xff]ZK\
I\xablW\xe8$\xc8(\x8ba\x02\xbc\xc4\x95W\xc1\
\xf0\xca\x18\xc3\x89\xe5I\xc0+L\x1b\x97\x1f^Fw\
\x8f,'^\x99\x93'8n[\x90\x00\x14\x00\x0bV\
\x8a\xddE\xda\x1ck\xa4\x9b\xc5\xb8\xb8\x13\x1c\x89\xac\xd8\
\xd5@\xb7\xbdW\xa3\xf5\xf8\x9f_\x9e\xa2\x04\x1a~\xbb\
?\x9e\x8e\x95\x9f\xfd^\xfcM\x8c\xd3w\x0e\x9b\xfbZ\
\x1f\xd2\xd9\xaf\xad\x22\x88\x06\x85FP\x10]\x04\xb2\x0a\
\x01s\x9f\x14\xab\x94\x1ar\x14\x9d\xc0\xe7;\x1b\xe8\xea\
W\xaam\xb9[\xd8\xaed#\xb1\xcb\xd4\x1f\xbc\x16\xa7\
\xef\x8bc\xce\xfa:\xc2\xbe'E\x7fd\x90\x81\x01\x02\
\xec+\xe3\xce\xd3#TY\xa2F\x98\xfdq\xfc\xf6\xe4\
r\x0c\x07\x18\xa8\xc3RD\x85\x02P\x0a\xea%\xca\xd3\
\x8cU\x00-\x8b\xb65\xd1D?y=A\x7f\x14=\
\xe8uU\xd6\xde\x04'\x96j\x22n\xe8yF\xff\xa5\
S\xe3\xda\xa6)\xcbE\xef\xbfey\xf0\x1d\x04d\x08\
\x14{\x15@\x99\xcfC\xb7\x9f\x161\xd5\xd9U6\x0e\
\xc7v\xf5\xd3\x0f\x8e.\xcbvk\xbfk8\xb1\x0e\x01\
(\x00\xd6\xa9\x8b\xa2Kb\xc6*\x80l\x85x]\xf4\
\xa0\xaf\x9a\x15\x17\xc3\x02q\xe2\xf5\xf2V\x18?\xe7\x1e\
\xfd\x12a\xa5`\x1f\xe8\xd7\xcd\xe5\xcdQb\x9a\xa9\x9f\
g\xf4\xc3uo\xb6Z\xc45Y\x02\xc54\x8c\xf38\
\xfco\x87\x97\xd3 \x83\xae\xb3e\xcb\xd6:\xde\xa4A\
A\x1a? \xd0\xfa2\xce-J\x00\x0a\x80E+\xc6\
ibq/\xe8\xc3-\x0d\xda\xb6\xa4\x93^\x8e\xd1/\
\xdfJ\x10\x8f\xa9/\xfb\xaa\x81\xea\x1b\x8b[Z\x9e\xa9\
\xcf\x1b\x9f\xb0\xf2\xf1\xf0'IM\x119\x7fr5]\
7'\xae\xed\x84\xb6dG\xbd0\xf1\xb3\x84\xc5\x95\x03\
\xa9\x83\x80j\x02\xe3\x06\x04\xe9\xc4\xee~\xd5\xc9\x1aJ\
\xef\xdacC\xd4+\xdaV\xd3b(iDVL\x00\
\xb5\xa4\x18(\x92\xcbO %\xba\xdf\xef\x7fYO<\
\xab\xfe\x9a\xd9q\x1a\xf3B\x15]5+F\xbf\x9f\x9f\
\xa0\x87D\x03=ee\x8a\xd8\x9f>7\xcc\xdcp\xef\
\xaci\xa2D]\x13\xd5\x09E\x81{\xe7\xdcT\xf3w\
6\xdb\xf3z\xfc/c\x8d\xb4vO\x03}\xb6\xa3A\
\xb30<\xf7EJ3\xe1\xdf:\xbf\x86~(\xd2\x1f\
\xffb\x15}kfLS>\xfe\xb7,E\xac\x88p\
z\xf9%E\x08\x10\xb0.\x01\x9ey\x7f\xd5Q!\xcb\
\x09\xe8\x13\xa6\xc6\xab\x87ZO.\xcb\x81\xb2\x80@P\
\x00\x14WB\x13q\xf3\xa48Q\x87''\xf4\x01Z\
[\xd5Hon\xac\xa7\xa7E\x03\xfd\xb7\x8f\x92\x9a?\
}6\xcds\xc3}\xc9\xd4j\x1a\xffR5\x9d\xfb|\
\x15\x9d\xf3\x5c5\x9d\xf5l\x95\xf6}\xa2\xe8\xc5_<\
\xa5\x9a\xae\x98\x11\xa3\xab^\x89\xd3\x8f\xe7\xc6\xb5F\xfe\
\xc1\xc5Im\x12\xdf\xbc\x8du\xf4\x85\xb00$\xad=\
\xfd\xc0\xe1\xb5\x8b\xe2\x15\x8b\xc0\x05\x83\x02E\xdd\xce\xda\
\x88\xdc\xa7\xf4\xf4S\xdf\xca\x03\x9b\x17#i\x22\xaez\
\x02\xa8!\xc5L=\xe4Q\x9c\x22\x92\x03\x01\x10\x00\x81\
\xfd\x09\x84\xfc\x1e\xba\xf8Pu\xbd\xecm\x89FZ\xba\
\xb3\x81v)\xdc\xc4\xea\x1bG\x94\xed/4\xce,G\
\x00\x0a\x80\xe5\xaa\x04\x02\x81\x00\x08\x80@n\x02g\xf6\
\xf6\x1b\xee\xfd\xbf'\x86\xe1x\x0f\x0b\xb6\xae}}Z\
\x8c\xae\x9d\x13\xa7\x8b\x84E\xed\xc2\x97\xab\xe9\x9e\x0f\x93\
\xb4r\xb71\xd3\x19\xef&\xc8\xcb\x13\xf7\x95\x04\xdf\xac\
F\xc0k5\x81 \x0f\x08\x80\x00\x08\x80@n\x02\xe7\
\xf6\x0b\xe6\x0e\x90\xe3.\xf7\xf6y\xb8\xecWo%\xb4\
93\xad\xe7\xc3\xf0\xa6V\xd3W\xa7\xe8{\xaf\xc6\xe9\
\xb6\xf7k\x0cy\xbd<\xa7\xaf\xbc\x9c9\x8a\x80[\x8a\
\x08@\x01P\x04\x12\xc9\x80\x00\x08\x80\x80\x19\x04:\x95\
{\xe9\x08\xc9\xady\xb7\xc4\x1b\xe9j\xd1\xb0\xf3\x84\xd9\
Bd\x9d\xb3\xae\x8e\xae\x99\x93($h\xd60\xa7\xf5\
\xdc\xb7B!k\x00\x5c,)\x01(\x00%\xc5\x8f\xcc\
A\x00\x04@@\x1f\x81\xe3\xbb\xf9\xf4Eh\x11\xfa\xf7\
\xef\xd6PuJ\xdfDe^as\xef\xc2d\x8bT\
\x0a\xff\xca\xbb\x07\xf2\xe6D\x85\xc7@H3\x09@\x01\
0\x93v\x89\xf32\xdb\x13`\x89\x8b\x8b\xecA\xc0\x12\
\x04\xf45\xb7\xf9E\x1e\xdcQ\xaeW=uUJ[\
\x15\x93?\x87\x03Cp\xdc5{\x1a\x0f\xbcQ\xc0\x95\
C\x0fby\x0b\x08\x88 \xa6\x13\x80\x02\xa0\x18\xb9\x95\
\x97\x01z\xb0@Aqm#9\x10\xc8O@\xf5\xcf\
\xee\xe0\x0a\xb9\xd7\xf6\x13KS\xf9\x85\xcd\x11\xe2\xf1%\
\xb59\xee\xb6}\xabGT5\x81\xb6\xf3\xc2\x1d}\x04\
\xe4\x9e$}y\xb8*\xb4\x07\xcb\x00]U\xdf(,\
\x08\x98M\xa0s\xd8\xa3;\xcb\x8f\xb75\xd0\x8e\x1a\xb9\
\x1e|&3^5 \xe3\xc6\xbb{\xd4G\x994\xf0\
i-\x02P\x00\xacU\x1f\x90\x06\x04@\x00\x04r\x12\
\xf0x\xf4+\x00\x1b\xab\x8d-\xe9c\x81\xd8\x83'{\
\xe6\xe4\xefz\x8e\xf6e\xfa\xe5\xd5\x93>\xc2\xca\x13\x80\
\x02 \xcf\xcev11\x07\xc0vU\x06\x81\x1d@@\
\xf5\x1c\x00\x92\xf8!\xc7\xea\xd4\x80\xdc^\xa3\xbf4\xed\
\xca\xa0\x00\xa8\xa1\xaf>\x15(\x00\xea\x99Z6E\x89\
\x8e\x83e\xcb\x02\xc1@\xc0.\x04T7\x7f2\xae\xad\
\xc3\x8a\xe6\xe1\x95I,@\x90\xd0W\xecR\xb5\xb6\x97\
\x13\x0a\x80\xed\xab\x10\x05\x00\x01\x10p\x13\x81\x9az\xfd\
\xbd\xf0n\x8av\xe7\xeb\x11\xd1\xdfd$$\xe4uS\
}\x96\xb2\xac\xfak\xb3\x94\xd2\xda \xefF\x09uW\
\x22\x8a\x0dH@D\x10\x00\x81b\x10\x90\xf1\xd7?\xa4\
\xb3\x9f\x02\x06\xdf\xf6]E\xe3\xdf]B\x91\xd8\x910\
6\xf90\xc3\x10\xef\xc9\x0c\x09u\x9f\x06\x1f\x09u\x82\
8%%\xaf\x84\x9d]\x22\x8aSp\xa1\x1c \x00\x02\
:\x09l\x90\x98\xd0\x17\x12\xa6\xfbS{\x05t\xe6\xb4\
\x7f\xf01\xfdd\xe2\x13\xad\xafV\xa3\x00\xe0=\xb9\x7f\
}\xa88\x83\x02\xa0\x82\xa2M\xd2\x80\x06m\x93\x8a\x82\
\x98\x8e\x22\xa0\xdf`\x9f\xbb\xf8k%\x1d\xf2\x5cyd\
\x19\x05}r3\x12:\x96\xf3\xee\x83\xc1\xdc\x82\xb5q\
w\xf5n5\x0a@\x1b\xc9\xe3\xb2\x01\x02P\x00\x0c\xc0\
\xb3[Th\xd0v\xab1\xc8\xeb\x04\x02rMn\xdb\
%\xffd\x87\xdc\x92\xbe\x1e\xc2|\xff\x8b\x13C\xba=\
\x95\xb0\xf5\xe0\x8e\x11\x11*\x93P\x1ej\xea\x89V\xee\
\x96\x93\xb7m\x02\xb8\xa3\x8a\x00\x14\x00U$\x91\x0e\x08\
\x80\x00\x08d! \xa3x\xe7\xb2\xd6}\x19k$\xde\
\xd1/KVy/\x8d\x10\xc3\x00?=>\x947\x5c\
&@8\xe0\xa1;GF\xa8_;\xb9\xa6\xe2\xe3m\
\xf5\xd4\xa8\xda\x04\x92\x11\x0e\x9f\x86\x09\xc8\xd5\xaa\xe1l\
\x91\x80Q\x02{j\xf5\xff\xaa\x06\xb6\x17\x03\x81F3\
F|\x10\x00\x81\x82\x09D\x83\x1e\xea\x19\xd5\xff\xbb\xab\
\xca\xb3a\xcfkk\xe5\x17\xf6\xf3V\xc2w\x9e\x1e\xa6\
C:\xe4\x96k\xe4\xc1\x01\xba\xff\xac\x88\xf4\xce\x83D\
D\xaf\x1a\x90\xb3`\xc8\x08(M\x00\x0a\x804\xba\xec\
\x11\xcdZ\x05\xf0UR\xbf\x020~@\x80\xee\x12?\
\xfc\xff;\xa2\x8cp\x80\x01\x9e\x81\xe2>\x03\xdf\x1f\x1a\
\xa2G\xce\x8dR\xb9?\xfb\xbb\x22\xd7\xd5\x9dy~\xdf\
3\x0d6\xac\xc3\xba\xfa\xe9\x81\xb3#\xf4o!\xdf\xf7\
\x86\xee\xcf\xe1\xc7\xc7\x86\xe8\xf9\x09\x15t\xcb\xc9\xe5\xd4\
[r\xdf\x01.\x1b\xafV\x98\xb7Q^Q\xe14Z\
\x1e\xb9\xac\x22-\xc3\xe1{\xe1\x04\xa0\x00\x14\xce\xaa\xa0\
\x90f\xad\x02\xd8.\xe9\xd7\xfbX\xf1\xc3\xff\xa6P\x00\
p\x94\x11\x18\x80A1\x9f\x81\x8b\x0f\x0d\xd2A!\xb9\
\x19\x00\xdb\xf3,\x9d\xe3a\x00\x15\x8dk\xdfJ/]\
r\xe8\xfe\xcf\xc1\x84\x81A\xea )w\xcb\x97\xe4\x0b\
\xcb\xe56\x0fj\x99F\xcb\xef2C)-\xe3\xe3\xfb\
\x81\x04\xa0\x00\x1c\xc8\xc4\x16W>\x93\x9c\x08d\x8b\xc2\
AH\x10p1\x01\xb6\xed}\xb2=\xff\xc4\xb9'\x0d\
\xee\xeeWL\xc4\xbb\xc5\x10\xe5\xe4\x95\xc6v\x1f,\xa6\
|H;M\x00\x0a@\x9a\x83\xed\xfe\xbe\xbf\xb9\xdev\
2C`\x10\x00\x81\xfc\x04\x96\x08\xe5>^\xc7j@\
\xee\xb0<\xbb\xfe\xc5\x15\xd6ld\xef_\x94$^\x01\
\x90\xbb\x04\xb8[j\x02P\x00\x14\xd7\x80Ys\x00\xf8\
\xc7/;\x13Xq\x91\x91\x1c\x08\x80\x80B\x02oo\
*|\xdc\xfc?\x9f&\x89\x87\x03\x14fo8\xa9\xb7\
\xc4\xb8\xff\xdc\xf5\x85\x97\xa1\xd0\x0c1\x07\xa0PR\x85\
\x87\x83\x02\xcc\x14\xd99\x00\x00\x0b\xd8IDATP\
8\xab\x82B\x9a5\x07\x80\x85\xf9\xdf2kj\xff,\
\x1b\x0e\x10\x00\x01\xfd\x04\xd8t>}u\xe1\x8d'\xf7\
\xb2o}\xb7\x86\x1a\xf2\x1b\x0c\xf4\x0b#\x11cGM\
#\xdd\xf9A\x92$\xa2\xe6\x8d\x829\x00y\x11\xe9\x0e\
\x00\x05@72\xebD\x98\xbe\xaa\x8e6\xc6\xe0e\xcb\
:5\x02I@\xc0\x18\x81\xc7\x96\xd4R\xa2\x00\xf3\x7f\
\xcb\x5cV\xecj\xa0\xdb\xde\xab)\xf9z\xfb\xeaT\x13\
\xfd\xec\xcd\x04a\xf3\x9f\x96\xb5c\xed\xefP\x00\xac]\
?9\xa5k\x106\xb1\xbb>\xa8\xc9\x19\x067A\x00\
\x04\xecA\xe0\x93\xed\xf54Er\xe2\xdc\x1b\x1b\xea\xe8\
\xae\x05\xa5{\x17p\xe3\x7f\xe3\x1b\x09Z_\xc5\x1d\x12\
{\xf0\x86\x94DP\x00\x14?\x05Md\xae-\x8eW\
\x03\xfcuaRq)\x90\x1c\x08\x80\x80\x99\x04x>\
\xcf-o'\x0ce\xc9Nw~??a\xfap\xc0\
\xce\x9a&\xbafv\x9cV\xc1\xe5\xaf\xa1\xfa+Ed\
(\x00\x8a\xa9{t{\xda6.\xc0\xb4U)zr\
\xa9\xda5\xb7\xc6\xa5B\x0a \x00\x02\x85\x10\xd8\x95l\
\xa4_\xbcUC\xb1\xc2\x87\xfe\xdbL\xf6\xcd\x8d\xf5t\
\xfd\xdc\xb8\xb4\xab\xe06\x13n\xe3\xc6\xc7\xdb\x1a\xe8{\
\xaf\xc5iS\x8b\xa1\xc86\x82\xe2\xb2\x05\x09@\x01\xb0\
`\xa5\xc8\x88\xf4\x9f\xcfj\xe9\x0f\xef\xd6P\xadUf\
\x03\xc9\x14\x02q@\xc0e\x04\x96\xecl\xa0\xef\xbc\x12\
\xa7\xb5{\xf2\xaf\xfb/\x14\xcdR\x91\xe6w_\x8d\xd3\
KE\x5c\x22\xc8\xae\xc8\xef]XC7\xbe\x11'V\
`\x0a\x95\x0d\xe1\xacE\x00\x0a\x80\xe2\xfa0k\x19`\
6\xb1y\x1c\xf0\xfb\xe2\x87\xbfx\x1b|\x04d\xe3\x83\
k `\x15\x02\xc9\xfa&z\xe8\x93$]7'N\
<\xf3_\xb5\x5c\xb1T\x13\xfdcQ\x92\xbe1#F\
s\xd6)0-4\x0b\xc8\xfe\x09\xb8\xb3q\xd9\xb4j\
\x9a\xba*[\xba\xcd\x01\x8b\xf0\xd1d\xee\xe8j\x11J\
`\xbd$\xa1\x00(\xae\x133\x97\x01f\x13}}u\
#\xdd\xf0F\x82n\x15c\x81\xab\xf7`BN6F\
\xb8\x06\x02\xa5\x22\x90\x14\x1d\xfdW\xd6\xd6\xd1\x15\xa2a\
~\xda\x84e\xbc\x9b\x85i\xfe\xb6\xf7k\xe8\xdb3c\
\xf4\xdc\x17)\xca\xb7\xc9P[\x5c\x96\xefj\xa0\x07>\
N\xd2e\xd3c\xdap#\x97\xa3\xad\xb0\xc5\xba\x8ee\
\x80\xea\xc9B\x01P\xccT\xc6\x02\xa0X\x04-\xb9y\
b,\xf0\xbb\xaf\xc4\xe8\xa2)\xd5t\xbbx\x01\xb0\xc7\
\xb0Eb\xbcnW\x9eMF\xb4\xc8\xf8\x03\x02 \xa0\
\x84\x00\x9b\xf6\xd92\xf7\xefOk\xb5\xde\xfe\xd8\x17\xaa\
\xe8\xce\x0fj\x84\xd9\xdc\xdc\xee,w\x0c\x1e\x5c\x9c\xa4\
I\x93\xab\xe9{\xc2J\xf8\xf7\x8f\x92\xf4\xfa\xfa:\xda\
\x1a\xcf\xdeIX\xb1\xab\x91\xf8\x9d\xc1\xc3\x8a\xfc\x0e\xf9\
\x81\x18\xe7\x7f~y\x8a\xd8\xb2\x90\x0bL1\xef\xc1\x02\
\xa0\x9e.\x14\x00\xc5L\xeb\xb2\xff\x9er\xe6R\x11\xf0\
\xe4\xbco\xe4&7\xf8\xb3\x85\x09\xf0~a\x0e\xfc\xa9\
\x18\xaf\xe3\x1f\xf3\xa8g\xab\x08\x07\x18\xe0\x19(\xfe3\
p\x95\x18\xdf\xe7F\xf4\xa9\xcfk\x89\xc7\xfb\x8d\xfc\x96\
U\xc5]\xb9\xbb\x81^^\x99\xa2?\xbeW\xa3\xf5\xe8\
\xb3=\x07\xdf\x7f-F\xfc\xce`\xe5\x85\xdf!\xaa\xf2\
\xce\xa4SY\x96\xf9V\xf8gJ\xe2\xddZx\xea\xee\
\x0c\x09\x05@q\xbd\xd7\x88\xb1=\xbdI\xca\xee\x18\xa6\
7\x1f\x84\x07\x01\x10\x00\x81\xe2\x11(<\xe5\x8e!\xfd\
MO<e\xae\xd5\xa4\xf0\xd2\xd87\xa4\xfeZ\xb0o\
YM\x91\x5c\xc6D\xd65\x82j0\xa5r\x90\x09\x08\
\x80@\xc9\x09\x94\xf9<\xd4\xb1\x5c\xbf\xd5\xb3Z\xa7\x87\
\xc4\x92\x17\xd4\x06\x02\xa0\xe5Q\x5cI_\xc6\xe5\xb4\xd4\
\xe1=\xfc\x8a%Ar \x00\x02 `\x1e\x81Bs\
:Y\xf2]\xb7)&\xf7n-T.7\x86\x83\x02\
\xa0\xb8\xd6\xd7I\xba\xc2\x1cyp@\xb1$H\x0e\x04\
@\x00\x04\xacG\xe0\xcc\xder\xef:\x9ePi\xbd\xd2\
\xd8[\x22(\x00\x8a\xebo\xc5\xaez\xa9M9F\xf6\
\xf6S7\x0c\x05(\xae\x0d$\x07\x02 `\x0e\x81\xc2\
r\xe9[\xe9%\x19\x0b\x00O\xae^\xbd\xbb\xa1\xb0L\
\x10\xaa`\x02P\x00\x0aFUX\xc0\x9az\xa2/\xbe\
\xd2\xff\xa0\xfa<\x1e\xfa\xee\x10\x89\xa9\xb1\x85\x89\x85P\
 \x00\x02 Pr\x02\xdf;:D^\xfd\xc3\xff\xc4\
{\x9e\xb0\x12P\xf2\x028L\x00(\x00E\xa8\xd0\x85\
[\x85\x16 \x91.\x0f\x03\x9c\xd6K\xce<&\x91\x1d\
\xa2\x80\x00\x08\x80\x80\x12\x02\x85$2\xba_\x90N\xe8\
&7\xd7i\xc1\x97\xe6z\x1d,\xa4<N\x08\x03\x05\
\xa0\x08\xb5\xf8\xfa\x069\x05\x80E\xf9\xf9\x09!\xea]\
\x81ja\x168@\x00\x04\x9cA`P\x07\x1f\xddx\
\x5cH\xaa0<\xf5o\xf6z(\x00R\xf0\xf2DB\
K\x93\x07\x90\xccm\x9e\xac\x22\xbb5f\xc8\xef\xa1\xbf\
\x9e\x19\xa1#:\xfad\xb2F\x1c\x10\x00\x01\x100\x99\
@\xee\xecN\x10\xbd\xfe\xbf\x8c\x0c\x93O\xc2\xf4\xcf)\
\x7f\xb2\xad\x9ev\xd6\xb0\x1a\xc0g8T\x12\x80\x02\xa0\
\x92f\x8b\xb4\x8c\xec\xc4\xd5\xbe\xccC\x7f\x1f\x15\xa1o\
\x0c.k\x91\x22\xbe\x82\x00\x08\x80\x80}\x08\x84D\x1f\
\xe6\xea!et\xfb\x880E\x0cx;}i%z\
\xff\xc5\xaau(\x00E\x22;sM\xdb~\xb6\x0b\xcd\
\xf2[G\x96\xd1Sc\xa3t\x86\xe4\xb2\x99B\xf3A\
8\x10\x00\x01\x10\x90%\xd0:\x1e7\xfc\xe7\x8a\xf1\xfe\
'\xc6V\xd0\xa5\x87\x19\xeb\xc4\xf0\x86fom\x84\x02\
\xd0\x9a\xb1\xaas(\x00\xaaHfI\xe7\xb1%\xb5Y\
\xae\xea\xbb\xc4^\x02\x7f}R9\xcd\xb8\xb0\x82\xfep\
j\x98.=4H\xa3\xfb\x06hXW?\x0d\xed\xec\
\xc3\x01\x06x\x06\xf0\x0c\x94\xf4\x198N\x98\xf8y\x82\
\xdf\xe5\x87\x97\xd1\x1d\xa2\xb7?\xfd\xc2J\xfa\xd9\xf1!\
\xea\x10\x92\xb4\xf9\xd3\xbe\x7f\x0f-N\xee;\xc17\xe5\
\x04\xa0\x00(G\xba/A\xde\xf6\x937\xde\xd8wE\
\xfe\x1b\xbb\xcfdo\x81W\x0f\x0d\xd1M'\x94\xd3\x9d\
\xa7\x87\xe9\x9e3\x228\xc0\x00\xcf\x00\x9e\x81\x12>\x03\
\x11\xad\xd1\xbfI4\xf8W\x1eUF\xac\x0c\xc8\xbf\xe5\
\xf6\x8f\xf9\xd1\xd6z\xfa`\x8b\xfc\x84\xea\xfdS\xc3Y\
6\x02P\x00\xb2QQx\xed\xee\x055\x0aSCR\
 \x00\x02 \xe0|\x02\xb5\x0dMt\xcfB\xf4\xfe\x8b\
]\xd3P\x00\x8aLx\xc5\xaeF\xfa\xd7'\xc6\x87\x02\
\x8a,&\x92\x07\x01\x10\x00\x01\xdd\x04\x8a\x15\xe1\xcf\xef\
\xd7\xd0\x97\xb1\xc6b%\x8ft\x9b\x09@\x01h\x06Q\
\xcc\x8fg\x96\xd5\xd2\xbb\x9ba\xca*&c\xa4\x0d\x02\
 \xe0\x0c\x02\xbc\x82j\xdeF\xbc/\xcd\xa8M(\x00\
fP\x16y\xfc\xe1\xdd\x1a\xe2\x19\xad\xe2+\xfe\x83\x00\
\x08\x80\x80\x03\x08\xa8/\xc2B1\xe6\xff\xc0\xc7\xb0\x98\
\xaa'\x9b=E(\x00\xd9\xb9(\xbf\xcacZ7\xbd\
\x19\x87YK9Y$\x08\x02 \xe0\x04\x02\xbc\x87\xca\
o\xdeIPC\x13\x9c\xfe\x98U\x9fP\x00\xcc\x22-\
\xf2\xd9\x95l\xa2k\xe7\xc6i]\x95\xfe\xcd\x82Dt\
\xfc\x07\x01\x10\x00\x01\xcb\x10P)\xc8\xc7\xdb\x1a\xe8\x86\
\xd7\xe3\x94\xc4\xabQ%\xd6\xbciA\x01\xc8\x8bHm\
\x00V\x02\xae\x9b\x9b\xa0\xf7\xbf\xc4\x18\x97Z\xb2H\x0d\
\x04@\xc0\x8e\x04\xa6\xae\xaa\xa3\x1b\xdf@\xe3_\x8a\xba\
\x83\x02P\x02\xea\xb1T\x13\xfd\xf2\xad\x04=\xf01\x96\
\xb9\x94\x00?\xb2\x04\x01\x100L\xc0x\x02\xd5\xe2=\
\xf8\xbb\xf95t\xefB,\x956NS.\x05(\x00\
r\xdc\x94\xc4z~y\x8a\xbe6-Fob\xc6\xab\
\x12\x9eH\x04\x04@\xc0\xfa\x04\x1a\xc4\x10\xff\x8b+R\
t\xf9\xf4\x18\xc1\xcdoi\xeb\x0b\x0a@i\xf9\xd3\xf6\
D#\xfd~~\x82\xae\x9c\x15\xa7YkRT\x87\xa5\
\xaf%\xae\x11d\x0f\x02 \x90\x8f\x80\xcc}\xee\xf1?\
\xf3E\x8a\xbe>\xad\x9a\xee_\x94\xa4x\x9d\xd0\x04d\
\x12B\x1ce\x04\xa0\x00(Ci,!\x9e\x18x\xd7\
\x82$]<\xa5\x9a\xfe\xb58I[\xe2\xd0\x04\x8c\x11\
El\x10\x00\x01+\x10\xe0\xd9\xfd\xfcn\xbbdjL\
{\xb7ak_+\xd4JZ\x06(\x00i\x0e\x96\xf9\
\x9b\xd1\x92\xd9<v\xcd\xec8\xfdwi-}\xb2\xbd\
^[>\xc8K\x09-#(\x04\x01\x01\x10p)\x81\
\xb6\x8b\xcd\xbd\xfa\x0d\xd5\x8d\xb4@[\xcf\x9f\xa4o\xce\
\x8c\xd1\x0f\xc5{\x8c\xad\x9b)\xb6\xfd\xb7\x1d\x15wJ\
@\x00\x0a@\x09\xa0\x17\x9a\xe5\xb2\xaf\x1a\xe8\xd1\xcfj\
\xe9'\xaf'\xe8\x8a\x191\x1a\xf3B5\x8dz\xb6\x0a\
\x07\x18\xe0\x19\xc03`\xc9g`\xc2K\xd5\xf4-\xd1\
\xe8\xff|^\x82x\x8e\xd3&\xa1\x0c\x14\xfa\xbeC8\
\xf3\x09@\x010\x9f9r\x04\x01\x10\x00\x01\xdb\x12\x80\
\xe0\xce!\x00\x05\xc09u\x89\x92\x80\x00\x08\x80\x00\x08\
\x80@\xc1\x04\xa0\x00\x14\x8c\x0a\x01A\x00\x04@\xc0\xed\
\x04P~'\x11\x80\x02\xe0\xa4\xdaDY@\x00\x04@\
\x00\x04@\xa0@\x02P\x00\x0a\x04\x85` \x00\x02 \
\xe0v\x02(\xbf\xb3\x08@\x01pV}\xa24 \x00\
\x02 \x00\x02 P\x10\x01(\x00\x05aB \x10\x00\
\x01\x10p;\x01\x94\xdfi\x04\xa0\x008\xadFQ\x1e\
\x10\x00\x01\x10\x00\x01\x10(\x80\x00\x14\x80\x02 !\x08\
\x08\x80\x00\x08\xb8\x9d\x00\xca\xef<\x02P\x00\x9cW\xa7\
(\x11\x08\x80\x00\x08\x80\x00\x08\xe4%\x00\x05 /\x22\
\x04\x00\x01\x10\x00\x01\xb7\x13@\xf9\x9dH\x00\x0a\x80\x13\
k\x15e\x02\x01\x10\x00\x01\x10\x00\x81<\x04\xa0\x00\xe4\
\x01\x84\xdb \x00\x02 \xe0v\x02(\xbf3\x09@\x01\
pf\xbd\xa2T \x00\x02 \x00\x02 \x90\x93\x00\x14\
\x80\x9cxp\x13\x04@\x00\x04\xdcN\x00\xe5w*\x01\
(\x00N\xadY\x94\x0b\x04@\x00\x04@\x00\x04r\x10\
\x80\x02\x90\x03\x0en\x81\x00\x08\x80\x80\xdb\x09\xa0\xfc\xce\
%\x00\x05\xc0\xb9u\x8b\x92\x81\x00\x08\x80\x00\x08\x80@\
\x9b\x04\xa0\x00\xb4\x89\x067@\x00\x04@\xc0\xed\x04P\
~'\x13\x80\x02\xe0\xe4\xdaE\xd9@\x00\x04@\x00\x04\
@\xa0\x0d\x02P\x00\xda\x00\x83\xcb \x00\x02 \xe0v\
\x02(\xbf\xb3\x09@\x01pv\xfd\xa2t \x00\x02 \
\x00\x02 \x90\x95\x00\x14\x80\xacXp\x11\x04@\x00\x04\
\xdcN\x00\xe5w:\x01(\x00N\xafa\x94\x0f\x04@\
\x00\x04@\x00\x04\xb2\x10\x80\x02\x90\x05\x0a.\x81\x00\x08\
\x80\x80\xdb\x09\xa0\xfc\xce'\x00\x05\xc0\xf9u\x8c\x12\x82\
\x00\x08\x80\x00\x08\x80\xc0\x01\x04\xa0\x00\x1c\x80\x04\x17@\
\x00\x04@\xc0\xed\x04P~7\x10\x80\x02\xe0\x86ZF\
\x19A\x00\x04@\x00\x04@\xa0\x15\x01(\x00\xad\x80\xe0\
\x14\x04@\x00\x04\xdcN\x00\xe5w\x07\x01(\x00\xee\xa8\
g\x94\x12\x04@\x00\x04@\x00\x04\xf6#\x00\x05`?\
\x1c8\x01\x01\x10\x00\x01\xb7\x13@\xf9\xddB\x00\x0a\x80\
[j\x1a\xe5\x04\x01\x10\x00\x01\x10\x00\x81\x16\x04\xa0\x00\
\xb4\x80\x81\xaf \x00\x02 \xe0v\x02(\xbf{\x08@\
\x01pO]\xa3\xa4 \x00\x02 \x00\x02 \xb0\x97\x00\
\x14\x80\xbd(\xf0\x05\x04@\x00\x04\xdcN\x00\xe5w\x13\
\x01(\x00n\xaam\x94\x15\x04@\x00\x04@\x00\x04\x9a\
\x09@\x01h\x06\x81\x0f\x10\x00\x01\x10p;\x01\x94\xdf\
]\x04\xa0\x00\xb8\xab\xbeQZ\x10\x00\x01\x10\x00\x01\x10\
\xd0\x08@\x01\xd00\xe0\x0f\x08\x80\x00\x08\xb8\x9d\x00\xca\
\xef6\x02P\x00\xdcV\xe3(/\x08\x80\x00\x08\x80\x00\
\x08\x08\x02P\x00\x04\x04\xfc\x07\x01\x10\x00\x01\xb7\x13@\
\xf9\xddG\x00\x0a\x80\xfb\xea\x1c%\x06\x01\x10\x00\x01\x10\
\x00\x01\x82\x02\x80\x87\x00\x04@\x00\x04\x5cO\x00\x00\xdc\
H\x00\x0a\x80\x1bk\x1de\x06\x01\x10\x00\x01\x10p=\
\x01(\x00\xae\x7f\x04\x00\x00\x04@\xc0\xed\x04P~w\
\x12\x80\x02\xe0\xcezG\xa9A\x00\x04@\x00\x04\x5cN\
\x00\x0a\x80\xcb\x1f\x00\x14\x1f\x04@\xc0\xed\x04P~\xb7\
\x12\x80\x02\xe0\xd6\x9aG\xb9A\x00\x04@\x00\x04\x5cM\
\x00\x0a\x80\xab\xab\x1f\x85\x07\x01\x10p;\x01\x94\xdf\xbd\
\x04\xa0\x00\xb8\xb7\xeeQr\x10\x00\x01\x10\x00\x01\x17\x13\
\x80\x02\xe0\xe2\xcaG\xd1A\x00\x04\xdcN\x00\xe5w3\
\x01(\x00n\xae}\x94\x1d\x04@\x00\x04@\xc0\xb5\x04\
\xa0\x00\xb8\xb6\xeaQp\x10\x00\x01\xb7\x13@\xf9\xddM\
\xe0\xff\x03\x00\x00\xff\xff\xafM\xf4\x22\x00\x00\x00\x06I\
DAT\x03\x005\xb2\x0c+\xb7D\xff\xcf\x00\x00\x00\
\x00IEND\xaeB`\x82\
\x00\x00\x01k\
<\
svg xmlns=\x22http:\
//www.w3.org/200\
0/svg\x22 width=\x2240\
\x22 height=\x2240\x22 fi\
ll=\x22#e4bd21\x22 vie\
wBox=\x220 0 256 25\
6\x22><path d=\x22M229\
.19,213c-15.81-2\
7.32-40.63-46.49\
-69.47-54.62a70,\
70,0,1,0-63.44,0\
C67.44,166.5,42.\
62,185.67,26.81,\
213a6,6,0,1,0,10\
.38,6C56.4,185.8\
1,90.34,166,128,\
166s71.6,19.81,9\
0.81,53a6,6,0,1,\
0,10.38-6ZM70,96\
a58,58,0,1,1,58,\
58A58.07,58.07,0\
,0,1,70,96Z\x22></p\
ath></svg>\
\x00\x00\x01\xf6\
<\
svg xmlns=\x22http:\
//www.w3.org/200\
0/svg\x22 width=\x2240\
\x22 height=\x2240\x22 fi\
ll=\x22#4cd72d\x22 vie\
wBox=\x220 0 256 25\
6\x22><path d=\x22M128\
,26C75.29,26,34,\
49.72,34,80v96c0\
,30.28,41.29,54,\
94,54s94-23.72,9\
4-54V80C222,49.7\
2,180.71,26,128,\
26Zm0,12c44.45,0\
,82,19.23,82,42s\
-37.55,42-82,42S\
46,102.77,46,80,\
83.55,38,128,38Z\
m82,138c0,22.77-\
37.55,42-82,42s-\
82-19.23-82-42V1\
54.79C62,171.16,\
92.37,182,128,18\
2s66-10.84,82-27\
.21Zm0-48c0,22.7\
7-37.55,42-82,42\
s-82-19.23-82-42\
V106.79C62,123.1\
6,92.37,134,128,\
134s66-10.84,82-\
27.21Z\x22></path><\
/svg>\
\x00\x00\x01<\
<\
svg xmlns=\x22http:\
//www.w3.org/200\
0/svg\x22 width=\x2240\
\x22 height=\x2240\x22 fi\
ll=\x22#e4bd21\x22 vie\
wBox=\x220 0 256 25\
6\x22><path d=\x22M240\
,102c0,70-103.79\
,126.66-108.21,1\
29a8,8,0,0,1-7.5\
8,0C119.79,228.6\
6,16,172,16,102A\
62.07,62.07,0,0,\
1,78,40c20.65,0,\
38.73,8.88,50,23\
.89C139.27,48.88\
,157.35,40,178,4\
0A62.07,62.07,0,\
0,1,240,102Z\x22></\
path></svg>\
\x00\x00\x01r\
<\
svg xmlns=\x22http:\
//www.w3.org/200\
0/svg\x22 width=\x2240\
\x22 height=\x2240\x22 fi\
ll=\x22#e4bd21\x22 vie\
wBox=\x220 0 256 25\
6\x22><path d=\x22M236\
.24,123.76l-96-9\
6A6,6,0,0,0,130,\
32V74H72a6,6,0,0\
,0-6,6v96a6,6,0,\
0,0,6,6h58v42a6,\
6,0,0,0,10.24,4.\
24l96-96A6,6,0,0\
,0,236.24,123.76\
ZM142,209.51V176\
a6,6,0,0,0-6-6H7\
8V86h58a6,6,0,0,\
0,6-6V46.49L223.\
51,128ZM46,80v96\
a6,6,0,0,1-12,0V\
80a6,6,0,0,1,12,\
0Z\x22></path></svg\
>\
\x00\x00\x01\xf9\
<\
svg xmlns=\x22http:\
//www.w3.org/200\
0/svg\x22 width=\x2240\
\x22 height=\x2240\x22 fi\
ll=\x22#4cd72d\x22 vie\
wBox=\x220 0 256 25\
6\x22><path d=\x22M138\
,204a10,10,0,1,1\
-10-10A10,10,0,0\
,1,138,204ZM235.\
81,88.55a170,170\
,0,0,0-215.62,0,\
6,6,0,1,0,7.62,9\
.27,158,158,0,0,\
1,200.38,0,6,6,0\
,1,0,7.62-9.27Zm\
-32.08,35.79a122\
,122,0,0,0-151.4\
6,0,6,6,0,0,0,7.\
46,9.41,110,110,\
0,0,1,136.54,0A6\
,6,0,0,0,200,135\
a6,6,0,0,0,3.73-\
10.7Zm-32.2,35.8\
1a74,74,0,0,0-87\
.06,0,6,6,0,0,0,\
7.06,9.7,62,62,0\
,0,1,72.94,0,6,6\
,0,0,0,8.38-1.32\
A6,6,0,0,0,171.5\
3,160.15Z\x22></pat\
h></svg>\
\x00\x00\x02-\
<\
svg xmlns=\x22http:\
//www.w3.org/200\
0/svg\x22 width=\x2240\
\x22 height=\x2240\x22 fi\
ll=\x22#e4bd21\x22 vie\
wBox=\x220 0 256 25\
6\x22><path d=\x22M154\
.64,26.61a6,6,0,\
0,0-6.32.65L77.9\
4,82H32A14,14,0,\
0,0,18,96v64a14,\
14,0,0,0,14,14H7\
7.94l70.38,54.74\
A6,6,0,0,0,158,2\
24V32A6,6,0,0,0,\
154.64,26.61ZM30\
,160V96a2,2,0,0,\
1,2-2H74v68H32A2\
,2,0,0,1,30,160Z\
m116,51.73L86,16\
5.07V90.93l60-46\
.66Zm50.53-108.8\
5a38,38,0,0,1,0,\
50.24,6,6,0,1,1-\
9-7.94,26,26,0,0\
,0,0-34.37,6,6,0\
,0,1,9-7.93ZM246\
,128a77.86,77.86\
,0,0,1-19.86,52,\
6,6,0,1,1-8.94-8\
,66,66,0,0,0,0-8\
8,6,6,0,1,1,8.94\
-8A77.86,77.86,0\
,0,1,246,128Z\x22><\
/path></svg>\
\x00\x00\x02O\
<\
svg xmlns=\x22http:\
//www.w3.org/200\
0/svg\x22 width=\x2240\
\x22 height=\x2240\x22 fi\
ll=\x22#e4bd21\x22 vie\
wBox=\x220 0 256 25\
6\x22><path d=\x22M233\
,147.24,191.43,5\
2.6a6,6,0,0,0-1.\
25-1.83,30,30,0,\
0,0-42.42,0A6,6,\
0,0,0,146,55V82H\
110V55a6,6,0,0,0\
-1.76-4.25,30,30\
,0,0,0-42.42,0,6\
,6,0,0,0-1.25,1.\
83L23,147.24A46,\
46,0,1,0,110,168\
V94h36v74a46,46,\
0,1,0,87-20.76ZM\
64,202a34,34,0,1\
,1,34-34A34,34,0\
,0,1,64,202Zm0-8\
0a45.77,45.77,0,\
0,0-18.55,3.92L7\
5.06,58.54A18,18\
,0,0,1,98,57.71V\
137A45.89,45.89,\
0,0,0,64,122Zm94\
-64.28a18,18,0,0\
,1,22.94.83l29.6\
1,67.37A45.9,45.\
9,0,0,0,158,137Z\
M192,202a34,34,0\
,1,1,34-34A34,34\
,0,0,1,192,202Z\x22\
></path></svg>\
\x00\x00\x03\xea\
<\
svg xmlns=\x22http:\
//www.w3.org/200\
0/svg\x22 width=\x2240\
\x22 height=\x2240\x22 fi\
ll=\x22#e4bd21\x22 vie\
wBox=\x220 0 256 25\
6\x22><path d=\x22M128\
,26A102,102,0,1,\
0,230,128,102.12\
,102.12,0,0,0,12\
8,26Zm81.57,64H1\
69.19a132.58,132\
.58,0,0,0-25.73-\
50.67A90.29,90.2\
9,0,0,1,209.57,9\
0ZM218,128a89.7,\
89.7,0,0,1-3.83,\
26H171.81a155.43\
,155.43,0,0,0,0-\
52h42.36A89.7,89\
.7,0,0,1,218,128\
Zm-90,87.83a110,\
110,0,0,1-15.19-\
19.45A124.24,124\
.24,0,0,1,99.35,\
166h57.3a124.24,\
124.24,0,0,1-13.\
46,30.38A110,110\
,0,0,1,128,215.8\
3ZM96.45,154a139\
.18,139.18,0,0,1\
,0-52h63.1a139.1\
8,139.18,0,0,1,0\
,52ZM38,128a89.7\
,89.7,0,0,1,3.83\
-26H84.19a155.43\
,155.43,0,0,0,0,\
52H41.83A89.7,89\
.7,0,0,1,38,128Z\
m90-87.83a110,11\
0,0,0,1,15.19,19\
.45A124.24,124.2\
4,0,0,1,156.65,9\
0H99.35a124.24,1\
24.24,0,0,1,13.4\
6-30.38A110,110,\
0,0,1,128,40.17Z\
m-15.46-.84A132.\
58,132.58,0,0,0,\
86.81,90H46.43A9\
0.29,90.29,0,0,1\
,112.54,39.33ZM4\
6.43,166H86.81a1\
32.58,132.58,0,0\
,0,25.73,50.67A9\
0.29,90.29,0,0,1\
,46.43,166Zm97,5\
0.67A132.58,132.\
58,0,0,0,169.19,\
166h40.38A90.29,\
90.29,0,0,1,143.\
46,216.67Z\x22></pa\
th></svg>\
\x00\x00\x02W\
<\
svg xmlns=\x22http:\
//www.w3.org/200\
0/svg\x22 width=\x2240\
\x22 height=\x2240\x22 fi\
ll=\x22#4cd72d\x22 vie\
wBox=\x220 0 256 25\
6\x22><path d=\x22M232\
,58H24A14,14,0,0\
,0,10,72V200a6,6\
,0,0,0,12,0V182H\
42v18a6,6,0,0,0,\
12,0V182H74v18a6\
,6,0,0,0,12,0V18\
2h20v18a6,6,0,0,\
0,12,0V182h20v18\
a6,6,0,0,0,12,0V\
182h20v18a6,6,0,\
0,0,12,0V182h20v\
18a6,6,0,0,0,12,\
0V182h20v18a6,6,\
0,0,0,12,0V72A14\
,14,0,0,0,232,58\
ZM22,72a2,2,0,0,\
1,2-2H232a2,2,0,\
0,1,2,2v98H22Zm9\
0,78a6,6,0,0,0,6\
-6V96a6,6,0,0,0-\
6-6H48a6,6,0,0,0\
-6,6v48a6,6,0,0,\
0,6,6ZM54,102h52\
v36H54Zm90,48h64\
a6,6,0,0,0,6-6V9\
6a6,6,0,0,0-6-6H\
144a6,6,0,0,0-6,\
6v48A6,6,0,0,0,1\
44,150Zm6-48h52v\
36H150Z\x22></path>\
</svg>\
\x00\x00\x02]\
<\
svg xmlns=\x22http:\
//www.w3.org/200\
0/svg\x22 width=\x2264\
\x22 height=\x2264\x22 fi\
ll=\x22#e4bd21\x22 vie\
wBox=\x220 0 256 25\
6\x22><path d=\x22M212\
.24,67.76l-40-40\
A6,6,0,0,0,168,2\
6H88A14,14,0,0,0\
,74,40V58H56A14,\
14,0,0,0,42,72V2\
16a14,14,0,0,0,1\
4,14H168a14,14,0\
,0,0,14-14V198h1\
8a14,14,0,0,0,14\
-14V72A6,6,0,0,0\
,212.24,67.76ZM1\
70,216a2,2,0,0,1\
-2,2H56a2,2,0,0,\
1-2-2V72a2,2,0,0\
,1,2-2h77.51L170\
,106.49Zm32-32a2\
,2,0,0,1-2,2H182\
V104a6,6,0,0,0-1\
.76-4.24l-40-40A\
6,6,0,0,0,136,58\
H86V40a2,2,0,0,1\
,2-2h77.51L202,7\
4.49Zm-60-32a6,6\
,0,0,1-6,6H88a6,\
6,0,0,1,0-12h48A\
6,6,0,0,1,142,15\
2Zm0,32a6,6,0,0,\
1-6,6H88a6,6,0,0\
,1,0-12h48A6,6,0\
,0,1,142,184Z\x22><\
/path></svg>\
\x00\x00\x03N\
<\
svg xmlns=\x22http:\
//www.w3.org/200\
0/svg\x22 width=\x2240\
\x22 height=\x2240\x22 fi\
ll=\x22#d72d2d\x22 vie\
wBox=\x220 0 256 25\
6\x22><path d=\x22M138\
,204a10,10,0,1,1\
-10-10A10,10,0,0\
,1,138,204ZM52.4\
4,36A6,6,0,0,0,4\
3.56,44L61.33,63\
.58a169.41,169.4\
1,0,0,0-41.14,25\
,6,6,0,1,0,7.62,\
9.27A157.58,157.\
58,0,0,1,69.91,7\
3l26.48,29.13a12\
2.21,122.21,0,0,\
0-44.12,22.19,6,\
6,0,0,0,7.46,9.4\
1,110,110,0,0,1,\
45.87-21.47l31.1\
3,34.25A74.4,74.\
4,0,0,0,128,146a\
73.44,73.44,0,0,\
0-43.53,14.15A6,\
6,0,0,0,88,171a5\
.93,5.93,0,0,0,3\
.53-1.15,62,62,0\
,0,1,59.76-7.31L\
203.56,220a6,6,0\
,0,0,8.88-8.08ZM\
235.81,88.55A170\
.32,170.32,0,0,0\
,128,50a173.45,1\
73.45,0,0,0-21.7\
6,1.38,6,6,0,1,0\
,1.52,11.9A160.5\
8,160.58,0,0,1,1\
28,62,158.26,158\
.26,0,0,1,228.19\
,97.82a6,6,0,1,0\
,7.62-9.27Zm-39.\
54,45.2A6,6,0,0,\
0,200,135a6,6,0,\
0,0,3.73-10.7,12\
2.26,122.26,0,0,\
0-50.9-23.81,6,6\
,0,1,0-2.43,11.7\
5A110,110,0,0,1,\
196.27,133.75Z\x22>\
</path></svg>\
\x00\x00\x01k\
<\
svg xmlns=\x22http:\
//www.w3.org/200\
0/svg\x22 width=\x2240\
\x22 height=\x2240\x22 fi\
ll=\x22#e4bd21\x22 vie\
wBox=\x220 0 256 25\
6\x22><path d=\x22M184\
,74H126V32a6,6,0\
,0,0-10.24-4.24l\
-96,96a6,6,0,0,0\
,0,8.48l96,96A6,\
6,0,0,0,126,224V\
182h58a6,6,0,0,0\
,6-6V80A6,6,0,0,\
0,184,74Zm-6,96H\
120a6,6,0,0,0-6,\
6v33.51L32.49,12\
8,114,46.49V80a6\
,6,0,0,0,6,6h58Z\
m44-90v96a6,6,0,\
0,1-12,0V80a6,6,\
0,0,1,12,0Z\x22></p\
ath></svg>\
\x00\x00\x01\xad\
<\
svg xmlns=\x22http:\
//www.w3.org/200\
0/svg\x22 width=\x2240\
\x22 height=\x2240\x22 fi\
ll=\x22#e4bd21\x22 vie\
wBox=\x220 0 256 25\
6\x22><path d=\x22M217\
.9,110.1l-80-80a\
14,14,0,0,0-19.8\
,0l-80,80A13.92,\
13.92,0,0,0,34,1\
20v96a6,6,0,0,0,\
6,6h64a6,6,0,0,0\
,6-6V158h36v58a6\
,6,0,0,0,6,6h64a\
6,6,0,0,0,6-6V12\
0A13.92,13.92,0,\
0,0,217.9,110.1Z\
M210,210H158V152\
a6,6,0,0,0-6-6H1\
04a6,6,0,0,0-6,6\
v58H46V120a2,2,0\
,0,1,.58-1.42l80\
-80a2,2,0,0,1,2.\
84,0l80,80A2,2,0\
,0,1,210,120Z\x22><\
/path></svg>\
\x00\x00\x02W\
<\
svg xmlns=\x22http:\
//www.w3.org/200\
0/svg\x22 width=\x2240\
\x22 height=\x2240\x22 fi\
ll=\x22#d72d2d\x22 vie\
wBox=\x220 0 256 25\
6\x22><path d=\x22M232\
,58H24A14,14,0,0\
,0,10,72V200a6,6\
,0,0,0,12,0V182H\
42v18a6,6,0,0,0,\
12,0V182H74v18a6\
,6,0,0,0,12,0V18\
2h20v18a6,6,0,0,\
0,12,0V182h20v18\
a6,6,0,0,0,12,0V\
182h20v18a6,6,0,\
0,0,12,0V182h20v\
18a6,6,0,0,0,12,\
0V182h20v18a6,6,\
0,0,0,12,0V72A14\
,14,0,0,0,232,58\
ZM22,72a2,2,0,0,\
1,2-2H232a2,2,0,\
0,1,2,2v98H22Zm9\
0,78a6,6,0,0,0,6\
-6V96a6,6,0,0,0-\
6-6H48a6,6,0,0,0\
-6,6v48a6,6,0,0,\
0,6,6ZM54,102h52\
v36H54Zm90,48h64\
a6,6,0,0,0,6-6V9\
6a6,6,0,0,0-6-6H\
144a6,6,0,0,0-6,\
6v48A6,6,0,0,0,1\
44,150Zm6-48h52v\
36H150Z\x22></path>\
</svg>\
\x00\x00\x01\xf2\
<\
svg xmlns=\x22http:\
//www.w3.org/200\
0/svg\x22 width=\x2240\
\x22 height=\x2240\x22 fi\
ll=\x22#e4bd21\x22 vie\
wBox=\x220 0 256 25\
6\x22><path d=\x22M216\
,66H142.48l37.76\
-37.76a6,6,0,0,0\
-8.48-8.48L128,6\
3.51,84.24,19.76\
a6,6,0,1,0-8.48,\
8.48L113.52,66H4\
0A14,14,0,0,0,26\
,80V200a14,14,0,\
0,0,14,14H216a14\
,14,0,0,0,14-14V\
80A14,14,0,0,0,2\
16,66ZM38,200V80\
a2,2,0,0,1,2-2H1\
46V202H40A2,2,0,\
0,1,38,200Zm180,\
0a2,2,0,0,1-2,2H\
158V78h58a2,2,0,\
0,1,2,2Zm-20-84a\
10,10,0,1,1-10-1\
0A10,10,0,0,1,19\
8,116Zm0,48a10,1\
0,0,1,1-10-10A10\
,10,0,0,1,198,16\
4Z\x22></path></svg\
>\
\x00\x00\x870\
\xff\
\xd8\xff\xe0\x00\x10JFIF\x00\x01\x01\x01\x00H\x00\
H\x00\x00\xff\xe2\x0cXICC_PROFI\
LE\x00\x01\x01\x00\x00\x0cHLino\x02\x10\x00\
\x00mntrRGB XYZ \x07\xce\x00\
\x02\x00\x09\x00\x06\x001\x00\x00acspMSF\
T\x00\x00\x00\x00IEC sRGB\x00\x00\x00\
\x00\x00\x00\x00\x00\x00\x00\x00\x00\x00\x00\xf6\xd6\x00\x01\x00\
\x00\x00\x00\xd3-HP  \x00\x00\x00\x00\x00\x00\x00\
\x00\x00\x00\x00\x00\x00\x00\x00\x00\x00\x00\x00\x00\x00\x00\x00\
\x00\x00\x00\x00\x00\x00\x00\x00\x00\x00\x00\x00\x00\x00\x00\x00\
\x00\x00\x00\x00\x00\x00\x00\x00\x11cprt\x00\x00\x01\
P\x00\x00\x003desc\x00\x00\x01\x84\x00\x00\x00\
lwtpt\x00\x00\x01\xf0\x00\x00\x00\x14bkp\
t\x00\x00\x02\x04\x00\x00\x00\x14rXYZ\x00\x00\x02\
\x18\x00\x00\x00\x14gXYZ\x00\x00\x02,\x00\x00\x00\
\x14bXYZ\x00\x00\x02@\x00\x00\x00\x14dmn\
d\x00\x00\x02T\x00\x00\x00pdmdd\x00\x00\x02\
\xc4\x00\x00\x00\x88vued\x00\x00\x03L\x00\x00\x00\
\x86view\x00\x00\x03\xd4\x00\x00\x00$lum\
i\x00\x00\x03\xf8\x00\x00\x00\x14meas\x00\x00\x04\
\x0c\x00\x00\x00$tech\x00\x00\x040\x00\x00\x00\
\x0crTRC\x00\x00\x04<\x00\x00\x08\x0cgTR\
C\x00\x00\x04<\x00\x00\x08\x0cbTRC\x00\x00\x04\
<\x00\x00\x08\x0ctext\x00\x00\x00\x00Cop\
yright (c) 1998 \
Hewlett-Packard \
Company\x00\x00desc\x00\x00\x00\
\x00\x00\x00\x00\x12sRGB IEC619\
66-2.1\x00\x00\x00\x00\x00\x00\x00\x00\x00\x00\
\x00\x12sRGB IEC61966-\
2.1\x00\x00\x00\x00\x00\x00\x00\x00\x00\x00\x00\x00\x00\
\x00\x00\x00\x00\x00\x00\x00\x00\x00\x00\x00\x00\x00\x00\x00\x00\
\x00\x00\x00\x00\x00\x00\x00\x00\x00\x00\x00\x00\x00\x00\x00\x00\
\x00\x00\x00\x00\x00XYZ \x00\x00\x00\x00\x00\x00\xf3\
Q\x00\x01\x00\x00\x00\x01\x16\xccXYZ \x00\x00\x00\
\x00\x00\x00\x00\x00\x00\x00\x00\x00\x00\x00\x00\x00XYZ\
 \x00\x00\x00\x00\x00\x00o\xa2\x00\x008\xf5\x00\x00\x03\
\x90XYZ \x00\x00\x00\x00\x00\x00b\x99\x00\x00\xb7\
\x85\x00\x00\x18\xdaXYZ \x00\x00\x00\x00\x00\x00$\
\xa0\x00\x00\x0f\x84\x00\x00\xb6\xcfdesc\x00\x00\x00\
\x00\x00\x00\x00\x16IEC http://\
www.iec.ch\x00\x00\x00\x00\x00\x00\
\x00\x00\x00\x00\x00\x16IEC http:/\
/www.iec.ch\x00\x00\x00\x00\x00\
\x00\x00\x00\x00\x00\x00\x00\x00\x00\x00\x00\x00\x00\x00\x00\x00\
\x00\x00\x00\x00\x00\x00\x00\x00\x00\x00\x00\x00\x00\x00\x00\x00\
\x00\x00\x00\x00\x00\x00\x00\x00\x00desc\x00\x00\x00\
\x00\x00\x00\x00.IEC 61966-2\
.1 Default RGB c\
olour space - sR\
GB\x00\x00\x00\x00\x00\x00\x00\x00\x00\x00\x00.IE\
C 61966-2.1 Defa\
ult RGB colour s\
pace - sRGB\x00\x00\x00\x00\x00\
\x00\x00\x00\x00\x00\x00\x00\x00\x00\x00\x00\x00\x00\x00\x00\x00\
\x00desc\x00\x00\x00\x00\x00\x00\x00,Ref\
erence Viewing C\
ondition in IEC6\
1966-2.1\x00\x00\x00\x00\x00\x00\x00\x00\
\x00\x00\x00,Reference Vi\
ewing Condition \
in IEC61966-2.1\x00\
\x00\x00\x00\x00\x00\x00\x00\x00\x00\x00\x00\x00\x00\x00\x00\x00\
\x00\x00\x00\x00\x00\x00\x00\x00\x00view\x00\x00\x00\
\x00\x00\x13\xa4\xfe\x00\x14_.\x00\x10\xcf\x14\x00\x03\xed\
\xcc\x00\x04\x13\x0b\x00\x03\x5c\x9e\x00\x00\x00\x01XYZ\
 \x00\x00\x00\x00\x00L\x09V\x00P\x00\x00\x00W\x1f\
\xe7meas\x00\x00\x00\x00\x00\x00\x00\x01\x00\x00\x00\
\x00\x00\x00\x00\x00\x00\x00\x00\x00\x00\x00\x00\x00\x00\x00\x02\
\x8f\x00\x00\x00\x02sig \x00\x00\x00\x00CRT\
 curv\x00\x00\x00\x00\x00\x00\x04\x00\x00\x00\x00\
\x05\x00\x0a\x00\x0f\x00\x14\x00\x19\x00\x1e\x00#\x00(\x00\
-\x002\x007\x00;\x00@\x00E\x00J\x00O\x00\
T\x00Y\x00^\x00c\x00h\x00m\x00r\x00w\x00\
|\x00\x81\x00\x86\x00\x8b\x00\x90\x00\x95\x00\x9a\x00\x9f\x00\
\xa4\x00\xa9\x00\xae\x00\xb2\x00\xb7\x00\xbc\x00\xc1\x00\xc6\x00\
\xcb\x00\xd0\x00\xd5\x00\xdb\x00\xe0\x00\xe5\x00\xeb\x00\xf0\x00\
\xf6\x00\xfb\x01\x01\x01\x07\x01\x0d\x01\x13\x01\x19\x01\x1f\x01\
%\x01+\x012\x018\x01>\x01E\x01L\x01R\x01\
Y\x01`\x01g\x01n\x01u\x01|\x01\x83\x01\x8b\x01\
\x92\x01\x9a\x01\xa1\x01\xa9\x01\xb1\x01\xb9\x01\xc1\x01\xc9\x01\
\xd1\x01\xd9\x01\xe1\x01\xe9\x01\xf2\x01\xfa\x02\x03\x02\x0c\x02\
\x14\x02\x1d\x02&\x02/\x028\x02A\x02K\x02T\x02\
]\x02g\x02q\x02z\x02\x84\x02\x8e\x02\x98\x02\xa2\x02\
\xac\x02\xb6\x02\xc1\x02\xcb\x02\xd5\x02\xe0\x02\xeb\x02\xf5\x03\
\x00\x03\x0b\x03\x16\x03!\x03-\x038\x03C\x03O\x03\
Z\x03f\x03r\x03~\x03\x8a\x03\x96\x03\xa2\x03\xae\x03\
\xba\x03\xc7\x03\xd3\x03\xe0\x03\xec\x03\xf9\x04\x06\x04\x13\x04\
 \x04-\x04;\x04H\x04U\x04c\x04q\x04~\x04\
\x8c\x04\x9a\x04\xa8\x04\xb6\x04\xc4\x04\xd3\x04\xe1\x04\xf0\x04\
\xfe\x05\x0d\x05\x1c\x05+\x05:\x05I\x05X\x05g\x05\
w\x05\x86\x05\x96\x05\xa6\x05\xb5\x05\xc5\x05\xd5\x05\xe5\x05\
\xf6\x06\x06\x06\x16\x06'\x067\x06H\x06Y\x06j\x06\
{\x06\x8c\x06\x9d\x06\xaf\x06\xc0\x06\xd1\x06\xe3\x06\xf5\x07\
\x07\x07\x19\x07+\x07=\x07O\x07a\x07t\x07\x86\x07\
\x99\x07\xac\x07\xbf\x07\xd2\x07\xe5\x07\xf8\x08\x0b\x08\x1f\x08\
2\x08F\x08Z\x08n\x08\x82\x08\x96\x08\xaa\x08\xbe\x08\
\xd2\x08\xe7\x08\xfb\x09\x10\x09%\x09:\x09O\x09d\x09\
y\x09\x8f\x09\xa4\x09\xba\x09\xcf\x09\xe5\x09\xfb\x0a\x11\x0a\
'\x0a=\x0aT\x0aj\x0a\x81\x0a\x98\x0a\xae\x0a\xc5\x0a\
\xdc\x0a\xf3\x0b\x0b\x0b\x22\x0b9\x0bQ\x0bi\x0b\x80\x0b\
\x98\x0b\xb0\x0b\xc8\x0b\xe1\x0b\xf9\x0c\x12\x0c*\x0cC\x0c\
\x5c\x0cu\x0c\x8e\x0c\xa7\x0c\xc0\x0c\xd9\x0c\xf3\x0d\x0d\x0d\
&\x0d@\x0dZ\x0dt\x0d\x8e\x0d\xa9\x0d\xc3\x0d\xde\x0d\
\xf8\x0e\x13\x0e.\x0eI\x0ed\x0e\x7f\x0e\x9b\x0e\xb6\x0e\
\xd2\x0e\xee\x0f\x09\x0f%\x0fA\x0f^\x0fz\x0f\x96\x0f\
\xb3\x0f\xcf\x0f\xec\x10\x09\x10&\x10C\x10a\x10~\x10\
\x9b\x10\xb9\x10\xd7\x10\xf5\x11\x13\x111\x11O\x11m\x11\
\x8c\x11\xaa\x11\xc9\x11\xe8\x12\x07\x12&\x12E\x12d\x12\
\x84\x12\xa3\x12\xc3\x12\xe3\x13\x03\x13#\x13C\x13c\x13\
\x83\x13\xa4\x13\xc5\x13\xe5\x14\x06\x14'\x14I\x14j\x14\
\x8b\x14\xad\x14\xce\x14\xf0\x15\x12\x154\x15V\x15x\x15\
\x9b\x15\xbd\x15\xe0\x16\x03\x16&\x16I\x16l\x16\x8f\x16\
\xb2\x16\xd6\x16\xfa\x17\x1d\x17A\x17e\x17\x89\x17\xae\x17\
\xd2\x17\xf7\x18\x1b\x18@\x18e\x18\x8a\x18\xaf\x18\xd5\x18\
\xfa\x19 \x19E\x19k\x19\x91\x19\xb7\x19\xdd\x1a\x04\x1a\
*\x1aQ\x1aw\x1a\x9e\x1a\xc5\x1a\xec\x1b\x14\x1b;\x1b\
c\x1b\x8a\x1b\xb2\x1b\xda\x1c\x02\x1c*\x1cR\x1c{\x1c\
\xa3\x1c\xcc\x1c\xf5\x1d\x1e\x1dG\x1dp\x1d\x99\x1d\xc3\x1d\
\xec\x1e\x16\x1e@\x1ej\x1e\x94\x1e\xbe\x1e\xe9\x1f\x13\x1f\
>\x1fi\x1f\x94\x1f\xbf\x1f\xea \x15 A l \
\x98 \xc4 \xf0!\x1c!H!u!\xa1!\xce!\
\xfb\x22'\x22U\x22\x82\x22\xaf\x22\xdd#\x0a#8#\
f#\x94#\xc2#\xf0$\x1f$M$|$\xab$\
\xda%\x09%8%h%\x97%\xc7%\xf7&'&\
W&\x87&\xb7&\xe8'\x18'I'z'\xab'\
\xdc(\x0d(?(q(\xa2(\xd4)\x06)8)\
k)\x9d)\xd0*\x02*5*h*\x9b*\xcf+\
\x02+6+i+\x9d+\xd1,\x05,9,n,\
\xa2,\xd7-\x0c-A-v-\xab-\xe1.\x16.\
L.\x82.\xb7.\xee/$/Z/\x91/\xc7/\
\xfe050l0\xa40\xdb1\x121J1\x821\
\xba1\xf22*2c2\x9b2\xd43\x0d3F3\
\x7f3\xb83\xf14+4e4\x9e4\xd85\x135\
M5\x875\xc25\xfd676r6\xae6\xe97\
$7`7\x9c7\xd78\x148P8\x8c8\xc89\
\x059B9\x7f9\xbc9\xf9:6:t:\xb2:\
\xef;-;k;\xaa;\xe8<'<e<\xa4<\
\xe3=\x22=a=\xa1=\xe0> >`>\xa0>\
\xe0?!?a?\xa2?\xe2@#@d@\xa6@\
\xe7A)AjA\xacA\xeeB0BrB\xb5B\
\xf7C:C}C\xc0D\x03DGD\x8aD\xceE\
\x12EUE\x9aE\xdeF\x22FgF\xabF\xf0G\
5G{G\xc0H\x05HKH\x91H\xd7I\x1dI\
cI\xa9I\xf0J7J}J\xc4K\x0cKSK\
\x9aK\xe2L*LrL\xbaM\x02MJM\x93M\
\xdcN%NnN\xb7O\x00OIO\x93O\xddP\
'PqP\xbbQ\x06QPQ\x9bQ\xe6R1R\
|R\xc7S\x13S_S\xaaS\xf6TBT\x8fT\
\xdbU(UuU\xc2V\x0fV\x5cV\xa9V\xf7W\
DW\x92W\xe0X/X}X\xcbY\x1aYiY\
\xb8Z\x07ZVZ\xa6Z\xf5[E[\x95[\xe5\x5c\
5\x5c\x86\x5c\xd6]']x]\xc9^\x1a^l^\
\xbd_\x0f_a_\xb3`\x05`W`\xaa`\xfca\
Oa\xa2a\xf5bIb\x9cb\xf0cCc\x97c\
\xebd@d\x94d\xe9e=e\x92e\xe7f=f\
\x92f\xe8g=g\x93g\xe9h?h\x96h\xeci\
Ci\x9ai\xf1jHj\x9fj\xf7kOk\xa7k\
\xfflWl\xafm\x08m`m\xb9n\x12nkn\
\xc4o\x1eoxo\xd1p+p\x86p\xe0q:q\
\x95q\xf0rKr\xa6s\x01s]s\xb8t\x14t\
pt\xccu(u\x85u\xe1v>v\x9bv\xf8w\
Vw\xb3x\x11xnx\xccy*y\x89y\xe7z\
Fz\xa5{\x04{c{\xc2|!|\x81|\xe1}\
A}\xa1~\x01~b~\xc2\x7f#\x7f\x84\x7f\xe5\x80\
G\x80\xa8\x81\x0a\x81k\x81\xcd\x820\x82\x92\x82\xf4\x83\
W\x83\xba\x84\x1d\x84\x80\x84\xe3\x85G\x85\xab\x86\x0e\x86\
r\x86\xd7\x87;\x87\x9f\x88\x04\x88i\x88\xce\x893\x89\
\x99\x89\xfe\x8ad\x8a\xca\x8b0\x8b\x96\x8b\xfc\x8cc\x8c\
\xca\x8d1\x8d\x98\x8d\xff\x8ef\x8e\xce\x8f6\x8f\x9e\x90\
\x06\x90n\x90\xd6\x91?\x91\xa8\x92\x11\x92z\x92\xe3\x93\
M\x93\xb6\x94 \x94\x8a\x94\xf4\x95_\x95\xc9\x964\x96\
\x9f\x97\x0a\x97u\x97\xe0\x98L\x98\xb8\x99$\x99\x90\x99\
\xfc\x9ah\x9a\xd5\x9bB\x9b\xaf\x9c\x1c\x9c\x89\x9c\xf7\x9d\
d\x9d\xd2\x9e@\x9e\xae\x9f\x1d\x9f\x8b\x9f\xfa\xa0i\xa0\
\xd8\xa1G\xa1\xb6\xa2&\xa2\x96\xa3\x06\xa3v\xa3\xe6\xa4\
V\xa4\xc7\xa58\xa5\xa9\xa6\x1a\xa6\x8b\xa6\xfd\xa7n\xa7\
\xe0\xa8R\xa8\xc4\xa97\xa9\xa9\xaa\x1c\xaa\x8f\xab\x02\xab\
u\xab\xe9\xac\x5c\xac\xd0\xadD\xad\xb8\xae-\xae\xa1\xaf\
\x16\xaf\x8b\xb0\x00\xb0u\xb0\xea\xb1`\xb1\xd6\xb2K\xb2\
\xc2\xb38\xb3\xae\xb4%\xb4\x9c\xb5\x13\xb5\x8a\xb6\x01\xb6\
y\xb6\xf0\xb7h\xb7\xe0\xb8Y\xb8\xd1\xb9J\xb9\xc2\xba\
;\xba\xb5\xbb.\xbb\xa7\xbc!\xbc\x9b\xbd\x15\xbd\x8f\xbe\
\x0a\xbe\x84\xbe\xff\xbfz\xbf\xf5\xc0p\xc0\xec\xc1g\xc1\
\xe3\xc2_\xc2\xdb\xc3X\xc3\xd4\xc4Q\xc4\xce\xc5K\xc5\
\xc8\xc6F\xc6\xc3\xc7A\xc7\xbf\xc8=\xc8\xbc\xc9:\xc9\
\xb9\xca8\xca\xb7\xcb6\xcb\xb6\xcc5\xcc\xb5\xcd5\xcd\
\xb5\xce6\xce\xb6\xcf7\xcf\xb8\xd09\xd0\xba\xd1<\xd1\
\xbe\xd2?\xd2\xc1\xd3D\xd3\xc6\xd4I\xd4\xcb\xd5N\xd5\
\xd1\xd6U\xd6\xd8\xd7\x5c\xd7\xe0\xd8d\xd8\xe8\xd9l\xd9\
\xf1\xdav\xda\xfb\xdb\x80\xdc\x05\xdc\x8a\xdd\x10\xdd\x96\xde\
\x1c\xde\xa2\xdf)\xdf\xaf\xe06\xe0\xbd\xe1D\xe1\xcc\xe2\
S\xe2\xdb\xe3c\xe3\xeb\xe4s\xe4\xfc\xe5\x84\xe6\x0d\xe6\
\x96\xe7\x1f\xe7\xa9\xe82\xe8\xbc\xe9F\xe9\xd0\xea[\xea\
\xe5\xebp\xeb\xfb\xec\x86\xed\x11\xed\x9c\xee(\xee\xb4\xef\
@\xef\xcc\xf0X\xf0\xe5\xf1r\xf1\xff\xf2\x8c\xf3\x19\xf3\
\xa7\xf44\xf4\xc2\xf5P\xf5\xde\xf6m\xf6\xfb\xf7\x8a\xf8\
\x19\xf8\xa8\xf98\xf9\xc7\xfaW\xfa\xe7\xfbw\xfc\x07\xfc\
\x98\xfd)\xfd\xba\xfeK\xfe\xdc\xffm\xff\xff\xff\xdb\x00\
C\x00\x01\x01\x01\x01\x01\x01\x01\x01\x01\x01\x01\x01\x01\x01\
\x01\x01\x01\x01\x01\x01\x01\x01\x01\x01\x01\x01\x01\x01\x01\x01\
\x01\x01\x01\x01\x01\x01\x01\x01\x01\x01\x01\x01\x01\x02\x02\x02\
\x02\x02\x02\x02\x02\x02\x02\x02\x03\x03\x03\x03\x03\x03\x03\x03\
\x03\x03\xff\xdb\x00C\x01\x01\x01\x01\x01\x01\x01\x02\x01\x01\
\x02\x02\x02\x01\x02\x02\x03\x03\x03\x03\x03\x03\x03\x03\x03\x03\
\x03\x03\x03\x03\x03\x03\x03\x03\x03\x03\x03\x03\x03\x03\x03\x03\
\x03\x03\x03\x03\x03\x03\x03\x03\x03\x03\x03\x03\x03\x03\x03\x03\
\x03\x03\x03\x03\x03\x03\x03\xff\xc2\x00\x11\x08\x01y\x02\x93\
\x03\x01\x11\x00\x02\x11\x01\x03\x11\x01\xff\xc4\x00\x1c\x00\x01\
\x01\x01\x01\x01\x01\x01\x01\x01\x00\x00\x00\x00\x00\x00\x00\x00\
\x02\x01\x03\x08\x04\x05\x06\x09\xff\xc4\x00\x1b\x01\x01\x01\x01\
\x01\x01\x01\x01\x01\x00\x00\x00\x00\x00\x00\x00\x00\x00\x02\x01\
\x03\x06\x05\x04\x07\xff\xda\x00\x0c\x03\x01\x00\x02\x10\x03\x10\
\x00\x00\x01\xff\x00\x0b\xfa\x00\x00Z\xba;\xeb\xbfI\xeb\
\xf3W\xe0\x87\x1e\x8b\xa7N.\x00\x005\xbd\x1d)\xd7\
]k:\xdeo\xc7_/\x18\x00\x14\xaaP\x16\xe9\xa4\
\xa8\xaa\x0b4\x14U\x9b\x9a\x8b\xa2\xa8\xa35\x16i`\
n\xf4\xbb\x04S*\xcdi`\x17\xad\xb0\xa2\x81f\xea\
\xad@\x1a_\xae\xa3\xcex\x97\xbf\xc2\x00\x0doW]\
~\x8b\xce\xdds\xaeM\xfc\x9d>=\xab]\xe5\x1c\x9f\
\x94\x00::[\xae\xba\xeb\xa7H\xeb{_;\xf2\xfc\
\xf5\xf8\x00\x1a\xdbX\x16\xbdn6Waf\x83K\xb3\
G;\xd6\xde\x96\x0evQ`\x17w\xbb\xa4\xean\x8a\
\x0b4\x14U\x9a\xd2\xc1f\x9b\xd1`\x02\xcd\xf5\xd3\xcf\
x\x97\xa7\xc0\x00\x0e\x8e\x96\xefN\xfd'\xad\xe7j\xde\
\xd3\x9c>k\xf9\xba\xedy\xd7\xe7|\xf8\xde@R\xba\
:\xeb\xae\xba\xdc\xf4\xe8\xbd\x9e\xcd\xaf\x82\xfe\x060\x0b\
^\xb4R\xa9XJ\xed\xa5\x14\x01\xd2\x8a\x11l\xdb\xd6\
\xd8\x22\x99E\x9a\x0a\xbb\xad\xd35\x17E\x05\x9a\x0d.\
\xcd\x0b4\xa2\x85\xafZ\x01E\x0f]<\xf7\x89z|\
\x00\x057\xa3\xbd;\xdc\xf6\xe8\xebY\xdf\xa3\xb5\xe7o\
\x8e\xfeLo>\xb1\xd37>*\xf9#[\xd1\xd2\x9d\
\xb5\xd6\xb3\xa7L\xe9Y\xd1\x9dzWO\x91\xf2\xbej\
\xf9\xe2\xd7\xad\x1a\xdbX\x85\xd3u\xa5\x80^\xb6\xc4\xd2\
j\xcd\xb3I\xd4\xd9f\x83j\xae\xa8\x1c\xef[aE\
\x00t\xa2\x82\xcd4\xb1K\xa6\x80i`z\xe9\xe7\xbc\
K\xd3\xe0\x00:\xba\xd3\xf4^v\xe9\x9dj{]w\
\xe9=m\xdev>-\xf8\xdd\x1d6{|\xd7\xf3\xb8\
o\xe1\xe8\xe9n\xba\xeb\xae\xbd#\xa5\xed\xa7\xb5\xd7K\
\x9e\x9c\xf7\x8f\xe6\xdf\x9d\xa5R\x80\xb7M%EPY\
\xa0\xa2\xac\xdc\xd4]\x15E\x19\xa8\xb3K\x03w\xa5\xd8\
\x22\x99VkK\x00\xbdm\x85\x14\x0b7Uj\x00\xd2\
\xc0\xb3\xd7\x0f=\xe2N\x9f\x00\x0b_G}w\xe9=\
zg]~\x8e\xb9\xd6\xdd\xad\xde\xdd\xfe-\xf8r\xe7\
\xae\xda|\x17\xf0-\xd3]\xb5\xd3\xa4\xf5\xb5l\xf6\xaa\
\xeby\xd2\xf3\xa6\xba~]\xf9|\xd8\x02\xd7\xad\xc6\xca\
\xec,\xd0ivn\x11z\xdb\xa2\x81\xce\xca,\x02\xee\
\xf7t\x9aMY\xa1f\x82\x8a\xb3ZX,\xddm\xac\
\x00Y\xa2\x8a=r\xf3\xde\x22\xe9\xf0\x06\xb7\xab\xb5;\
\xd6v\xeb\x9dv{\xf4\xde\xdd3\xb5\xbb[\xbd:\xf3\
~O\x8d\xf3.\xba\xf4\x9e\xbf%|\x9eU\xf9\xb5\xd6\
\xf3\xa5\xe7J\xce\x8c\xed\xd2\xba\x5c\xf4\xd7N\x8e\xbf\x0d\
|_\x96\xbeP\xa5R\xb0\x95\xdbJ(\x03\xa5\x14\x22\
\xd9\xb7\xad\xb0E\xb3K4\x15w[\xa6j.\x8a\x0b\
4\x1a]\x9a\x16iE\x0b^\xb4\x02\xcd\x1aXW\xae\
\x9ew\xc4=<\xf8\xe8\xe9n\xf4\xef\xd6z\xd6v\xad\
\xef\xd6{[\xad?GGjt\xb7O\xcc\xaf=s\
\xd2\xddgy|7\xf1\xb5\xd3\xa4t\xbd\xb4\xf6\xba\xe9\
s\xd6\x9d-\xd3]\xb8\xef\xe2\xfc\xdb\xf3:\xdbX\x85\
\xd3u\xa5\x80^\xb6\xc4\xd2j\xcd\xb3I\xd4\xd9f\x83\
j\xae\xa8\x1c\xef[aE\x03K\xa2\x82\xcd4\xb1K\
\xa6\x80Q@t\x0d/\xd7O7\xe2\x1e\x9e~\x95\xd1\
\xda\x9f\xa2\xe7\xafW]\xcf\xd1\xd1\xd6\xf3\xb7G{w\
\xa7N\x8e\xd6\xed\xf0o\xc4\x9c\xe3n\xb4\xed\xf9\xd7\xf0\
w2\xd7\xb3\xd6\xab\xad\xe7K\xce\x94\xebN\xb4\xeb\x89\
\xfcn\x9e/\xa3\xa0\x95\x15Af\x82\x8a\xb3sQt\
U\x9af\xa2\xca(\x0d\xde\x97`\x8bf\xd9\xad,\x02\
\xf5\xb6\x14P,\xddU\xa8\x03K\x02\xcdif\xfa\xe9\
\xe6\xfcC\xd3\xcfuu\xa7\xe8\xbc\xed\xd3:\xd4\xf7\xba\
\xed\xd2{[\xb5\xbb\xdb\xb5\xbatv\xd7~\x0f\x9d\xf3\
>u\xba\xd3\xbf\xcd\xbf3\x96\xfe\x1d\xce\x9a\xed{\xd2\
\xe7\xa5:[\xae\xbbZ\xf5\xd3\xf2/\xc6N\xf2\xc6\xca\
\xec,\xd0ivn\x11z\xdb\xa2\x81\xce\xca,\x02\xee\
\xf7t\x9aMY\xa1\xd0\x02\x8a\xb3ZX,\xddm\xac\
\x00Y\xa2\x8a\x0b(\xbf]g\x99\xf1'_\x81\xd1\xdf\
]\xfa\xcf[\xce\xd4\xef\xd3;[\xad\xbb\xdb\xbd\xba[\
\xb5\xbb[\xbf<\xfc\xbf\x16\xfcjv\xb7no\xcf\xf2\
W\xc6O[\xae\xb7=)\xd2\xdd5\xda\xdduv\xbf\
\xcb\xbf)\xf3\xef\xe0\x97K\x0a(\x03\xa5\x14\x22\xd9\xb7\
\xad\xb0E\xb3K4\x15w[\xa6j.\x8a\x0b4\x1a\
]\x9a\x16iE\x0b^\xb4\x02\xcd\x1aXQE\xeb}\
u\x1eo\xc4\xdd\xfe\x15;\xdev\xe9\x9dv{\xf4\xde\
\xdd3\xb5\xbb[\xf4S\xa7Gkv\xa7~\xb9\xdag\
\x9f\xe7\xdf\x9f\xa7zt\xa6\xfek\xcf\xd5t\xb9\xe9n\
\xb4\xe9N\xb4\xedK\xa5\xdb\xaf\xe6\xd7\x97\xf8k\xe6S\
u\xa5\x80^\xb6\xc4\xd2j\xcd\xb3I\xa4\xd1f\x83j\
\xae\xa8\xc2/[aE\x03K\xa2\x82\xcd4\xb1K\xa6\
\x80Q@t\x0d,\xa2\xac\xf5\xc4y\xaf\x13\xf7\xf9\x14\
\xed\xd6z\xd4\xf6\xba\xef\xd2{[\xb5;\xf4v\xa7N\
\x99\xde\xb7\xb7Gn\x93\xd9\xbb\xf9{\xe6\xed\xd6\x9d-\
\xd7\xe0\xdf\x87\x88\xbc\xe9N\xb6\xe9\xae\xd6\xe9\xab\xb7K\
\xce\x9f\x95~g\xe3\xaf\x8fJ,\xd0QVnj.\
\x8a\xb3L\xd4YE\x01\xbb\xd2\xec\x11l\xdb5\xa5\x80\
^\xb6\xc2\x8a\x05\x9bJ\xa5\x00i`Y\xad,\xa2\xac\
\xdcz\xde<\xdf\x8a?G\xcb\xe9=\xba:n~\x8e\
\x8e\xb7\x9d\xba;\xdb\xbd:tv\xb7jw\xeb\x9d\xaa\
{n\xf4\xfc\xba\xf2\xf4\xe9k\xbc\xed\xf2W\xca\xe7\x9f\
\x9b]-\xd7]m\xd7Wk\xb7j\xcb\xfc\xbb\xf3\x7f\
\x9d^s\xab\xf5\x9a\x0d.\xcd\xc2/[tP9\xd9\
E\x80]\xde\xee\x93I\xab4:\x00QVkK\x05\
\x9b\xad\xb5\x80\x0b4QAe\x17E\x08z\xdf<\xdf\
\x8a\xbb\xfc\xee\xb9\xd7g\xbfJ\xeds\xdb\xa3\xb5?E\
\xba\xdb\xafGmw\xea\xedq\xda\xf7\xbe\xe5~]\xf9\
mt\xb7^\x99\xd3\xe6\xdf\xc3\xc1\xf8)\xd2\x9dm\xdb\
WK\xb7[\xcboo\xcd\xaf3\xf95\xe5\xbb?e\
:\x03\xa5\x14\x22\xd9\xb7\xad\xb0E\xb3K4\x15w[\
\xa6j.\x8a\x0b4\x14U\x9a\x1d\x01E\x0b^\xb4\x02\
\xcd\x1aXY\xa5\xeblI\xaf[\xcf\x9b\xf1o_\xc3\
y\xda\xb7\xbfI\xedn\xd6\xefn\xd6\xe9\xd1\xde\x9d\xad\
\xdb\xa4\xf6\xb7z\xce\xfa\xcf\xca\xbf1k\xe9\x9d\xb7z\
\xf1~O\x99\xf3-\xd7]m\xd3Wn\xb6\xbdv\xac\
\xe9\xf9w\xe5\xff\x00&\xbc\xad:\xf6~\xb2\xf5\xb6&\
\x93Vm\x9aM&\x8b4\x1bUuF\x11z\xdb\x0a\
(\x1a]\x14\x16i\xa5\x8b^\xb4\x02\x8a\x03\xa0QE\
\x9bf\xe1\x85W\xad\xe3\xcdx\xbf\xaf\xe3\xd9\xfd\x1dw\
\xad\xe7kw\xb7zu\xe8\xeb\xd3;n\xf7\xeb\x9d\xae\
{V\xf7\xbc\xeb\x99\xcf\xf3:y\xabv\xbc\xe9\xbb\xda\
3\xf3\xfc\x9b\xf2u\xdb\xa3\xa1}\x1d+:V\xf5\xd7\
^\x99\xd3\xf2+\xc9~M\xf9q\xdd\xf45\xd2\xcd\xcd\
E\xd1Vi\x9a\x8b(\xa0n\xed\xdd\x82-\x9bf\xb4\
\xb0\x0b\xd6\xd8Q@\xb3iT\xa0\x0d,\x0b5\xa5\x94\
U\x9b\x84\x97\xa5\xfa\xde<\xc7\x8c/\x85\xd7n\x93\xda\
\xdd\xa9\xdf\xa3\xb5\xba[\xbd;tw\xe9\x1d\xaf{V\
w\xe9\x9d\xb8\xef\xe2\xfc\xfb\xf8=3\xae\xefku\x97\
\x0f\x89\xf2m\xd7Wk\xa7kY\xdb\xa6t\xb7O\xc1\
\xaf\x11\xf9\xd7\xe7\x87G\xe9\xee\xfd{\x84^\xb6\xe8\xa0\
s\xb2\x8b\x00\xbb\xbd\xdd&\x93Vht\x00\xb3l\xd6\
\x96\x0b7[k\x00\x16h\xa2\x82\xca.\x8a\x10V\xb6\
\xca\xf5\xbcy\x7f\x18\xf4\xe7\xd7;S\xb7Gkw\xa7\
^\x8e\xd6\xebN\xfds\xb5\xcf}w\xe8\xeb\xd3;|\
\x95\xf1\xfeJ\xf9\xb7\x9d7{u\xce\xbc\xf3\x87\xc7_\
*\x97\xab\xb7[\xcb\xdd\xedN\x9ds\xae\xcfO\xe6\xfa\
\xff\x00;\xf8\xeb\xe4\x0dW\xd6\xfaH\xb6m\xebl\x11\
l\xd2\xcd\x05]\xd6\xe9\x9a\x8b\xa2\x82\xcd\x05\x15f\x87\
@QB\xd7\xad\x00\xb3F\x96\x16iz\xdb\x12i\xb6\
Q~\xb7\x8f+\xe3N\xab\x9e\xbd\x1d\xa9\xfa-\xd6\xdd\
z;S\xbf\x5c\xedS\xda\xf7\xbdgn\xb9\xda\x9d\x7f\
6\xfc\xe4?6\xef~\x99\xd6\xddy\xe7\x0f\x92\xbeI\
}\x1d/:\xee\xf4\xd7^\x99\xd6\xf3\xa5:\x7f%\xd7\
\xf9W-\xfc\xc0}3\xf4\xae{Y\xb6i4\x9a,\
\xd0UUU\x18E\xebl(\xa0itPY\xa6\x96\
-z\xd0\x0a(iaE\x16oA\x86\x15E\x16o\
\xad\xe3\xca\xf8\xda\xee\xdd\xad\xde\xdd\xad\xd7\xa3\xb5;[\
\xb7Y\xefN\xd5\x9d\xfa:\xf4\xce\xd8\xaf\xca\xe9\xe4\xe9\
t\xed\xd3:\xd4\xf5\xe5_\x9b\xe4\xdf\x99j\xa7k\xcb\
on\x99\xd3\xa3\xa6\xcfX\xae\x7f\xc8\xf5\xfeL\x06\x9d\
\xa7\xf6\xf7\x9f\xd7Vi\x9a\x8b(\xa0n\xed\xdd\x82-\
\x9bf\xb4\xb0\x0b\xd6\xd8Q@\xb3iT\xa0\x0d,\x0b\
5\xa5\x94U\x9b\x84\x97E\x16h\xf5\xbcy_\x1c_\
{v\xb7zu\xe8\xed\xd1\xd7]\xfbgj\x9e\xd5\xbf\
\xa2\xf3\xafL\xedn\xbf6\xfe\x0f\x8e\xbe\x13{tu\
\xe9=k:\xfc\xd5\xf8\xf8o\xcd\xa7n\x99m\xebn\
\xbd3\xa6\xcfK\xde\xbf\x9f_\x13\xf9\xce\x9f\xce\xb5\xb4\
\xaaU\xe7o\xa3?j\x8c\x22\xca,\x02\xee\xf7t\x9a\
MY\xa1\xd0\x02\xcd\xb3ZX,\xddm\xac\x00Y\xa2\
\x8a\x0b(\xba(AzYE\x01\xeb\xb8\xf3>6\xbe\
\xd6\xfd\x16\xebn\xbd\x1d\xb5\xdf\xab\xb5\xc7k\xae\xf5=\
\xbagku\xa7o\xcd\xbf3\xcfxS\xb7\x5c\xeb\xb3\
\xd6\xeb\xb7\xc8\xf9|\xf7\xf2\xdb\xa6\xba\xeb\xa7\x5c\xebS\
\xd2\xb7\xae\xba\xfe\x1dx\x8f\xcb\xe9\xe5iZ\xad^\xba\
}\x0f\xd4\x11l\xd2\xcd\x05]\xd6\xe9\x9a\x8b\xa2\x82\xcd\
\x05\x15f\x87@QB\xd7\xad\x00\xb3F\x96\x16iz\
\xdb\x12i\xb6Q`Z\xfdq\x1e[\xc7\x17\xfa\xed\xda\
\x9dz;[\xb5;u\xce\xd7\x9d\xeb;\xdb\xafL\xed\
N\xdc\xf7\xf3\xfeuy\x96\xf7\xeb\x9do:\xd3\xae\xbb\
\xfc{\xf0\xf3b\xb3\xa3z\xf4\xce\x9d\x1dvzUv\
\xd9\xe9\xfc\xb7o\xe5\x5c\xf7\xf2\x94^\xa8\xae\xee\xfb4\
\x9a,\xd0UUU\x18E\xebl(\xa0itPY\
\xa6\x96-z\xd0\x0a(\x0e\x81E\x16m\x9b \xab4\
\xb3E*\x95\xeb~~W\xc7]?}:\xf4u\xb7\
jw\xea\xedq\xda\xb7\xbd\xe7n\x99\xda\xddu\xdb\xf3\
\xab\xcc\xf2\xae\x15\x9dz\xbbT\xf5\xaa\xed\xb3\xd3\xe0\xbf\
?yM\xedn\x9d3\xa6\xc7[\xae\xbb\x9d~z\xf9\
\xbf\xcdu\xfel^\xa8\xaaUMZ\xf6l\xa2\x81\xbb\
\xb7v\x08\xb6m\x9a\xd2\xc0/[aE\x03\xa0\xa5R\
\x804\xb0,\xd6\x96QVn\x12]\x14Y\xa3[k\
K\xd6\xf3\xe5|w\xd3\xe9[\xafGjv\xe8\xef\xd2\
{S\xbdgn\x8e\xdd3\xae\xbbq\xdf\xc1\xf0W\xc0\
\xdd\xed\xd3;\x5c\xf4\xad\xed\xb9\xdb7\x97\xc9_\x1b]\
i\xd7\xa6t\xa9\xe9[\xd7]\xab/\xf1zx\xaf\xcc\
\xbf9\xaa\xdc\xaa\xca\xac\xad\xa6\xcd\xb2\x8b\x00\xbb\xbd\xdd\
&\x93Vht\x00\xb3z\x06\x96\x0b7[k\x00\x16\
h\xa2\x82\xca.\x8a\x10^\x96Q@ttHz\xdf\
<\xaf\x8f/\xea\xf4v\xe9\x9dk{\xf5\xce\xd5=\xeb\
{\xdeu\xeb\x9d\xa9\xdb\x19\xf9\x97\xe5\xb3j\xf3\xafG\
Z\x9e\xb5]\xaaz\xf2\xdf\xc1\xf3\xd7\xe1\xd7[\xce\xbd\
3\xa6\xe7J\xae\xdb=\x1b\x1f\xcbu\xfebN\xcdV\
\xd5n\xa6\x99`\xd3Aw{\xbaf\xa2\xe8\xa0\xb3A\
EY\xa1\xd0\x14P\xb5\xeb@,\xd1\xa5\x85\x9a^\xb6\
\xc4\x9am\x94X\x16\xbd\xcdKn\xbdo\x1eS\xc7\xd7\
\xf5\xfa;k\xbfWk\x8e\xd7\xbd\xeb;t\xce\xd6\xeb\
\xae\xbf\x9b~j\x1f\x9fw\xb7\x5c\xebS\xd6\xf7\xb6\xe7\
k_\xc7_\x167/:tu\xd8\xe9w\xd7g\xad\
\xed\xfeV\xf9\x8f\xc9\xaf'[U\xba\x9be\x95UY\
\x93\x99\x80\xaa\xaa\xaa0\x8b\xd6\xd8Q@\xd2\xe8\xa0\xb3\
M,Z\xf5\xa0\x14P\xd2\xc2\x8a,\xde\x83\x0c*\xcd\
,\xd1J\xa5!\xb7\xb6\xbfZG\x92\xf2\x05\xfd\xbbv\
\xb7~\x93\xda\xdd\xab;\xdb\xb7L\xebN\xbf\x9f_\x03\
\x8e\xfe\x0d\xde\xfd3\xafGZ\x9e\xbb\xbd\xab:\x19\xf1\
_\xc5\xa7^\x99\xd2\xa7\xadoMv\xac\xbcO\xf3\x9d\
\x7f\x9bc\x9b-\x96UUR\xb7*3\x9c\xa0\xdd\xdb\
\xbb\x04[6\xcdi`\x17\xad\xb0\xa2\x81\xd0R\xa9@\
\x1aX\x16kK(\xab7\x09.\x8a,\xd1\xad\xb5\xa0\
\xa5\xed\xeb}i\x1eK\xc8W\xf7\xa9\xfa:\xe7[\x9e\
\xd5\xbf\xa2\xf3\xafL\xefK\xfc\xfa\xf8\x1cw\xf1V\xf5\
\xa7^\x99\xd6\xa7\xb5\xd7]\x9e\xd6\xe9\xf3\xef\xe0\xe3_\
\x93\xa6t\xbc\xe9Y\xd7k\xae\xcf[_\xe4W\x91\xfc\
\xfd\xf3\xe5\x17U\xb4\xad\x9a\xa5j\xb98\xc3\x91w\xd3\
tM&\xac\xd0\xe8\x01f\xd9\xad,\x16n\xb6\xd6\x00\
,\xd1f\x85\x94]\x14 \xbd,\xa2\x80\xe8\xe8\x90\xaa\
\xbah\xf5\xa4y/!\xdf\xa3\xe8\xed\xd2{S\xbdg\
n\x99\xdbO\xce\xbf=\xcfxt\xce\x8d\xed\xd3:\xf4\
\xce\xb5\x9dw{\xdet\xac\xbf\x82\xfe%/\xa3\xa6\xcf\
K\xae\xbb=\xafk\xe7\xcf\xc5\xf8\x17\xe0\xf7kv\xa9\
U5\xaa\xd5\x15J\xe0\xfc\x90\x9b\xbd\xdd3QtP\
Y\xa0\xa2\xac\xd0\xe8\x0a(Z\xf5\xa0\x16h\xa2\x82\xcd\
/[bM6\xca,\x0b^\xe6\xa5WT\xa0\xc7\xad\
\xf8\xf9?!w\xf4\xdds\xb5Oj\xde\xfd3\xaf\x17\
\xe3\xf8+\xe2n\xe5\xba\xd3\xad;u\xce\xbb=n\xbb\
l\xf5\xe8\xeb\xc3\x7f\x17\x0a\xfc]\x1dj:V\xf5\xd7\
[\xcbe~\x07O\x05\xce\xbf6\xaa\xa6\xb5Z\xa2\xa9\
T\xa2\xfeW\xe0T\xd5\x18E\xebl(\xa0itP\
Y\xa6\x96-z\xd0\x0a(iaE\x16oA\x86\x15\
f\x96h\xa5R\x90\xdb\xdbX\x0ew\xebx\xf2\x1eE\
\xef\xean;]~\x8es\xc3\xe4\xaf\x93\xcf\x7f.\xba\
[\xafGS\xb7\x5c\xeby\xd6\x9du\xde\xf2\xf7/\xe2\
\xbf\x8bk\xbc\xebY\xd3k\xb6\xcfK_\xe4_\x91\xf8\
\xf7\xe4VU(\xa2\xa9T\xa2\xcb\xa5|{\xf2\xaa\xf0\
\x22\xd9\xb6kK\x00\xbdm\x85\x14\x0e\x82\x95J\x00\xd2\
\xc0\xb3ZYEY\xb8ItQf\x8dm\xad&\xaf\
oZ\x11L\xafZG\x91\xf2GoM\xc7?'\xcf\
_\x86\x1cm\xdb]-}3\xb6\xef[\xce\xbd\x1d\xaa\
z\xd5v\xd9\xeb\xd3:\xfc\xd5\xf3cx[\xa5OZ\
\xae\xbb=m\x7f\x9d\xbe\x7f\xf3\xeb\xcfR\x8a\xd5j\xa9\
E\xea\xe9Z\xd9O\xc9\xd3\xe4\xe8\x9aMY\xa1\xd0\x02\
\xcd\xe8\x1aX,\xddm\xac\x00Y\xa2\xcd\x0b(\xba(\
AzYE\x01\xd1\xd1!uz\xd0\x9dM\x8fZG\
\x92\xf1\x8f~\x14\xebn\xb4\xedn\xb4\xbbv\xb7Mv\
\xe8\xedq\xd2\xb7\xb6\xe7n\x8e\x90\xe5\xf3_\xcc\xe8\xeb\
\xb1\xd2\xf7\xa9\xda\xf2\xbe-\xf8\xdf\x9d^l\xadU+\
T^\xae\x95\xad(\xa8\xdf\xcb\xf3_\xcdf\xa2\xe8\xa0\
\xb3AEY\xa1\xd0\x14P\xb7M\x00,\xd1E\x05\x9a\
^\xb6\xc4\x9am\x94X\x16\xbd\xcdcj\xadA\x84t\
\x03\xd6\xd9\xe4\xbca\xd7\x95\xba\xd3\xb5\xbbk\xa7GK\
\xce\xbb\xbd\xaf:\xf4u\xa9\xeb[\xde\xb3\xa6\xab\xe4\xaf\
\x93J\xbc\xe9N\x9b\xbd\xaaz|{\xf1?:\xbc\xfe\
\xaa\x95\xab+WJ\xd6\x95\xaa\xd6\xd2\xbeZ\xf9\xdcw\
\xf0\xa3\xa6\x96\x14P4\xba(,\xd3K\x16\xbdh\x05\
\x144\xb0\xa2\x8b7\xa0\x90U\x9aY\xa2\x95JCo\
m`9\xd9\xa2\xaa\xbdm\x9eG\xc5\xf7\x16\xedN\xd6\
\xe9N\x96\xedn\x9a\xed\xd5\xd6\xa3\xad\xefm\xce\xd6\xaf\
\x92\xbei\x16\xe9S\xd6\xab\xaaz|5\xf0>M\xf8\
\xfa\xbdQz\xban\xa8\xadm7W\xab\xac\xdf\xce\xe9\
\xf0&e\x9bf\xb4\xb0\x0b\xd6\xd8Q@\xe8)T\xa0\
\x0d,\x0b5\xa5\x94U\x9b\x84\x97E\x16h\xd6\xda\xd0\
R\xf6\xf5\xa1\x14\xca\x1b\xbbw~\xb3\x8f\x1f\xe3+S\
\xb5\xbbj\xfa:\xdeu\xdd\xed\xd3:\xf4u\xa9\xeb\xbb\
\xda\xb3\xa7\xcf\xbf\x82w\x8fGM\x9e\x97\xbde\x9f\x9f\
\xbew\x8e\xfeMYT\xbdV\xb4\xadm7W\xab\xac\
\xddo=\xe5\xf9\xf5\xf0SVkK\x00\xb3z\x06\x96\
\x0b7[k\x00\x1d\x00\xb3B\xca.\x8a\x10^\x96Q\
@ttH]^\xb4'S`]\xde\xb7\xd6\x5c\xfc\
\x87\x8dz\xd5;\xd3\xa5\xae\xdd\xa9\xd6\x9d\xba:Tv\
\xba\xeb\xb3\xdb\x85~\x08\xde\x1d3\xadOJ\xde\x9f6\
\xfe\x0f\x8f~.\x05\xd2\xa9F\x95\xad\xa5j\xf5U\x9b\
\xaam\x95\xf2o\xc9\xf9\xb3\xe7QAf\x82\x8a\xb3Z\
X(\xa1n\x9a\x00Y\xa2\x8a\x0b4\xbdm\x894\xdb\
(\xb0-{\x9a\xc5UR\x83\x08\xe8\x05\xdd\xebrw\
\xd6\x91\xe4\xbci\xda\xfa:\xeb\xa5\xba\xf4\xce\x8d\xed\xd3\
:\xf4\xce\xb5\x9d\xb7z\xfc\xef\xc1\x15\xcb\xa6t\xe8\xeb\
\xc6\x7f?\xcb_+\x9e\xf0.\x97M(\xdan\xabW\
J\xdc\xddSl\xbaS\x1f\x95\xbe`\x8b\x0a(\x1a]\
\x14\x16i\xa5\x8b^\xb4\x02\x8a\x1aXQE\xeblH\
*\xcd:\x01J\xa5!\xb7\xb6\xb0\x1c\xec\xd1UUU\
\x90\x9a\xbf[\xcf\x90\xf1\xad\xf6\xa7Kt\xb7Zv\xac\
\xeb\xd5\xd7g\xae\xd5\xf0|\xf9\xd5eF\xfe~\x19\xf8\
y\xef-]+ZQTR\x8e\x94\xdd\xcd\xd57\xa1\
U\x95J\xa5|\xbb\xf3?=\xf1:\x06\x96\x01z\xdb\
\x0a(\x1d\x05*\x94\x01\xa5\x81f\xb4\xb2\x8a\xb3p\xc2\
\xa8\xa2\xcd\x1a\xdbZ\x0a^\xde\xb4\x22\x99Cwn\xed\
(\xdb\xad\xdfZ\xc7\x8f\xf1\xbd\xfe\x8dt\xe8\xeby\xd5\
\xbd\xba\xe7[\xce\xb0\xe7\xf3\xef\xcf\x9d\xe5\x0e<\xdcM\
\xd5\xd2\xb5\xa5\x15E,\xba\xca\xa0\xb6\xd9U\x95J\xad\
\xaa\xca\xc9~=yF\xf2\xd6\x96\x01f\xf4\x0d,\x16\
n\xb6\xd6\x00:\x01f\x85\x94]\x14 \xbd,\xa2\x80\
\xe8\xe8\x90\xba\xbdhN\xa6\xc0\xbb\xbd\xcd\x95*\xa8\xf5\
\xa7\x1f\x1f\xe3~\xdf\xae\xd7\xd3;n\xf5\xbc\xeb\xbb\x9f\
\x16|\xae[\xf8\xf5\xba\xb2\xb5t\xadQ\xba\xaan\xab\
WYZ\xd6\xd1\xd3U\xb9T\xaa\xda\xac\xa4\xd6\xab\xe1\
\xdf\x8b\xf1W\xc4\xa0\xb3AEY\xad,\x14P\xe8\xe8\
\x00,\xd1E\x05\x9at\xd2\xc4\x9am\x94X\x16\xbd\xcd\
b\xaa\xa9A\x9a\x8b\x02\xee\xf5\xb9;7v\x22\xbdi\
\xcf\xc7x\xe7\xbf\xeb\xb7k\xce\x93\xbb\xc5\xf8\xb8\xbf\x16\
\xb7T]/[\xaa+[M\xd5\xea\xeb7Z\xdb/\
UYT\xaa\xda\xd9\xa6V\xaa\xb6\xf9\xef\x1f\xc6\xdf\x1f\
I,\xd0itPY\xa6\x96-z\xd0\x0a(ia\
E\x16oA \xab4\xe8\x05*\x94\x86\xde\xda\xc0s\
\xb3EUUVBj\xefu:\x9b\xf5\xa4x\xcf\x1d\
w\xfd\xb2\xe7\xcd\xc2\x1c)E\x95K\xd5kJ\xd6\xd3\
uz\xba\xcd\xd6\xb7\xa1Z\xaa\xca\xa5V\xd6\xcd&\xb7\
j\xb6\xdbL\xbf\xc8\xdf#\xcb\x7f\x06\xa8\xa0\x0e\x9aX\
Q@\xe8)T\xa0\x0d,\x0b5\xa5\x94U\x9b\x86\x15\
E\x16h\xd6\xda\xd0R\xf6\xf5\xa1\x14\xca\x1b\xbbwh\
E]n\xeej,z\xd2<g\x8c;\xf1\xd6\xd2\x8b\
.\x95J4\xadm+WJ\xdc\xddSl\xadUe\
R\xebkf\x93U\xb5\xbbM\xb6^\xce\xfe}|\x0f\
\x8a\xbc\xfe\xb4\xb0\x0b7\xa0i`\xb3u\xb6\xb0\x01\xd0\
\x0b4:\x1a]\x14 \xbd,\xa2\x86\x96\xe8\x90\xba\xbd\
hN\xa6\xc0\xbb\xbd\xcd\x95*\xa8s\xb3G\xad'\xc6\
x\xcf\xb4\x95\xab\xd5\xd3J6\x9b\xaa\xd5\xd2\xb77T\
\xde\x85R\xab*\x95\xaa\xdc\xa4\xd5mn\xdbkr\xd3\
UO\x97~g\xe5o\x92\xd0\xb3AEY\xad,\x14\
P\xb7M\x00,\xd1E\x05\x9at\xd2\xc4\x14m\x94X\
\x16\xbd\xcdb\xaa\xa9A\x9a\x8b\x02\xee\xf5\xb9;7v\
\x22\xd9\xa3u\xebG\x8c\xf1\x95\xe9]\x1d\x01EY\xab\
.\xd5\xb8m\x9d\x0d\xb5nUm\xd3Ql\xdb\xabe\
.\xf6-\x9bv\xd8\xbf\xc2\xbf\x15\x1b\xf8M,\x03\xa6\
\x96\x14P:\x0aU(\x03K\x02\xcdie\x15f\x88\
.\x8a,\xd1\xad\xb5\xa0\xa5\xefM\x02)\x945\xb7\xd2\
\xd2\x85UV\xe1\x1d\x00\xabz\xce|g\xff\xc4\x00)\
\x10\x00\x01\x02\x05\x03\x05\x01\x00\x02\x03\x00\x00\x00\x00\x00\
\x00\x01\x020\x03\x06\x115P\x00 1\x04\x10\x12!\
2@\x13\x22%3A\xff\xda\x00\x08\x01\x01\x00\x01\x05\
\x02iB\x8f\xd33,X\xda\xa5uJw!\xc5\x8c\
\xc4\xb1cmI\xd8\xa1F\xe9\x5c\xc4\xb1cqB\x87\
\xb1\x15\x0d\xc4\x1e\xf2\xd2\xc5\x8d\xc5\x0a\x8e\xeb\x0d\xacU\
9ib\xc6\xea\x85\x0fb*\x1bP\xa2\xb2\xb2\xc5\x8d\
\xd5\x8f]\xd6=\xb5\x14{\xca\xcb\x167iQ\xddb\
\xa9j \xfe\xb9Yb\xc6\xf2\x87\xf6\xeeE\x0b'\xd8\
\xca\xcb\x167\xa2\x0d\x91\x03dP\xe5%\x8b\x1b\xd1>\
{\xa8zj'\xdeRX\xb1\xbc\xaf\x97\xa3}\xe5%\
\x8b\x1b\xc7\x8d\x8a\x1f\xd9\x9e\xa3\x91\x94\x96,o\x1e6\
D\xe5\x9e\xa7C),X\xde\xff\x00\x9b\x16\xd7S\xd8\
d\xe5\x8b\x1b\xc7\xe7b\xf8g\xaa\xec2r\xc5\x8d\xe5\
\xfcl_\xcb=W9Ib\xc6\xf4_\x9d\x8b\xf9g\
\xa9\xfb\xec2R\xc5\x8d\xe8\xbbW\xf2\xcfQ\xfe\xde\xc3\
%,X\xdeY\xaa\xb6/\xe5\x95\x9a\xaf\xb8\xe3!,\
X\xdd<m\x89\xc3\x0b4N\xc4\xe4e\x8b\x1b\xb1O\
\xad\xb1\x19\xeaM!l\x19\x19b\xc6\xea\xcdU\xb5|\
\xb1\xd5\x1a\xab+,X\xdcY\xa0\xdc\xaeXY\xf3^\
VX\xb1\xb8\xb3R\xf4exC\xcbK\x166\xe2*\
\x83r\xbd%\x8e\xa5UVZX\xb1\xb4O\x88\xadw\
\xad\x85\x10\x94\x9a\xa8\xe5\xa5\x9b#JW\x91\xde\xaew\
\xf5+\xccK6FV\xbf&\x0f\xa1\xbdG\xc4\x13S\
\xbc\xe4%\x9b#\x0b]YYb:\xeaX9\x09f\
\xc9\xb8\x90\x9d)e\x7f\x86*\xfc\x12\xca\xb9\xc7\xcb\x16\
=\xaa\x88\x13\xa2Iigy \x05\xa8\xadL\x9eq\
\xf2\xc5\x8f\xb9ZF\x8a\xca\x9b\xe0s\xbe,O#\x9a\
\x96l\x95\x03_\xca5\xe6\xa2\xea\xcdN\xe8\xb1\x1b<\
d%\x9b#\xca4\x1b\xa2Dq\x5cd%\x91\xfe\x11\
\xd2i\xaewD\x88\xea\xf22\xcd\x91\xd2k\xb9q*\
\xf159\x09f\xc8\xe2\x95]\xa4\x84\xe9J*yF\
\x83#,\xd9\x1bR\xb6\x98\x9a\xad_\x88rR\xc5\x8d\
\xa2k\xb0\xac\x0d\x15\x15~\x0e4MNFY\xb21\
]\x13^\xdck\xcch\xa8\x9f\xc5\x14\xfa\xc9K6M\
\xe5T\xd7\x90\xd7\x96\xbc\x8f\xe5'\xc8\xe4\xa5\x9b&\xd2\
BtVO\xe8\x8c\xac\xa4\xb3d\xefP4V\x7fJ\
\x95\xe29\xcaK6My\x0dy\x13\xfa\xe2+\xcc\xe5\
%\x9b'\xec\x8a\xbc\xb4\xb3d\xfdq\x22x\x0c\xb4\xb5\
d\xfdq~\xdd\x18\x99j\xc9\xff\xc4\x00@\x11\x01\x00\
\x01\x03\x02\x02\x05\x08\x06\x09\x04\x03\x01\x00\x00\x00\x01\x00\
\x02\x10\x11\x03 \x04\x05\x12!14\x81\x13\x2202\
AQ\xb1\xb2\x06aq\xa1\xc1\xd1\x14#$35C\
b\x91\xe1B\x82\xc2\xf0DRr\xf1\xff\xda\x00\x08\x01\
\x03\x01\x01?\x01\xdc\x12\x92\x04\xc0\x9ds[I\xd3\x7f\
\xa5\xb0F\x8c\x93\xb3q\x02\x04\x08\x12\xaaJ\xa9\xe8\xbd\
\x92\xaaZ^\x8b\xdb\xb87\x06\xe0\xb8gi`\xde\x17\
\x0d\x85\xc3hl-\xc7\x9f\xb5\xd5\xe1\xf07\x12\x92R\
@\x81*\xd25(\xe8U*\xd3h\xad\xa6\xae\xd2R\
JI\xab\xa7\x93\xa6n\x08\x10 @\x818\xcd/\xe6\
\x9e;C;\x03\x16\x0b\x85\xc3\xd1\x1b\x0b\x86\xf0\xb8\x5c\
,\x19\xdf\xc7w\xaa\xbc>\x06\xe0\x94\x90 JH\x13\
\x8b\xe1\xfc\xa5\x1eR\x9fX\xf8JH\x10&\xb6\x9f\x93\
\xab\xfa]\x81\x02\x04\x08\x16\xa4\x95PWCM^\xd9\
U-54\xbd\xa6\xf0\xda\x1b\xc3hm\x0b\x9b\x02\xe1\
\xb87\x85\xf8\xee\xf5W\x87\xc0\xda\x12\x92\x04\x09I\x98\
\x10 N#G\xc8\xea\x7fK\xd9\x0bjiyZ:\
?\xea\x9d\x9dM\x82\x04\x08\x10-I\x02\x04\xe6\x1a]\
\x1dCP\xec\xab\xe3p\xb8\x5c,\x1b\x0b\x86\xd0\xb0\x5c\
7\x85\xcd\x81`\xb8l\x0d\x9cwz\xab\xc3\xe0m\xa4\
\x94\x90 JH\x10 N'C\xca\xe8\xbf\xfb\x1dp\
\x84\x09\xc6\xe9tk\xf2\x87\xaa\xfcl\x10 @\x81\x02\
\x04\x08\x13\x8b\xd2\xf2\xbc:\x1d\xa7_\xf6\xb0n\x0d\xc1\
p\xda\x19\xb0\x5c\xd8\x17\x0d\xe1\xb46\x06v\xf1\xdd\xea\
\xaf\x0f\x81\xb0%$\xa4\x84\xa4\x81\x02\x04\xa4\x818\xad\
/%\xac\x87\xaa\xf5\x92\x92\x13WK\xca\xe9:~\xd6\
tZ\x5c=\xb0 @\x81\x08\x10 @\x81\xec\x9a\xfa\
^K^\xad?`\xec\x0cX.\x17\x0fD\x19\xd8\x5c\
7\x85\xc2\xe1`\xf4\x5c\x7fz\xab\xc3\xe0\x5c\x94\x92\x92\
\x04\x09I\x02\x04\xa4\x94\x90\x9cv\x97KH\xd4\xf6\xd3\
\xf8\xc0\x81\x09\xc6\xe8\xf45z~\xca\xbe0 @\xb5\
$\x08\x10 @\x9c\xd7K\xa3\xa9N\xa1\xed>\x17\x0d\
\xa1\xbc6\x86\xd0\xb8g`\x5c7\x06\xf0\xda\x13\x8f\xef\
ux|\x0b\xd2JH\x10%$\x08\x10%$\x08\x19\
\x95PWCC\xed'E\xa5\xc3\xdb\x02\x04\xe2\xb4\xbc\
\xa6\x8b\xef:\xe0@\x84\x08\x10 @\x81\x02sM>\
\x97\x0b\xd2\xf6\xd2\xe7\xf0\xb0\x5c,\x1b\x0b\x86\xd0\xb0\x5c\
7\x85\xcd\x81`\xb8l\x0d\xa1n?\xbd\xd5\xe1\xf0,\
\x12\x92\x04\x09I) @\x94\x90 JII8\xbd\
>\x87\x13W\xb9\xeb\x84\x08\x13WK\xc9j\xd5G\xb9\
\x81\x08\x10\x81\x02\x04\x08\x13[O\xca\xe8\xd7G\xbe\x97\
`n\x0b\x86\xd0\xcd\x82\xe6\xc0\xb8o\x0d\xa1\xb06\x96\
\x09\xcc;\xe5~\x1f\x02\xd4\x92\x92\x04\x09I\x02\x04\x09\
I\x09I\x02\x04\xe6Z}tW\xe1\x09I)'0\
\xd3\xf3\xe9\xd4\xf7\xda\x92\x04\x08\x10 @\x85\xb5\xe8\xf2\
z\xf5\xd1\xee\xa9\xb0\x5c.\x1e\x883\xb0\xb8o\x0b\x85\
\xc2\xc1\xe8\xc36\xe6\x07\xed\x95\xf8|\x08\x12\x92\x04%\
$\x08\x10%$\x08\x101) NaFx|\xfb\
\xaa JKq\x94t\xb8w\xdeu\xcaH\x10 @\
\x81\x02\xc4\xa4\x9c\xce\x8e\x87\x1b_\xd7\x87\xee\xd8\x176\
\x06\xd0\xda\x176\x06.\x1b\x83xm\x0d\x9c\x7f{\xab\
\xc3\xe0JII\x02\x06e$\x08\x12\x92R@\x94\x92\
\x930 N*\x9c\xf0\xd5\x9fT\xa4\x94\x90\x8d=:\
Z^\xc4\x9d\x1cu{`@\x81\x02\x04\x08\x103\x02\
s\xa3\x1cY\xf5\xd0|X\x18\xb0l.\x1bB\xc1p\
\xde\x176\x16\x0b\x86\xc0\xda\x16\x0b\xf1\xfd\xee\xaf\x0f\x81\
) @\x94\x90 @\x94\x90 f\x04\xa4\x81\x02j\
\xd3\x9d\x0a\xcf\xe9~\x12\x92\xf4\x93\x88\xa3\xa1\xafW\xdb\
\xf1\xeb\x81\x02\x04\x08\x103jK} 1\xa9\xa5W\
\xd4\xca^\x91\x9d\xa1p\xdaX.l\x0b\x86\xf0\xda\x1b\
\x03hf\xc1\xb3\x8f\xefux|\x08\x10%$\x08\x10\
%$\x08\x12\x93\x12\x92\x04\x09I*?WW\xd8\xc0\
\x84\x0bq\xd4cX}\xe4\x08\x10 X\x94\x96\xa4\x9f\
I?\x93\xfe\xef\xf8\xcd:\xb0\xe3\xd9\x02\xe1\xe8\x8d\xe1\
\xbc.\x17\x0b\x07\xa3\x0c\xed\xe3\xfb\xdd^\x1f\x02\x04%\
$\x08\x12\x92RBR@\x94\x92\x92\x04\xa4\x95\xfe\xed\
\xfb\x18Z\x92\x04\xe64\xfa\x8f\xdb\x02\x04\x08\x10!\x02\
\x04\x09\xf4\x97\xf9?\xef\xff\x00\x8d\xb4\xea\xe9S\xf5\xd8\
\xd8\x1bCh\x5c6\x06.\x1b\x83xm\x0d\xfc\xc3\xbd\
\xd7\xe1\xf0 JH\x10 JH\x10 bRJH\
\x12\x92\x13W\xab\x87\xad\xfe\x87\xe1\x09IjI\xc7\x9f\
\xaa\x1f\xea\x81\x02\x04\x0bRZ\x92\x04\xfaM\xfc\x8f\xf7\
\xff\x00\xc6\xdaUb\xaf\xa9\xda\x1bB\xc1p\xde\x17\x0c\
\xec\x0cX.\x1b\x03hX6\x84\xe6\x1d\xf2\xbf\x0f\x81\
\x032\x92\x04\x09I\x02\x12\x92Rf\x04\x09I)%\
&g\x18\xf4xZ\xfe\xcf\x8d\x82R@\x9ci\x9d\x0c\
\xfdp ^\x92\xd4\x90 O\xa4\xef\xebt\xa9\xfe\x97\
\xf0\xbe\x9b\xd2\xa7\xa5p\xda\x16\x0b\x9b\x02\xe1\xbc6\x86\
\xc0\xda\x19\xb0m\x0bs\x1e\xf9_\x87\xc0\x94\x90 @\
\x94\x90\x94\x99\x81) @\x94\x90%&'3\xab\xa3\
\xc3c\xff\x00j\x8f\xceRZ\x92\x04\xe3O\xd9\xfcH\
\x10\x81\x030\x81\x02\x04\x09\xf4\x96\xac\xf1\xf4\xd3\xec4\
\xcf\x8b~\x1e\xae\xbe\x8f\xa1\x0d\xe1\xbc.\x17\x0b\x07\xa3\
6\x86l\x13\x99w\xda\xfc>R\x04\x08\x12\x92\x04\x09\
I) @\x94\x92\x92R@\x9c\xda\xac\xd5F\x9f\xd5\
\x98\x12\x92\x10\x9ca\xfb;\xf6\x90 Z\x92\xc1\x02\x04\
\x09\xcfk\xe9\xf3MOq\x83\xee?\x1b\xd1WF\xa1\
\xb0m\x0d\xa1p\xd8\x5c7\x06\xf0\xda\x1e\x80-\xcc\xbb\
\xed~\x1f)\x02\x04\xa4\x94\x90%$\x08\x10 JH\
\x10%$\xe3\xab\xf2\x9cU^\xe3\xab\xfb\x7f\x98@\x81\
\x02q\x9f\xb8\xf1\xbd%\xa9 @\x81\x02q\xba\x9e[\
\x8b\xd5\xd5\xf6U\xa9W\xc7\xabf\x83\xd2\xa0v\x85\x82\
\xe1\xbc.l\x0cX.\x1b\x03hX6\x86\xcee\xdf\
k\xf0\xf9H\x12\x92R@\x81\x09I\x02\x04\xa4\x84\xa4\
\x84\xae\xa3KN\xadG\xd8N\xb5\xcb\xdb)!\x08\x13\
\x8f\xea\xd1\x0f\xea\x81\x02\x04\xa4\x81\x02\x04\x09\xc5\xea\xfe\
\x8f\xc2jk\xfbi\xa1~\xed\x98\x9c3\xdbN\xc0\xb0\
\x5c3\xb0.\x1b\xc3hl\x0d\xa1`\xda\x16\x0b\xf3.\
\xfb_\x87\xcaJII\x02\x12\x92Rf\x04\x09I)\
%&`@\x9c\xd3S\xa1\xa2i\x1d\xb5?q\xfea\
\x02\x04%$\xe6\x1d\x94\x1fm\xa9!\x02\x04\x08\x10'\
\xd2Mo%\xcb\x1a=\xba\x95\x07\xe3\xf8[\x13\x13\x13\
G\xaa\xbd\xa1\xbc7\x85\xc2\xe1`\xf4a\xb43`\xd9\
\xcc{\xe5~\x1f))%$%$\x09I) J\
H\x12\x92\x04\xa4\x9cn\xb7\x97\xe2\x1a\x8fT\xea%$\
 @\x94\x93\x98?\xad)\xf7S)-I\x02\x04\x08\
\x10'\xd2\xbd~\x9f\x13\xa7\xc3\x1d\x94S\x97\xed\xab\xfc\
\x1f|\xc4\xc4\x09\x89I\x877\x0d\xa1p\xd8\x5c7\x06\
\xf0\xda\x1e\x806\x06'2\xef\xb5\xf8|\xa4\xa4\x81\x02\
RJII\x02R@\x94\x90%$\xe3\xb5\xfc\x87\x0e\
\xe3\xd7\xab\xa8\xfc`@\x81\x09I\x02q/O\x88\xa9\
\xfa\xedI\x02\x04\x08\x10'd\xe6\x1a\xff\x00\xa5\xf1\xba\
\x9cG\xfaj\xab\xab\xec:\x8f\xba\x04\x09\xd1\x98\x98\xb0\
X.\x1b\xc2\xe1\xb0\xb0\x5c6\x06\xd0\xb0m\x0d\xa1n\
e\xdfk\xf0\xf9II\x09I\x030 @\x94\x90 \
@\x84\xe3x\x8f\xd25\xf3O\xee\xce\xa3\xfe\xfdr\x92\
\x04\x08\x12\x92u\x06}\x93\xb5\xe9=\xac\x08\x10 @\
\x81\x02s\x9e'\xf4^_]G\xafW\x9a}\xaf\xf8\
\xcb\x02bbbbb\x05\x82\xe1\x9d\x81p\xde\x1bC\
`m\x0b\x06\xd0\xb0\x5c/\xcc\xbb\xed~\x1f)\x02\x04\
%$\xa4\x81) JH@\x9c\xcb\x89\xf2Z~F\
\x8f\xdeU\xf7\x1f\xe6R@\x84%$'\x13WGB\
\xa7\xc2\xd4\x90 @\x81\x02\xdfI8\x9f)\xc4\xd3\xc2\
\xd3\xea\xe9\x9d\x7f\xfd?\x91\xf1f&&&-\x88@\
\xde\x176\x05\xc2\xe5\x83\xd1\x86\xd0\xcd\x83\x7f2\xef\xb5\
\xf8|\xa4\x09I) @\x94\x92\x92Rf\x04\x09\xad\
\xadG\x0f\xa4\xeaW\xff\x00\xeb55+\xd6\xd4u+\
\xf5\x99I\x02\x04\x09In>\xafWO\xc6R@\x81\
\x02\x04\x0bk\xebQ\xc3hU\xc4W\xea\xd2g\xfe\xfd\
\xb3V\xba\xb5\xb5j\xd6\xd4\xeb\xae\xa7,\xc4\xc5\xb1\x0a\
f\x22u\xec\x0b\x86\xc2\xe1\xb87\x86\xd0\xf4\x01\xb01\
p\x9c\xcf\xbfW\xe1\xf2\x92\x92\x04\xa4\x94\x90%$\x08\
\x18\x813M\x14\xb5\xd5\xd5I8\xbe*\xae'S?\
\xcb;%$\x08@\x94\x90\x94\x93^\xbf+\xae\xd5\xec\
\x81\x02\x04\x08\x10 O\xa4|_\xab\xc0\xd1\xff\x00\xd5\
_\x81\xf8\xff\x00i\x8bb\x14\xccLLJ\xae\x1b\xc2\
\xe1\xb0\xb0\x5c6\x06\xd0\xb0m\x0d\xa1r\xdc\xcf\xbfW\
\xe1\xf2\x90%$\xa4\x94\x92\x92\x04\xa4\x81:\x83/Q\
8\xde5\xe2*\xf2z\x7f\xb8>\xf8@\x81\x02\x04\xa4\
\xb6\xbd~KE\xab\xdb\xec\x94\x90 @\x81\x02\xda\xfa\
\xd4p\xba\x15q\x1a\x9e\xad'\xfd\xfe\xf3[V\xbe#\
V\xadmO^\xa73\x10\xa6bbbbbW\xdb\
`\xd8\x17\x0d\xe1\xb46\x06\xd0\xb0m\x0b\x05\xc3w3\
\xef\xd5\xf8|\xa4\x0c\xc0\x81\x02R@\xcc\x09\x9ah:\
UuRN3\x8ex\x87\xc9\xe9\xf5h\xfca)!\
\x08\x12\x92\x12\x92q\xba\x9d*\xcd3\xb0\x81\x02\x04\x08\
\x16\xa4\x9c\xff\x00\x8d\xf2\xda\xbf\xa2i\xbf\xab\xa3\xb7\xeb\
\xab\xfc|aL\x09\x89\x89\x89\x89\x89\x89\xab\xebxm\
\x0b\x9b\x02\xe1p\xc5\x83\xd1\x86\xd0\xb0o\x0b\xf3>\xfd\
_\x87\xcaJH\x10%$\x09I55t\xf4(\xe9\
\xea=S\x8a\xe358\x97\x1d\x9a^\xef\xceRB\x04\
\x08JII\x09UF\x9d\x0do\xb2+U]'\xb5\
\x81\x02\x04\x08\x10'3\xe3N\x07\x87\xf3\x7f\x7fWQ\
\xf9\xf8N\xd7>\xd9\x8bbbbbbbkz\xf0\
.\x1b\x0b\x85\xcb\x86\xf0\xda\x1e\x806\x17\x0d\x9c\xd3\xbf\
W\xe1\xf2\x90 JII)'\x13\xcct\xb4|\xdd\
?;S\xee\x9a\x9a\xba\x9a\xd5t\xf5\x5c\xd5)-I\
\x08\x10%%\xa9'\x1b\xa9\xfc\xa3\xc6\x04\x08\x10 [\
SR\x8d\x0d7[S\xaa\x80\x9cg\x13_\x19\xae\xeb\
W\xd9\xec=\xc5\xb11111\x02bbj~\xf1\
w\x85\xc3a`\xb9\xb06\x85\x83hm\x0b\x86\xc2s\
N\xff\x00_\x87\xca@\x81)&\xb7\x1b\xc3\xe8u.\
k\xf7\x13_\x8e\xd7\xd7\xf3}]?q\xf8\xc2\xd4\x90\
\x81\x08JH@\x95\xd6iP\xd4\xcc\xb5\xd5\xd2{`\
@\x81\x02\xc1\xef\x9c\xdb\x98<^\xa7\x92\xd2\xee\xf4\xfd\
\xef\xbf\xf2\x98\x98\x98\x98\x98\x98\x98\x98\x811*r\xad\
\xc2\xe1\xbc6\x86\xc0\xda\x16\x0d\xa1`\xb8o\x0bs>\
\xfd_\x87\xcaJ\xb5\xb4t\xbfyPJ\xf9\xae\x95?\
\xba\x1a\x9f\xecM^;\x89\xd6\xea\x5cS\xee:\xa5$\
!)-I\x02\x04\x09IjI\xc5j\xf9J\xfa\x14\
\xfa\xa4\x08\x10 @\x94\x93\x9bs\x1c\xe7\x84\xd0z\xbf\
\xd4\xfe\x1f\x9f\xf6\x98\x98\x98\x98\x98\x811\x0af-\xa9\
\xe6\xe9\xaf\xd5p\xb9\xb0.\x17\x0cX=\x18m\x0b\x05\
\xcd\x81p\xbf3\xef\xd5\xf8|\xa4\x08\x10\x94\x90\xb0J\
H\x10\x84\xa4\x84\xa4\x9cN\xb7\x92\xa3\xa3O\xae\xc0\x81\
\x02\x04\x08Ng\xcc|\x98\xf0\xdc;\xe7\xfb_w\xd4\
}\x7f\x0f\xb7\xb3\x13\x13\x13\x10'F\x04\xc5\xb1n)\
\xc6\x96=\xed\x83x\x5c\xb8o\x0cm\x0f@\x1b\x0b\x85\
\xcd\x9c\xcf\xbfW\xe1\xf2\x90 JHBRZ\x92\x04\
\x08@\xb5U\xd3\xa5GN\xa9UN\xa5]:\xbb`\
@\x81\x02\xdc\xc3\x99ts\xa1\xc3>w\xb6\xaf\xc0\xfc\
\xe6&& N\x8c\xe8\xdf\x16\xc4)\x9cu^yG\
\xb8\xda\x17\x0d\x85\x82\xe1\x8d\x81\xb4,\x1bCh\x5c6\
\x17\x09\xcd;\xfd~\x1f)\x09I)!\x08JH\x10\
\x81)!:\x83\xa4\xf6MmWZ\xaf\xe9\xf6@\x81\
\x02\x04\xea\xa4\xcb\xd98\xeeb\xeagK\x87\xea\xd3\xf6\
\xbe\xff\x00\xf111\x02\x04\xc5\xb11lB\x99\x8bk\
W\xe55Z\xbe\xb8\x18\xb8o\x0d\xa1\xb06\x85\x83h\
X.\x1b\xc2\xe1ni\xdf\xab\xf0\xf9H\x12\x92\xf4\x90\
\x81\x02\x04\xa4\x94\x96\xd7\xd7\xf2\x8fF\x9fR\x04\x08\x10\
&\xae\xbe\x97\x0fOOU\xfc\xe7\x15\xc6\xea\xf1N;\
4\xbd\xdf\x9c\xc4\x08\x13\x16\xc4\xc5\xb1\x0af-\x89\xc4\
\xd5\xe4\xb4\x1a\xbd\xbd\x90.l\x0b\x85\xcb\x07\xa3\x0d\xa1\
`\xb9\xb0.\x1b\xb9\xa1\xfbu~\x1f)) B\x05\
\xa9!\x02\x04\xa4\x9d\x84\xd6\xd7\xe9\xf9\xb4\xfa\x9f\x18\x10\
 C\xab\xad\x9cG2\xa2\x8f3\x87\xf3\xaa\xf7\xfb?\
\xcc\xae\xaa\xf5j\xe9\xea9\xaab\x04\xc5\xb11lB\
\x99\x8btaL\xc4\xe65\xe6\xb3K\xd8u\xef\x0b\x97\
\x0d\xe1\x8d\xa1\xe8\x03ap\xb9\xb0,\x13\x9aw\xea\xfc\
>RR^\x92\x04\x08\x10\x94\x93\xaa\x93/a5u\
\xdd_6\x9e\xaa @\x815x\xdd-.\xa3\xce\xaa\
kq:\xba\xfe\xb3\xe6\xfb\xa6 L[\x17\xe8\xc2\x9b\
\x94\xc2\x99\x89\x89RQKS\xd8\x13R\xb7R\xb6\xb7\
\xb5n\x17\x0d\xc1s`m\x0b\x1bCh\x5c6\x17\x0d\
\x9c\xd3\xbf\xd7\xe1\xf2\x90\x84\xa4\xb5$ @\x95WN\
\x9d=*\xa6\xa6\xb5Z\xcf_\xab\xee\x81\x16\x9a\x0c\xd4\
\xe0\x95\xf1\xdat\xf5i\xf5\xbft\xd4\xe25\xb5z\xaa\
z\xbd\xd3\x10\xa6b\xd8\xb9L\xe8\xdc\xa6\x14\xccLL\
LNg\xad\xd1\xa0\xd1;^\xdf\xb2\xe1\xbc6\x86\xc0\
\xda\x16\x0d\xa1`\xc5\xc3x\x5c.\x16\xe6\x9d\xfe\xbf\x0f\
\x94\x85\xa9 @\x81\x09_\x11M\x1dT\xf5\xd5+\xd7\
\xa5s]]q\xe2\xe8\xa7\xd5\x16U\xc5kU\xd9\xe6\
\x93\xae\xa7/[1\x0af-\x8bb\x14\xcc[\x10\xa6\
bbbbbbT\xd3E-uv\x13_U\xd7\
\xd5u\x1fm\x83;\x02\xe1r\xc1\xe8\xc3hX.l\
\x0b\x86\xe0\xbf5\xef\xf5\xf8|\xa4%%\xa9 M]\
}-\x03\xcfz\xfd\xde\xd9\xaf\xc6\xea\xeby\xb4\xf9\xba\
\x7f|\xeb{f @\x98\xb6&-\x88S0[\x10\
\xa6bbbbbbbbs^#\x1f\xb3Q\xdb\
\xda\xfe\x07\xe3\xb8.\x5c7\x9bC\x1e\x806\x17\x0b\x9b\
\x02\xc1p\x9c\xdb\xf8\x86\xa7\x87\xcaX%$\xafWK\
K\xd7f\xaf\x1d]]Z~i\xf7\xce\xb5\xcb\xdb1\
\x02\x14\xcc[\x13\x16\xc4)\x98\xb6!L\xc4\xc4\xc4\xc4\
\xc4\xc4\xc4\xc4\x09\xc4\xebS\xc3h\xba\xb5v\xfb>\xb6\
W]Z\x955\xd5\xeb6\x0b\x86\xe0\xb9\xb06\x85\x8d\
\xa1\xb4.\x1b\xc3h[\x9b\x7f\x10\xd4\xf0\xf9H4\xd3\
\xd7S\x89W\x15A\xea\xf5\xb2\xae'V\xae\xa3\xa8\xfa\
\xad\x88\x10\xa6b\xd8\x98\xb6!L\xc5\xb1\x0af&&\
&&&&& LL`\xcb\xd99\x87\x17\xfaV\
\xb7\x9b\xfb\x9a{?;\x06\xf0\xb1p\xd8\x1bB\xc1\xb4\
,\x18\xb8o\x0b\x85\xc2\xc5\xf9\xb7\xf1\x0dO\x0f\x94\x98\
\xf7\xccL@\x853\x16\xc5\xfa3\xa3r\x98S11\
111111\x02\x04\xc5\xb9\xb7\x1d\xff\x00\x8b\xa5\
\xfe\xef\xcb\xf3\xfe\xd6\x0c\xec\x0c\x5c.X=\x18m\x0b\
\x05\xcd\x81p\xdc\x1b\xb9\xaf\x7f\xd4\xf0\xf9I\x89\x88S\
1l\x5c\xa6\x14\xdc\xa6\x14\xccLLLLLLL\
@\x811~e\xc7\x1c-\x1eOM\xfd{\xf7}\x7f\
\x94\xed\xeb{v\x85\xcb\x85\x8d\xa6\xd0\xc7\xa0\x0d\xe1s\
`X.\x1b9\xb7\xf1\x0dO\x0f\x94\x84.\x5c\xec\x85\
\xce\xc8vX\xb1\xd9c\xb2\xc7d;lv\x5c\x9c\xcf\
\xbfj}\xbf\x81cy\xb6\x9d\x87n\xd3\xb6\xd4\xed\xa6\
\xc7e\xcd\xe5\xce\xdb\x966\xf3o\xe2\x1a\x9e\x1f)?\
\xff\xc4\x00$\x11\x01\x00\x01\x03\x04\x02\x03\x01\x01\x01\x00\
\x00\x00\x00\x00\x00\x01\x00\x10 1\x11!0Q@a\
\x02APq\xb12\xff\xda\x00\x08\x01\x02\x01\x01?\x01\
\xe1\xf5\xe0\x19\xd7\xc6]*\x1c\x01\xadW\xc5N\x16`\
\xe7\xcb\x1d\xa1\xe3\x85^\x05\xf3\xf2\xc6\x1bo\x06\xaf\x0a\
\xccP<E\xa1U\xb8(\xf9\xefQ\xd8\xd2\x11\xa1L\
\xb3]\xf8\x0e\xe2\xd1\xea\x1e\x12\xda\xb7\x07\xe1\x1d\xd3\x07\
\xba\x91\x98(]\x96=S\x05\x0f\x05j\x14n\x0a\xaf\
\x9e\xee\xe9\x1e\xa1\xdd\xa4a5\xde\xd5\xfa\x98(w\x17\
\xc5\x0a\xbc\x0b\xe7\xb3\x07\xba=^\xeciB\xac;\x8b\
\x08\xf5a\xce\xb4\x0dj\xb7\x05\x17O\xc0\xcb\xea3\x05\
\xe7u+\x96=S\x05\xa6y\x96\xd5\xb8?\x09\xea;\
m\x08\xdf\xae\xd6\xaf\xd4\xc1@\xfb\x8b\xaf\x84\xb5\x0a7\
\x05W\xf0\x0e\xe9\x83\x90a\xdca\x1e\xbcP\xe3_3\
[2\xc6\x1d\xf3=S\x07\x01\x8e5\xa1U\xb8(\xf9\
\xaej\xb3\x05\x1e\xb8L\xebq\xdcx><Kj\xdc\
\x1f\x80\xe6\xb9\xde3\x07\xbe\x17\xab\x83X\xbc?\x1e\x15\
\xa8Q\xb8*\xbf\x80\xf5\x1e\xa1\x1e\x06\x11\xea\xddt8\
\xbe<a\xc6\xbevcC\xba;m\xc3\x96{\x87|\
\xff\x00\x1e\x05\xa0Un\x0a/\x9c\xb0#\x99\x960\xef\
\x85\x9aL\xb3\xef\x9f\xe3z\xda\xb7\x07\xe0,\x0a9\x98\
(\xf5\xc3\xee3\x043\xcf\xf1\xb9j\x14].\x0a\xaf\
\x9d\x9a\xb9\xa6\x0e\x17\xaaf\x86y\x99\xf0\xc7\x00q\xaf\
\x9d\x96\xc70\x8f\x03\x08\xf5\x1e\xa8[\xf7\xc3\x99\xf1\xc5\
\xab@\xaa\xdc\x14_9\xea\x06\x969\x8f\x5c9g\xb9\
\xee\xa5\x8c8\x16\x1d\xc3\x166\xad\xc1\xf8\x0b\x02\xd7<\
,\xd2e\x8d\xf9\xe0a3k@\xa2\xe9pU|\xe3\
{\x9c\xf0b{\x8c\xc5K\x18pfz\x86mq\x03\
\x8d|\xec\xde\xe7\x81\xde\x9e\xec\xfa\xb3,\xf7\x0b\x96\x1b\
\x7ff'\xc3\xbe\x05\xb8(\xber\xfd@\xd2\xf77\xb0\
\x8fQ\xea\xa5\x8d\x1e\xa1\x8bV\x13\xdc\xcc6/[\x83\
\xf0\x16\x07\x03~Z{\xb0\xae!=\xcc\xb7f\x8b>\
%\xda\xcdv\xb8*\xbeq\xbf\x03\xd5\xefT\xcb\x1a\x96\
3O\xa8\xdc\xb3\xfd\x8e\xd0\xee|;\xb3Y\xa2\xcd\x88\
\xf0/\x9d\x97\x81`G7\x1d\xc6b\xf6\x13\x10\xee\x1d\
\xd8\xb0\xee{\x99\x9e\x8a\xeb4\x9b\x13[\xc2\x8b\xe7/\
\xd48\x0d\xe8\xe6\xd7z{\xb0\xda\xc7y\xea1\xea\x16\
f\x7f\x91f\x0fs\xe3\xdc\xd5\x9aM\x89\xadt\x8d\x81\
\xf8\x0b\x03\x83-\x5c\xd8\xc2=G\xaa\x85\x8c;\x98!\
\xdc\xcbb\xcf\xf6=C\xb9\x96\x1f\x19\xa8Mk\xa4\xd4\
\x9a\xd8\x15_8\xdf\x81\xde\xc76fbb\xa1nZ\
e\x8fP\xaa\xc3\xb9\x89\x98\xcf\x8e\xdb\xcdi\xa4\xd2k\
\xc2\xbev^\x05\x81c\x9a\xbdS,h\x16\xb0\x8fP\
\xdb{sE\xd6b\x14\xd2h\x13^\x00\xd2\x8b\xe7=\
B\xf6\x1d\xda\xe6\x98\x87q\xeach\x17\xe5\x9e\xe6X\
\xc2\xae\xf3\xd4z\x87s0\xf8\xcd\x89\xaf\x08~\x02\xc0\
\xe0\xcbk\x1c\xd3,\xf7\x0e\xe6\x97\xb4z\x98,Xw\
13\x16|M3\x99\xaf\x10U|\xe3~\x07\xabV\
\x8ec\x03\x88\x9e\xe1\xbb\x18Q\x99\xa3\xbc\xc6\xd0>\xf9\
\x97\xce\xcb\xc0\xb0,Z\xb9\xe3g\xa8\xcc\x10*\xef=\
E\xfa\x86\xdb\xc0\xe43E\xf3\x9e\xa1\xc0w\xc0\x9cL\
;\x98\x87s5XLC\x98\xf3\xd6\x07\x06mj\x11\
\xcf\x13\xbd\x1d\xe3\xd4\x0d(\xc2{\x99\xf0\x17_8\xdf\
\x81\xde\xd5\xa9G<,;\x98!\xdc\x0a\xe6z\x8fP\
4\xe6\x22\xf9\xd9x\x16\x05\x8bj\xcdxr\xd3-\x8b\
\x0f\xcfz\x85\xec;\xb1\xb0)\x99\xf2\xff\x00\xae\x06\x11\
\xea\x05V\x07\xe7\xac\x0e\x0c\xb6\xb5\x0af\x8ex2\xfe\
\xab\x0e\xf8\x1d\xedZ\x94X\x14s{\x03\xc6\xd6k\xe7\
e\xe0X\x16-\xab\x02\xab\xbd\xfax\xba\xcdf\x90<\
\xd7\xae\x06\x1d\xd8\xd8\x14\xcdV9\xf2\xb5\x9a\xcd'\xf2\
\x7f|\xd5\x81\xc1\x9e\x00\xa6j\xb4s\xe4k7f\x93\
\xf9?\xb3_8\xef\x81\xdfkV\xa1E\x81F\xae|\
mff\x9d\xcf\xe4\xfe\xcdf`y\xb9\xe0X\x16-\
\xab\x02\xe4|Mff\x9d\xd3bk34\xee\x1ek\
\xbf\x03\x0e\xecl\x0a\x1b\xd5j\x11\xcf\x81\xf7W4'\
\xdd\x1c\xd0\xc4a\x8f4\xe0acR\x9f(Q\xb0\xc4\
s?\xff\xc4\x003\x10\x00\x00\x02\x06\x07\x06\x06\x03\x01\
\x01\x00\x00\x00\x00\x00\x00\x010\x03\x04\x11P\x84\xb4\x00\
\x02 !@Q\x81\x121Aaq\xc1`\x82\x91\xa1\
\xb1\xd12R\xe1r\xf1\xff\xda\x00\x08\x01\x01\x00\x06?\
\x02\xf0\x92\x8cL\xe2\xc6-\xaf\x85\x18\x99\xc5\x83\x1b\xe0\
u\x18\x99\xc5\x8ccs{\xa9D\xcd\xa7\xc0\xb7\xc0J\
Q3i\xf1\xa2\x0fe\x18\x99\xb4\xe7t\xb0\xd2\xc0^\
\xca13\x8b\x07u?\xa3\xd9F&qc\x06\xc2\x84\
9=\x94bg\x16\x0f\x01\xd2\xc3K\x1e\xafU\x18\x99\
\xb4\xe7\xeax\xbdT\xa2f\xd3\x9e'\xf9~\xde\xaaQ\
3i\xcf\x1e\x83dJ\xab\xab\xd5J&m9\xe2}\
O7g\xaa\x94L\xdas\xc6\xc8\x15S\xcd\xd9\xea\xa5\
\x136\x9c\xf1\xe86u*\xa7\x9b\xb3\xd5J&m9\
\xe3gR\xaat\x17\xaa\x94L\xdas\xfa\x89\xe1\xfe{\
\x8b\xd5J&m9\xe0\x07\xd6\xe4\xc0\xf6z\xa9D\xcd\
\xa7<}\x0f\xac9\xd6\x1f\x97\xaa\x94L\xdas\xbaZ\
\xd4\x9a\xc3\x90\x0b\xd9J&m9\xcc\xce\xd0\x12\xcf\xd8\
@;\xf6{)D\xcd\xa78}-hMZ\xb9\x03\
}\x7f\xe3\xd9J&m9\xbdm\x895\xabf>\xdc\
=\x9e\xcaQ3i\xf1\x83\x98\xdc\x1a\xbd\xd4\xa2f\xd3\
\x98\xcc\xfe0\x01W\xf5\xf9\x1f\xe3\xddJ&m9m\
\xa3m\x81\x02#\xc2\x829\xde\xf7R\x89\x9bNSi\
\xcb\x86\x00*j=\x9f\x0aQ3i\xca`n\xf9\xc0\
\x08\x8f\x0a\x08\x8f\x17\xc2\x94L\xdar\x1bF\x06\xef\x92\
XF\xc8n\x0d\xfd\x7f\x8f\x95(\x99\xb4\xf6\xef\xa7,\
\x89i\x1c\xc7w\xde\x8f\xa5(\x99\xb4\xf6\xae\xbciy\
L\xf5\xb6\xd1\xdc\x14h\xe9\xd1\xf4\xa5\x136\x9e\xce@\
[H`~!\xee\xfbR\x89\x9bOK\xc6\x97_O\
\xa3Y\x95\xbd\x9a\xba\x8fg\xe2\x94L\xdas\xf9\x8d\xbd\
\x9a\xbb\xf8\x8b\xf5J&m9\xed\xb5\xb3WQ\xfa\x7f\
)D\xcd\xa7\xc22\xae\xec\xce\x17\x8a\x94L\xdasy\
Y\xbe\x9c\xb28^JQ3i\xcc`n\xb3u/\
=\x8f%(\x99\xb4\xe7\xe7\x82k\xc9J&m9\xb7\
_\x83\xd9\xcd\xe6\xa5\x136\x9c\x9d\xf8v\xbc\xd4\xa2f\
\xd3\xda\xbe\x97]\x88\xd9\xf5z)D\xcd\xa7\xb1}.\
\xc4\xb6\x8d\x17\xa2\x94L\xda|w \xdd\xf6\xf5R\x89\
\x9bO\x8d\xd8\x0d~\x9e\xcaQ3i\xf1\x8c\x0f\xc8}\
\x9e\xeaQ\x13i\xf1\x95\x9e\xeaQ3i\xe9\xff\xc4\x00\
)\x10\x01\x00\x01\x03\x03\x03\x03\x05\x01\x01\x01\x00\x00\x00\
\x00\x00\x01\x00\x10\x11 !01QaqA\xa1\xc1\
\x81\x91\xb1\xd1\xf0\xe1@\xf1\xff\xda\x00\x08\x01\x01\x00\x01\
?!\xc8'o\xbd\x03\xd3\xd2]\xf6x\xfdP\x22_\
L\xc2\x15%\x89\xaf\xacK(\xfad\x19,\x0d\xa0\xd9\
\x0b\xed\x86a\xb9\x81\x0e\xb4\x08F\xc5\xba\xcb\x92>\x90\
\xebK\x9a\xf4\xe7 \x9d\xbf\xbc\xd0\x85>\x03\xf1\x88`\
\x16\xa2\xc0\xcc*\x1b\xc1\xban\xe0\x14 P\x97\x8b9\
9\xf1\xfeT%\xd7g\x8c\x02\x1aT\xae\x82<1,\
\xa3\xe9\x98W\x9c\xc3t0\x0c\xc3\xfe<\x0a\x85\x08S\
\x8e\xe1\xd4\xfe\xed\x08M#\xd7\xd2\xa4\x09\xcd\x08\x18[\
\x1fS\xc9\xfeT*\x15\xe70\xc06C\x00\xbea\x98\
n\x96\x13\xbc!@\xa1.\xd6\xe4\xd4\x81[i\xd5\xcf\
\x9a\x04\xed@\x81P\x84\xb8u5>\x9f\xe5\x03%\x81\
\xb4\x1b!\xb6\x19\x86\xc1\x89a;P(\x10\x85\x09u\
\xe8\xea\x7fy\xa1.\xc7\xdb\xcf\xa4\xb5\xb9\xe6q\x90@\
\xa0N\x88\x0f\xb3\xa9\xed\x80Z\x8b\x030\xa8o\x06\xe8\
_`(k2\x14!@\xa1\x0ai\x1f\xe0\xff\x00\xb4\
!,\xf4\x9f\xcf\xadB\x14*S\xc8\x0b}\xbf\xf6\xa1\
^s\x0d\xd0\xc03\x0d\xe0\xcb\x00\xa1\x0a\x10!Rj\
\x07\xd1h\x16[\xfai\x0a]:\x9a\xfe\xfd\xa8@\xa9\
\x02\x85/y\x87\xe3\xe6\x81W\x5c\xc3\x00\xd9\x0c\x0c\xc3\
0\xdd\xc0'\xcd\x02\x84*B\x14\xb4\xbb\xeb\xf7\xe7\xde\
\x85/\xbd\xde\xd0\xa8@\xa0P\x87\xba#\xdb\x05\x81\xb4\
\x1b!\xb6\x19\x86\xee\x04(B\x81@\x81@\x855\xbc\
\x9ff\xb5&\xa1\xd4Y\xfa\x7f\xec\x0a\x15(\x14%\xa7\
\xd1~t\xf6\xa2\xc0\xcc*\x1b\xc1\xba\x17\xd8\x0c\xb3\x09\
\xf1@\xa1\x08T\x81@\x87\xec\x1f\xaf\x98V\xf3\xed\xad\
H\x1416\xeeY\xf6)\xcea\xba\x18\x06a\xbc\x18\
\x85\x0b(T*P(\x10\x86\xfe;\xfd\x91\xa1Kh\
\x9dJ\x04(\x14\x0a\x04'\x17p\xfb\x89\xcea\x80l\
\x86\x01\x98f\x19\x9b%\x90(\x10\x81\x0a\x10(\x14\xe3\
\xff\x00\x16\xa9K\x03\xe9{\xfd\xf5\xf9\xa8P(\x15\xe6\
\xf6\xf6'\xeep\xbe\xd0l\x86\xd8f\x1b\x06!\x81a\
B\x04(B\x14\x08C\xac\xf6\x0f\xe2\x14!\x06\x9e\xe1\
\x030\xa8\xbb6\xc8*\x1b\xc1\xba\x17\xd8\x0cC\x02\xc8\
P(B\x81B\x04(\xf2v\x7f\x14!C\xcb\xcf\xc5\
\x02\x81@\x81^4\xaa\xe6\x01\xba\x18\x06a\xbc\x18\x86\
%\x85\x08\x10\xa9\x0a\x06\x1a{?\x8a\xa5\x0e\x97\xf9\xa3\
\x02\x81C\x00\xaa\xbd|\xd40\x0d\x90\xc03\x0c\xc33\
t\xb2\xa1B\x81\x08P\x9a\x17\xa9o\xbbhB\x847\
\xfa\x1f40\x0a\x04\x09\xc4\xfeT\xfdTn_\x10\xd9\
\x0d\xb0\xcc7B\xd9\x96\x10\x81\x0a\x10\xa0S\xb4 E\
\xc3\xa0~_\x8a\x14\x09\xf9\x0a\x14\x08\x15\x0a=.\x87\
\xde\xa3\xf4\xfa\xc0\xa8o\x06\xe8l\x06!\x99d!B\
\x04\x0a\x04!\xd6\x84#\xd7\xb4\xaf\xd7\x8f\xc4(Bs\
y P0\x08\x14W\xfe\x00/\xee\xd5Y\x1d\xd0\xc0\
3\x0d\xe0\xc46\x0b\x0a\x04(\x14 B\x84)\xe2_\
\x87>\xf5\x0a\x0fqB\x81@\x81C\xac\xf5\xaa\xe4\xf1\
u\xbd\xb0w\x14\x0d\x90\xc03\x0c\xc30\xbe\xf1a\x0a\
\x90\xa0`\x14VO\xa0_\xef0\xd6\xefZ\x10\xa7\x09\
\xfc\xd1\xa1\x02\xa1@\x9d\xdd\xdeP\xd3\xdf\x0bOQ\x03\
d6\xc30\xdd\x0bm\x96\x10\x85\x02\x04:\xd0\x81K\
\x04\xf2\xb5\xf0\x7f\xb5\x0a\x1dg\xc8\xfe `\x10\xa7b\
]\xbf\x81u\x16\x96\x96\x84\x1d\xe0\xdd\x0d\x80\xc46\x8b\
!B\x05\x02\xa4\x0a\x1de\xc9\xe8h\xf0~\xda\x10\xa7\
\xc4\xd6N\x9f&\x85\x02\x05\x0d)\xd3\x06^W\xc1\xee\
\x96\x96\x9a\x13_\x10\xd1\xd9\x0c\x033x1\x0d\x92\xa5\
\x90!@\xa1@\xa7o\xbc\xe3\xf9\xd0|\xb5\x0a\x1a\x14\
W\xfb_m P\x81@\xafL4<4\xf6&\x84\
\xd7\xc6\x07\x06a\x80f\x19\x86f\xf0T\xb2\x85\x08\x10\
\xa1\x0a\x13\xc3\x9a\x1f\xbf\xad\x02\x10\x9f\x13\xe3Y\xcb\xef\
P\x85;R\xe1\xfd\x97\xe8M|aj\x19\x06\xd8f\
\x1b\xa6\xc0bY\x02\x81N\xdfz\x059\xf0M\x03\xcf\
\xb3\xfdP\x858)\xa8\xea\xe9\xf7\xff\x00!@\x81N\
(\x12\xda\xf0.\xff\x00\x1e\x95Z\x96\xdc\x0d\xd0\xd8\x0c\
C`\xc4\xb2\x05\x08C\xad\x02\x145_C\xab\xd2)\
+\x97\xfa\xdfJ\x05\x0a\x11\xf0\xfa\xfc\x14\x0b\xc0\xa0W\
\x85 \xbe{yX\x90\xf2\x95\xf5o-Kl\x86\x01\
\x98[x1\x0d\x92\xa1N\xc8P)\xf1\x02\x05.\x17\
Z\x04k\xde\x8e\x1f>hB\x9d\xa8Eu\xf6>\x94\
\x0a\xf6\xa0N\x07\xfb\xe1\xf3--\x8d\xa3\x80`\x19\x86\
a\x98_x*\x17\xafe\x02\x85\x02\x9e\xd6\xd5\x7f\xba\
K\xcfC\xfc^\xd5\x0a\x1dgxGq\xfa\x1eZ\x04\
\x0aq@\x83\xc2\x85\xfc\xf4>\xacmt\xab\xbf\xaf\x06\
6\xa5\xa7:\x86\xd8f\x1b\xa6\xc0lv\x10!B\x04\
\xb8\x0a\xd0'\xf1\x1f\xf8\x85\x08S\xb5u\x8e\x8d_/\
\xe8\x84\x0a\x04\xfe+\xfe\xe4\xba~\x8a\xdaZ\x96\x96\xa7\
?\xa6f\xe8l\x06!\xb0`\x18\xf6\x14\xed\xf7\x84!\
\x97V\xfc\xbd\x88\xc7C\xc7\xed\xd5\xc0(u\xa1/a\
^\x84Uo\xea\xc0\xa1;P&\xact\xbe~\x14Z\
Z\x96\xc2\xd3\xe0\xa0[\x00\xcc\xde\x0cCd\xa8bX\
B\x1dhM\x03\xe0\x1f_X\xad\xd5\xdf\xee!\x0a\x10\
\x84\xf8\xaf\xa5\xf3\xf0\x81\x02\x9cy\xa0DI`\xba\xc4\
ZG\x03\xa7\xa0\x96\xa5\xb0\xb5y\xa0`\x19\x86a\x98\
_\x13d*\x17\xc8\xb0\xa7\xc4\xe4[\xbd\x0d\x7f\xc2i\
\xdf@\xf9}hB\x84\x0apP\x8a\x22\xf4\xe3\xcc\xe4\
\xac\x0a\x07\xad\x0akW\xc8\xeb\xe3\xa5-[KV\xd2\
\xd3\x95{\xed\x86a\xbal\x06\xd7o\x1c>\xba\xfd\xb9\
\x88\xf0W^\x0f\xdcy-\x8e\x9a\x0f\xdbB\xa5\x08B\
\x854G\x1f\x97\xab\x02\x85Iz\xff\x00\xd5\xe8\xf9\x96\
\xad\xa5\xabijh^1\x0bn\x86\xc0b\x1b\x06\x01\
\x9fgZ\x94!B\x14\xe0\xefBh\xc7\xe8:\xc0\x81\
N(\x12\xdd\xd3\xf0;\x1d\xebij\xdaZ\xb6\x9a|\
\x9f\xf7\x00\xcc\xde\x0cCp6m\x94*P(P\x80\
.\xcb\xa9P(u\xa1,\xdd5\xe3\xa1\xdb\xba\x96\xc2\
\xd8ZZ\x8fP\xe8~j\x19\x86al\xc3\x13d*\
\x19\x86\x1d\x94!B\x14\xedN\x0f\xcc\xbd\xed\xe9\x02\x81\
N5g\xaa\xfa\xbdO\x8e\x84\xb6\x16\xc2\xd2\xd4\xb4\xb4\
\xbc\xbb\xfbzl\x86a\xff\x00(m\x05[*`\x14\
:\xd0\xeb8\x07\xfa\x81\x0av\x82]x=_\x13\x9c\
\xd3\xd0>z\xe1l--KKR\xf2\xfa\x1eZ\x9b\
\xa1\xb0\x18\x86\xc1\x80l\x8aL\xa1\x0a\x10\xa7j\x5c\xfe\
\x0f\xf9\x02\x058\xd5\x84i\xad\xeb\xe8x\xeb\x14\xae\xae\
\xd6\xd8Z\xb6\xc7P\xe9\xd5\xfa\xf1\xed@\xcc\xde\x0cC\
p3\x0a.\x05\x98\x05\x0e\xb3\x83_\xac\xe3\x1c~a\
\x02\x9d\xc9\xd0\xe3\xea\xcey\xd3\xa1\xc7\xfbKKaj\
\xdb\x1bF\xc1}\x02\xff\x00ip^\xad\xe0f\x19\x85\
\xb3\x0cM\x90\xa8f\x15\xe6\x9d\x94!B\x10\x889\x89\
\xe1\xd2\x9a\x0dP\x89p\xbb\xaf\x07\xeern\x9d\x0d\x0a\
Z[\x0bV\xd8\xdaZZ[\x03\xb9\xf0~\xdd\x80\xcc\
?\xe5\x0d\xa0\xab\xac+\xd9\x02\xf4!@\xe1\xab\xecG\
\xd4\x0b\xdb_\xc4O\xa1\xf1\x1fCI\xcf4\xb4\xb5m\
-KKciij(\x0a\xf0j\xc7^\xa7N\xc7\
\xa1\x0c\x8c\xc3`1\x0d\x83\x00\xd9X\x18\xf6P \xda\
\xbe\x9e\xaf\xd2i\xfa\x1d\xb9|\xb2\xcf\xab\x85\xb0\xb4\xb5\
--\x85\xa5\xa5\xa5\xabib\xc7\xcf\xc4\x81\x99\xbc\x18\
\x86\xe0f\x14X\x18vB\x8f1\xf4\xf5\x8a\xe3n\xfe\
\xbf\xa2Z\xfa\xae\x16\xc2\xd2\xd4\xb4\xb6\x16\x96\x96\x96\xad\
\xa6\x84\xbc\xfd\x87W\xd0\x97S\xa8\xad\xdc\xc30\xb6a\
\x89\xb2\x15\x0c\xc2\xbc\xe3\xde\x87ik\x8d}\xa3\xc2\xd0\
\xed\xfb\x96\xeb\x85\xb0\xb4\xb5--\x85\xa5\xa5\xa5\xabi\
\xa15\xf14'\x0b\xd2\xfe:\xe6\x19\x87\xfc\xa1\xb4\x15\
u\xcb\xbdYj\xda[\x0bV\xd8\xdaZ[\x0bO\x18\
|\xcf\xf9\xf7\x86Fa\xb0\x18\x86\xc0_\x00\xd9X\x1b\
\x1d\xda[\x0bV\xd8\xda\x96\xc2\xd3\xc4\xf3[O\xfc\x80\
u\xf3\x0e\xaf9\x9b\xc1\x88n\x06aE\x81\x88VS\
\x13\x8a\x98\x9cP\xc0\xe2<B\xa7\x14\xf7_\x06g;\
\xe3\x13`\xc0\xc8\xe6\xac8\xc4\xa4?\xff\xda\x00\x0c\x03\
\x01\x00\x02\x00\x03\x00\x00\x00\x10\x00\x00\x09\xae\x02(\x00\
\x00\x09\xc4\x80\x00\x00X\x04$\x03 \x01\x04\x08\x04\x00\
\xe4\x00\x02\x00\x04\x88\x00\x01\x00\x00\x06a\xe1\x80\x00 \
\x04\xa6@\x00\x00\x00\x10\x00\x08\x05\x84\x03\x00\x07\x83\x10\
\x90\x0c\x80\x00 \x00\x10\x00\x00\x08 \xa8\x01\xc0\x16[\
\xfa\xc4\x0b@\x22\x90\x00 \x05 \x0c\x10\x08\x08\x00\x00\
 \x12\x004\x00@\x00\x00a\xf0\x89#$J\x07\x83\
\xb4\x00\x00\x80 \x00\x10\x00H0\x00 \x16\x00\x00\x80\
\x00\x00@\x01\x02@\x051G,?\x1d@1\x00\xcd\
\x00\x0b\x00\x84\x80d\x00 \x81\x00\x80\x18\x80\x00@\x00\
\x91\x00\x00\x00\x00\x00\x09^dN\x7f6Q\xc0\x06\xb0\
\x00\x02\x00\x01\x01\xb0\x00`\x01\xf0@\x12\x01\x90\x00\x00\
\x00\x12\x04\x04\x08\x05\x1f\x0ak6`\x5c8J\x08\x04\
R\x00\x04\x00$\x01\x12\x01\x00\x00\x00\x04\x02@\x06\x80\
\x00\x10\x10\x040\x98\x0c\x14L\x00\x9c\x97\x01\x10P\x04\
\x00\x02\x00\x09\x06\x00\x04\x02\xc0 \x00\x00\x00\x08\x00\x00\
@A\x02\x8eE\xa0\x12\x0d#LM _@\x10\x90\
\x0c\x80\x00\x10\x00\x10\x02\x90\x80H\x00\x12 \x00\x00 \
\x04[\x1cVB)\xa0\xd9\xc1\x02\x90\x08@@\x00 \
6\x00,\x00>\x00\x02\x002\x00\x00\x00\x02@\x84\x80\
\x00\x85$L4\x8e\x04\xe0\xe8l\x82\x1a\x00\x00\x80\x04\
\x80\x22@ \x00\x00\x00\x80H\x00\xd0\x00\x02\x02H\x00\
\x9b\xf9\xa2\x893\x00\x1bx\x86\x08H\x80\x00@\x01 \
\x80\x00\x80\xd8\x04\x00\x00\x00\x01\x00\x00\x08\x0828K\
 Ap\xa4\xc8%\xf4\x1a\x01\xf4\x92\x01\x90\x00\x02\x00\
\x02\x00\x12\x10\x09\x00\x02@\x00\x00\x00\x00\x00\x94DZ\
\x01 \x0eI=\x93,\xb62\x00\x04\x06\xc0\x05\x80\x07\
\xc0\x00@\x06@\x00\x00\x00H\x10\x90\x00I\x96i\x82\
I6fVE \xc2\xc9\x14\x10\x00\x90\x04H\x04\x00\
\x00\x00\x00\x08\x00\x1a\x00\x00@\x09\x00\x02Y\xd0R\x05\
\xf11Q\xa0Q\x05\x1e\x88\x08\x00$\x10\x00\x10\x1b\x00\
\x80\x00\x00\x00\x00\x00\x01\x00\x02@\x88\xb9\x99eSk\
Y(\xb9\x05\x1c\x0e\x80\x12\x00\x00\x00\x00\x00\x02B\x01\
 \x10H\x00\x00\x00\x80\x00\x12 \xa2\x05&\x18\x9aJ\
q($\xc1\x17\xa0\x00\xd8\x00\xb0\x00\xf8\x00\x08\x00H\
@\x00\x00\x09\x02\x12\x00\x09\x00:\x84\x80mZC\x14\
D\x1by\xa8\xf0(\x12\x00\x89\x00\x80\x00\x04\x00\x01\x00\
\x0b@\x00\x08\x01 \x00@\x02\x98d\x0a<(\xe1@\
iF\xe0h\x02\x04\x82\x00\x00\x03`\x10\x00\x00\x00\x00\
\x00\x00\x00\x00@\x11$\x0b%\x00\xd1Q\x16\x93\xec\x06\
\xa8\xc8\x80\x03@\x00\x00\x00\x00H@$\x02\x09\x00\x00\
\x00\x10\x00\x02@\x00\x00\x96C_\x9a\x9e\x8do\x18\x88\
e\xd0\x00\xa06\x00?\x00\x01\x00\x09\x08\x00\x00\x01 \
B@\x81\x00\x00\xa2\x82\x04\x08\x07L!C@\x159\
\xf04\x80\x11 \x10\x00\x00\x80\x00 \x01h\x00\x01\x00\
&\x00H\x00\x00\x0c\xa2\xd0\xed\x11\xc4,\xa5^(0\
\x1al\x00\x00\x00l\x02\x00\x00\x10\x00\x00\x00\x04\x00\x09\
\x12\x04\x81B$\xd2_D\xde~\x00T\x0b\xc9\x81\x04\
\x83\x00\x00\x00\x09\x08\x04\x80A\x00\x00\x00\x02\x00\x00H\
\x00\x05\x01YH\x1b\xc1[9\xef\xe1\x0d\xdc\xc8:*\
@\x07\xe0\x00 \x01\x01\x00\x00\x00$\x08H\x10 \x00\
\x14$me\xe9\x88h?H \xe7\xc5\xbd\xf8\x19\x04\
\x00\x00\x00\x10\x00\x04\x02-\x00\x00 \x04\xc0\x09\x00\x08\
\x94\x04\xcb\xdb\xb4EPI\x93\xf6,\x8f\x02\x0c\x10\x00\
\x0d\x80@\x00\x02\x08\x00\x00\x00\x00\x01\x00@\x90(@\
\x0aF.R\xb8A?L\xe3\xff\x00c'\x96h\x00\
\x01!\x00\x90\x08 \x00\x00\x02@\x00\x89\x00\x00\xa1:\
\x05\x1c\xe4\x02`\xf8E\xc14e\x88\xee\xf9 \xf8\x00\
\x04\x00$ \x00@\x04\x80\x09\x02\x04\x00\x02\x84\xa0\x04\
\x13\xbfF#\xdb\xa9\xbd\xa9\x04\xd1\x82\x80\x0a\x00\x00\x02\
\x00\x00\x80E\xa0\x00\x00\x00\x98\x03 \x01R\x000\x06\
\xae\xa9LT\xd0l\x1a\xb4\x9d\x14\xd2DA\xb0\x08\x00\
@A\x00\x00\x00\x00\x00 \x08\x12\x05\x08\x00\x18\xbc \
e\x11\x0b>|!+\xe4\x9bI\x94\x80$ \x12\x01\
\x04\x02\x00 \x08\x00\x11 \x00\x14\x07@b\x8e\x00\x15\
\x17\x84\x99\xaa\x00B\x00 \x00\x1f\x00\x00\x80\x04\x04\x00\
\x08\x00\x90\x01 @\x80\x00P\x90\x01\x80\x18\x84\x12L\
s\xa2Aq\xd0!$\x12g\x00\x00@\x00\x10\x08\xb0\
\x00\x00\x00\x13\x00d\x00*\x10\x06\x004\x9bK>\xf5\
\xea\xc0\x90\xcd\xa0\xdaH\x865\x01\x00\x08\x08 \x00\x01\
\x00\x00\x04\x09\x02@\xa1\x00\x03\x00\x0b)\x90P\x10a\
\xd0j0\x89@\x00\x05\x84\x84\x02` \x80@\x04\x09\
\x00\x02$\x00\x02\x85\xe8\x0c\x00-2\x9c\x10_$\xcb\
&\x0a`\x10\x99\x9b \x00\x00\x80\x80A\x00\x10\x00$\
\x08\x10\x00\x0a\x12\x000/\x00\x80H\x16\x11\x8agS\
(&Ar\x04\x08\x08\x00\x00\x01\x16\x00\x00\x00\x02`\
\x0c\x80\x05\x00\x00\xc0\x01\x01\x08\x8a\xf6\x96\xbcll\x02\
\x98Od\x0d\x00 \x01\x01\x04\x02\x00 \x00\x00\x01 \
@\x14 \x00`\x01X\xa6Q\x9d\x90p\x80\x04Ba\
\xecD\x99\x80\x80L\x04\x10\x08\x00\x81 \x04D\x00\x00\
P\xbd\x01\x80\x00\x90\x18Ta`a$\x99D\xcd\x1b\
\xfd-\x80\x00\x10\x10\x08 \x02\x00\x04\x81\x02\x00\x81B\
@\x06\x07\xe8@EE\x98h6\x82\x01)\x106\x80\
\x0f\x09\x00\x08\x00\x22\x80\x01\x00\x00D\x01\x92\x00\xa8\x00\
\x10\x00%\x03\x04\xbb$ P\x00\x012\x02a\x92\x8d\
\x00\x00  \x80@\x04\x00\x00\x10$\x08\x02\x84\x00\x0c\
\x00+\x0c\x01E\x02\x98D\xa6f\x0d\xfe\xb7\xd1Z\x00\
\x08\x80\x82\x01\x00\x10$ \x88\x80\x00\x0a\x17\xa00\x00\
R\x00\x00\xa4\xca\x09\x90\x1e\x89\xbf@\x93\x11\xe8\x00\x02\
\x02\x01\x04\x00@\x00\x82 @\x10\x08H\x00\xc0\xfd\x08\
X\x04\x13\x00\xa6\xd3\xd8\x01,2D#\x09 \x11\x00\
\x04X\x00 \x00\x08\x812@\x14\x00\x00\x00\x04 \x00\
\x00h\x04\x00b\x00\x11\x00\x09@\x03\xa0\x80\x00\x04\x00\
\x00\x00\x00 \x00@\x80\x00P\x94\x01\x80\x80\xe1\x80 \
\xff\xc4\x00(\x11\x01\x00\x02\x01\x04\x01\x04\x02\x03\x01\x01\
\x01\x00\x00\x00\x00\x01\x00\x11A\x10!1a Qq\
\x81\x91\xa1\xc1\xb1\xd1\xf0\xe10\xf1\xff\xda\x00\x08\x01\x03\
\x01\x01?\x10\xf2nr\xe9\xe2\xc4\x18\x0d\x8c\xfa\x5c\xfe\
\x9e\xff\x00\x9d1flg'\x11\x15O'\x90\xb7\xa9\
s\xd4\xcd\x99F\xc73\x01\x15\xf3\x0f\xf3\x11\xec\x86\xbc\
\xb3:\x85\xb5\x02\x8a\xd33\xa0[D\x0a+Z\xb7u\
\xb1\xd7\x88\xb7\xa9\xc4\xbbwP\xb6\xa0V\xc6\xb4o\x9d\
lw\xe3P\xbd\x88(\xef\x5c\xce\x81m@\xa2\xb4\xcc\
\xf8\x0bz\x9cDT\xe3\xc9\x0bz\x96J7\x98\xe5\x8d\
b6\xc8s\xe8\xe1\xff\x00b\xe0gM\xfe\x7fs\xec\
g\xd0F\xc9\x9c\xfbz\xfc\x7f\x1e!{\x13\x01>\xb9\
V\xec\xa0\xb7\x99A\xdc\xb9\xbcJ\x03\xd9\xfd\x1f\xd7\xd7\
\x8d\x8e\xbc(w\xa5\x8e\xfckA\xbf:\xdc\xdb\xc6\xa1\
m@\xa2\xbc\x02\xf6 QP[\xd4\xe3N`\xa3\xbd\
n\xdd\xd4-\xa8\x14Q\xad[\xbc\xebc\xd6\xb4\x17\x9d\
,u\xe0\x17\xb1\x02\x8a\xff\x00\xc0\xacS\xfd\xf53b\
Pw+\xdf3\x16f\xc0z\xfd\xe5\xf5\xc9\xf32N\
\x02\x03\xb3\xc4\xd8OP\xfe\xbe<31\xbeY\xf5\xcb\
\x9bx\x97n\xc0\xb6\xa5\x05\xce\x10\x85{z?\x0e\xf0\
\x13\xa6G\xe3P\xb6\xa0QZ\xe6t\x0bj\x05\x14i\
\x99\xd4-\xa8\x15\xb1\xad\x05\xe7\xc6\xad\xde`^\xc4\x0a\
+Z\xb7u\x16\xf5\xe1A\xde\xb7n\xf1\xa8+D\x00\
(\xd33\xa0[P(\xaf\x0a7\xcf\xfe\x05fg\xab\
1ff\xc1,J\xbd\x88\xdce\x85\xf1/h\xcd\xfb\
\x1f\x1f\xc5CGl\x0a*Z\xfb\x87\xbe\x0f\x9e?\xf9\
\x11N\xc2ic\xbf\x12\xed\xde'\xdc\xcc\x04\xc0@\xa2\
\xa7\xab.\xdf\x12\xe6\xf1(\x16\xd5>\xcf\xec\xaf\xa7Z\
\x0b\xce\xb67\x8dh;\xd2\xc7\xady\x82\x8e\xf5\xcc\xf8\
\xdd\xbb\xa5\x05\xe7[\xb7x\xd4-\xa8\x14V\xb9\x9dE\
\xbdN5\xa0\xefK\x1e\xb5\xa0\xdf\x9f\x0b\xb7\x7f\xf0(\
-\xa9\xf4\x12\x99\xf73\x01+*}D\xcd\x96b\xc1\
(\x81{o\x8eO\x93\xf3P\xde\xf0[\xd4\xda\xac\xca\
\xe3\xf5z\xff\x00\xa3\x7fq\x81mL\x04\xfa\x89Qo\
2\x83\xb9A\xdc\xb9\xb9\x80\x98\x09cG\x12\xb2m\xd3\
\xdf\xfb\x16i\x99\xd4-\xa8\x14V\x99\x9d\x02\xda \x01\
F\xb5\x16\xf3\xad\x8f^6:\x9cK\xb7u\x16\xf5\x02\
\xb65\xa8\xb7\x9dlw\xe3P\xbd\x88\x14V\xb9\x9d\x02\
\xda QZf|,u\xff\x00\x89_s\xa7\x83\x04\
5\xbc\xbfv7\xcb1bf\xcc\xff\x00}\xcc\x04\xa2\
U\xf4\x0e>\x1b%{\xb0\xd1pP\xe0\xdb\xa4\xe3\xfe\
\xfc\xc1\x01\xa2\xd2zT\xfb\xe1|\x13330[P\
\x82\xe5\x1e\xf2\x83\xb9F\xd9\x9b\x11\xeb\x98\xafgs\xf0\
\x9e\x14;\xd2\xc7~5\xa0\xef[7x\xd4-\xa2\x05\
\x15\xe0\x17\xb1\x02\x8a\x96:\xd4/b\x0a;\xd73\xa8\
[P(\xa3Z7y\xd6\xc7~5\xa0\xdf\x9d,z\
\xf0\x0bj\x05\x15\xe0\x17\xb1\x05\x1e\xa8[\xd4FPL\
X\x965\x8d\x0c\xd3\x14\xb3yAp\xd1y\x95\xce\xe9\
\xf8\xd9\xfc\xd4\xc5.o\x049\x95d\xda\xbf\x87?\xa7\
\xddc\xfc\xcb6%\x9b\x1cOi\xea\xcc\xcc\xcc\xcc\xd3\
3>\xe6T\xad\x98}\xff\x00\xe1>\xb5\xcc\xe8\x16\xd4\
\x0a(\xd33\xa8+P+cZ\x0d\xf9\xf1\xa0\xbc\xc0\
\xb6\xa0QZ\xd4[\xce\xb6:\xf0\xa0\xef[\xb7u\x0b\
j\x00\x14i\x99\xd0-\xa2\x05\x15\xe1Ay\xf1\xabw\
\x9dj\xe6a\xd1\xcd(+2\xb9\x8af\xc4\xc5\xa7s\
\xd1.N2\x90\xfb\xcf\xc4\xb0*->\xe4\xe0%\xcf\
D\xbb\x067\xc7?\x8b\xf9\x95\x1d\xca\x0e\xe0\xa3\xb9s\
s\x01\xc4\xb1\xa3\x89cX\x96=K\x9bx\x9fs\x05\
\xc1\xb3\xf8;\xbf\x9b\xf8\xd2\xe6\xde5\xa0\xefK\x1e\xb5\
\x0b\xd8\x82\x8e\xf5\xcc\xf8\xdd\xbb\xa5\x05\xe7[\xb7x\xd4\
-\xa8\x14V\xb9\x9dE\xbdN5\xa0\xefK\x1e\xb5\xa0\
\xdf\x9f\x0c\xcf\x8d\xdb\xba\x1a\xd3\xd7o=Y\x8ef\xc4\
\xbd\xb9F\xf8\x98\xb33`\x9e\xac\xa8\xed\x94\x15\x99Y\
/m\xe2\x5c\x0c\x03\xe7\x9f\xcd\xc3E\xccY\x86\xed\x88\
\xca\x1bl{;\x9f\x84\x99\x98-\xeaTw\x05\x1d\xca\
6\xcc\xa0\xa3\x99\x80\x85\xf0J\xb7y\x9e\xaa\x10\xf7F\
\x9f\xb8\x16\xd4\x0a\xd8\xd33\xa0+D\x00(\xd6\xad\xde\
u\xb1\xeb\xc6\xc7Zfu\x16\xf58\xd6\x82\xf3\xad\x8d\
\xe3P\xb6\xa0QZ\xe6t\x0bh\x80\x05\x1af|,\
z\xf1\x16\xf5\xa6gI\x82\xda\x9b\x9bq(\x98\xb2\xcc\
\x06\x8f\xd4O\xb9\x97{J\xf7a\xcc\xb1\xb6X\xd1\xc4\
\xc76\xa9\xb2+\xe3s\xf9a\xb6\xe2s\x99G\xb16\
\x07\x02\x9fss\xec\x7f\x100O\xa6ffi\x99\x95\
\x17\x99\xf70\xbe\x08-\xea\x06\x09\xb35K\xe2\xda\xfc\
ic\xbf\x1a\xd0w\xad\xdb\xbcj\x16\xd1\x00\x0a<\x02\
\xda\x81EK\x1dN4\x0b\xd8\x82\x8a\xd73\xa8[P\
(\xadj-\xe7[\x1d\xf8\xd6\x83\xbd,z\xf0\x0bh\
\x81Ex\x05\xb5\x02\x8a\x96:\xd1\x94&o\x96z\x13\
\xea!\xa2\xf33\xb1\xbeY\x8b\x04nr\xcfN`%\
\x8d\x1cJ\x92\xbd\xd9\xf73k\xe6}\xd9\xfb\x98\xa6H\
\x15\xb1/\x07)\xfa?\x85\x96\xef,\xdb\x12\xc7\xa9c\
\xd4\xb9\xb7\x89v\xec\x7f\x98\x15\xb1\x05\x1d\xcb\x1b\x95\x0c\
P\xf9\x17\xf9\xb8\x16\xd4\x0a+L\xce\xa2\xde\xa0V\xc6\
\xb4s\xcf\x8d\x1c\xf3\x02\xda\x81EkF\xef:\x8bz\
\xf0\xa1\xde\xb7n\xea\x16\xd4\x0a(\xd33\xa0[D\x0a\
+\xc2\x83~|h\xdf0-\xa8\x14V\xb5[(6\
\xe6\x1f\x18\x97&\x09\x9b3\x14\xb1\xb9Ar\xa2\xdee\
{\xc4S\xea'\xdc\xcfO\x0b\xfd#\xfa\x9fc(\xde\
\x1c\xc1\xe6@~J\x82w(\xb5(\xdb2\x8d\x8ef\
\x02`&l\x12\x83\xb9\x9aX\xeaT^g\xb8\xd7\xc8\
?\xc5J\x1d\xe9c\xd7\x80\xa3\xbds>9\x9d(7\
\xe7[\xb7x\xd4-\xa2\x05\x15\xaegQo^\x02\x8e\
\xf4\xb1\xebZ\x0d\xf9\xf0\xcc\xf8\xe6t\xa8\xb7\x9dY5\
\xea\xcc\xd9\x94\x14s+;\x98\xa6i\x8bN\xe7\xa2\x5c\
\x98\x09A\xdc\xc7\x89\x9b,\xefO\xbe\xd3\xec``\x81\
EJ\x8beO\xd6\xdf\xe3\xdefeE\xe6U\xee\xcc\
y\x99\xb1,u=\xa7\xab\x01Z9\x95\xe7)\xfd'\
\xf7\x04D\x0bj\x00\x14kF\xef:\xd8\xf5\xe2-\xeb\
L\xce\xa2\xde\xa0V\xc6\xb4\x1b\xf3\xad\xcd\xbcj\x16\xd4\
\x0a+\x5c\xce\x80\xad\x10\x00\xa3L\xcf\x85\x8f^6:\
\xd33\xe3V)\x9a\x5c\xdc\xaby\x8f0\xb9\xc4\xf5e\
\x05fPQ\xcc\xa1/m\x99\xa6)c\x0f{\x8f\xd4\
\xca\x8b\x86\xb7\x977\x00\x0a\x9e\x80\x8a\xfb\x8a\x7f\x15.\
m\xe2\x5c\xde%\xdb\xccy\x81\x82\x0a*+\xbe`V\
\xd8\x96\xf3\x00+\xaf\xc7\xfe\xa6\xe2\xe5\xfc\xca\x0e\xf5\xbb\
w\x8dAZ Q^\x00\xad\x10(\xa8-\xebP\xbd\
\x88\x14V\xb9\x9dB\xda\x81EkF\xf9\xd6\xcex\xd6\
\x83\xbd,z\xf0\x0bh\x81Ex\x05\xb5\x02\x8a\x96:\
\xf2\xab\x16`\xb6\x89\x86\x178\x98\xb3>\x82S\xbc9\
\x97\xb7\x11k\x13\x04\xc91\xcf\xf3\xd45\xe8\x9f\xc4\xc1\
m@\xc1(.2\xce\x17\xa7\xf0\xff\x00s\x01,\xd8\
\xe2f\x94\x1d\xcc\xcc\x16\xca\x09s\xd4\xa0\xa3\x98@9\
\xd1\xa6^\x1b?\xee\xf4\x16\xf58\xd6\x83\xbf\x1a\x0d\xf9\
\x81m\x10(\xadj\xdd\xe7[\x1e\xbc(w\xaegP\
\xb6\xa0QZft\x05h\x80\x05\x1e\x14\x1b\xf3\xe3A\
y\x81m@\xa2\xbc\x02\xf6 \xa2\x9a\x8fy\x9d\x98\xb2\
\xcf\xa8\x8d\xf2\xcfN`8\x964q*w+-\x98\
33`\x9e\xac\x14w\x0d\xdf'\xf2\xa1\xa2\xfde\x8d\
\xc0\xc1*.w\xfd\x9fc\xfdJ\x0e\xe69\x9b\x12\xc7\
\xa8\x17\xb1)\xe6\x05\xb5(.ff\xd4f\x96\x9d\xad\
\xf4?\xaf\xf7p/b\x05\x15\xaeg\xc73\xa5\x06\xfc\
\xebv\xee\xa1m\x10(\xads:\xd8\xeb\xc2\x87zX\
\xf5\xad\x07~\x19\x9f\x1c\xce\x94s\xcf\x8d[\xbc\xe95\
\xc9\xf4\x136Y\x8b\x12\xc8ApQ\xdc\xabvX\xea\
}D\xfb\x99\xf4\x12\x89b\x12\xb1\xb3\xec\x1f\xb8\x16\xd4\
\xa8\x963z\xb17\xd6\x0f\xec\xfd\xcc\xd3\x1c\x0c\x10(\
\xa9n\xf9\x80\x06\xd3\xd7\x97=K\xb7x\x96\xfa%\xfb\
G\xebR\x1c\xb3\xef\x9dlz\xf1\xb1\xebL\xce\xa2\xde\
\xa7\x1a\xd0o\xce\xb76\xf1\xa8[P(\xads:\x02\
\xb4@\x02\x8d3>\x16=x\xd8\xebL\xcf\x8d\xdb\xba\
\x0a&m\xbd\xb9\x85\xc6&i\x8az\xf0\xdbx%\x89\
\xc0\x12\x93ng\xd7>\xe6zs\x01(\x5c\xa1\xcc\x1f\
\x05\xfe\x84\xba\x06\x09A6\xab,\xdc\x18\xfd\x934\x14\
w*/2\xe7PQ\xdce\xb9\x80\x98\x09f\xc7\x12\
\xb1vo\x95\xff\x00\x8a\xd6\xa4\xf8w?\x7f\xee\xb4\x05\
h\x80\x05\x1e\x01m\x10(\xa9c\xd6\xa1{\x10(\xad\
s:\x85\xb5\x02\xb65\xa0\xef[\x1b\xc6\xb4\x1d\xe9c\
\xd7\x80+D\x0a+\xc0-\xa2\x05\x15\x05\xbdx\xd8\xea\
q3:\x09\x9ab\x99\xb4h+3\x01(%\xfb\xb3\
6f,K[\x80\x17/n\x5c\xf5\x04wq/\x94\
\x0f\xe1\x95\x1d\xcb[\x86\xde\x88s9\x8f\xf0\xca\xb7\x97\
6\xf1\x02\xda \x85\xc0\xb6\xa5E\xca\xb7y\x94\x1d\xca\
69\x8e\x1b\xe1\xbe.\xfc\x9d}\x0d\x1f\xc6\x7f\x13\x9e\
%\x07~4\x1d\xc0\xb6\x88\x14V\xb4o\x9dlz\xd7\
\x98(\xef\x5c\xce\xa1m@\xa2\xb4\xcc\xe8\x0a\xd1\x00\x0a\
<(;\xf1\xa3\x9e`[D\x0a+\xc0/b\x05\x15\
,z\xd4L\xd8\x98\xb3\xa0\x04\xcc\xcb\xdbe\x8dbb\
\x99\xa6=\x1b\x1a\xc4\xa8\xac\xc0\xe2Y\xcd\xdc\x1f\x83\xfc\
\xa0V\xa5Gs\x14\xb9\xe8\x86\xd5\xf0\x98\x17\xb1\x02\x8a\
\x22\xe6\x13\xd5\x976\xf1334\xcd\x99J6\x80\xf4\
\xaf\xe1^\x16/!_[x\xe6t\xa0\xef\x5c\xce\xa0\
\xad\x10(\xadj\xdd\xd4[\xd7\x85\x0e\xf4\xb1\xdf\x8dh\
;\xf0\xcc\xf8\xe6t\xa0\xdf\x9f\x1a7\xcc\x0bh\x81E\
j!|\x13\xect\xec\xdb\x12\xc6\xb1\x05\x15\x99Ql\
\xc53bz\xb0Q\xdc\xafv\x1c\xb3\x8c\x87}\xe8\xd8\
\xf9v\x8a\x87\xb6\xaa\xf6\xf33\xb0\xefp\xedyf(\
\xa8\xb2?\x03*-\xe6\x5c\xdc\xa0\xac\xcb\x1b\x98\x09f\
\xc7\x12\xc6\xb1,\xf6\x96\x17\x0e\xf7\x15\x1f-\x1e\x02x\
\x95\x0b\xef\xfa\x7f^\x16=i\x99\xd6\xc7^\x14\x1b\xf3\
\xad\xcd\xbcj\x16\xd1\x02\x8a\xd6\xad\xdd\x02\xda\x81E\x1a\
f|,z\xf1\xb1\xebL\xcf\x8egJ\x0d\xf9\xf0\x13\
\xe8%\xb2\xa2\x0a;\x95\x96\xcbW3`\x8d\xc6Y\xb9\
\xb7\x12\x8fb\x22\x98\x09\x9a\x1eU\x9f\xb3\xf4\xfa`\xb7\
\xa9\xb5Y\x9b\xd5\x88m\xb8\x9f,G\xb9_\xc5~\xe0\
[R\x82\xe0\xb7\xa9Q\xdc\xa8\xeeQ\xb6e\x1b\x1c\xcf\
\xaeW\x0a\x17\xf6\x1b\xfcq}\xfb\xd0O\xb4\x09\xce\xf0\
O\xb4\xd9v&\xa0\xad\x10(\xa9c\xd6\xa1m@\xa2\
\xb5\xcc\xea\x0a\xc0\xad\x8dh;\xd6\xe6\xde5\xa0\xefK\
\x1d\xf8\xf0\x05h\x80\x05\x1e\x00\xad\x10(\xa9c\xd7\x8d\
\x8e\xb4\xcc\xea\x16\xd44D\x981=xm\xbcK\x1b\
\x96lJJ9\x9fA>\xe6z3\x01\x00#|\xc0\
7\xc4\xb4\x97\xf5\x06~[}\x99^\xec9\x95\x1d\xb3\
\x80\x99%\x84\xe0>\xd5\xff\x00\x93\xd5\x81\x82S\xbb3\
3331\xbeY\x8f\x12\xc8\xef\xfd\xe3b\xbd@}\
\xa0\x07\xbc\x1b\xce\xd3\xd1!\xeb\x88\x1c\x01\xd6\x83~`\
+D\x00(\xd6\xad\xdeu\xb1\xeb^`\xa3\xbds:\
\x85\xb5\x02\xb64\xcc\xe8\x16\xd4\x00(\xf0\xa0\xef\xc6\x83\
\xb8\x16\xd1\x02\x8a\xf0\x0bj\x05\x15,z\xf0\xa1\xde\xa2\
4ls0\x12\x82gg\xd8\xc2\xe3\x04\xb2T\x5c\xbf\
v\x5c\xef\xc4\xb3\xdd\x9b\xd3^\xf1\xbf/\x83>\xa9.\
f)s\xd1\x0et3b6\x10\xa1\xf0W\xf2@\xa2\
\xa5\xad\xcb68\x96lq,z\x976\xf1\x1b\xe6\x00\
7\xe0\x89m\xb9\xff\x00'\x02z$\x1c\xee\xc1g\x88\
\x03\x8e`\xf3\x0d\xc9\x99\xd2\x83~u\xcc\xea\x0a\xd1\x00\
\x0a5\xa8\xb7\x9dlz\xd7\x98(\xefK\x1d\xf8\xd6\x83\
\xbf\x0c\xcf\x8egJ\x0e\xfch/0\x15\xa2\x00\x14k\
V\xee\xa2P\x5c4^e\xfb\xb1\x94\xc5\x89\x9b3\x14\
\xf5e\x8dJ6\xcc\xc5\x0d\x16\xcb\xa4\xbf\x952\xfc\xb7\
\xf6\xafIQr\xa2\xf2\xccR\xe7\xa2}\x8cU.\x05\
\xfdE_\x98_\xb6\xe5\x8fR\x83\xb9AY\x94ls\
0\x10\xbe\x09Qo2\xc7\xd1\xf3\xd3\xba)\xd9C\xda\
\x0f\xbb\x0f\x5c0\x08z\xe1\x81\x0f\x5c\xbb\xdbL\xce\xb6\
:\xf0\xa0\xef[\xb7x\xd4-\xa2\x05\x15\xad[\xba\x05\
\xb5\x02\x8a\xd33\xe1c\xbf\x1e6=i\x99\xf1\xcc\xe9\
A\xde\xb67\x8f\x01,k\x12\xc6\xb1\x05\x14s+/\
3\x0c\xcd\xa7AY\x95\x96\xc3\x99\xbdX\x9b\xb1\xb3\xbf\
\xe5\xf9\xe0u}K\x1b\x965\x88w\xb8h\xb9\x86\x1a\
\xdez\x90\x94\xf9\xd9\xfc\x5c\x0b\xd8\x94\xef333*\
/3\xef\x9fQ\x0d\xda\x86\xcb\x99L\xd2\xef\xf0W\xa5\
\x10\xc0 s\x0c\x02\x1e\xb8\x01\xc4\x13\xc4\x14T\xb1\xeb\
P\xb6\xa0QZ\xe6u\x16\xf5\x02\xb65\xa0\xdf\x9dn\
m\xe3QGzX\xef\xc7\x80+D\x0a(\xf0\x0bh\
\x80\x05\x12\xc7\xaf\x1b\x1di\x99\xd4-\xa8\x14V\xa6\x81\
\x96\x82\xb3+.\x5c\xde&lLR\xc6\x01\xbc\xb5s\
r\x8e&h\xc8lp}\x01\xef\xf8-\xc4`-\xed\
\xfe\x8e\x83`\xf4\x94\x176\xab,\xc5\x89sx&\x18\
\x18!\x80v\xbf\x83\xf7-m\x965\x89c\xd4\xb9\xb7\
\x89so\x13\xee`\x06\xd8\x9c\x82\xbfw\xa0v\xa8;\
H\xb0[\xfb\x8bo\xc7\xa7[A<@\x9c\xe8'\x8d\
\x10\x9c\xc6@z@\xa2\x8dh/:\xd8\xf5\xa8^\xc4\
\x14w\xaegP\xb6\xa0V\xc6\x99\x9d\x02\xda\x81E\x1e\
\x14\x1d\xf8\xd0w\x01Z Q^\x01m@\xa2\xa5\x8f\
^\x14;\xd73\xa5\xa8\xb70\x12\x803>\x82b\xce\
\x9e\x02T\xeec\xccZ \x95^\x02s!\xc1\xeb\xd5\
\xed\xcf\xa1\xb7m\xdb\xcb\x9b\xc1\x0eeGl\xfa\x08h\
\xee\x22\xdc\xa8\xb8\xb4{\x1b\x1f|\xfc\xca\x0a\xcc\xa3l\
\xcc\x04\xc0L\xd8\x95\x16\xf3.z\x8fI\xf4\xfd\xb7\xe5\
\x1e\xe8\x13\x9d\x04\xfbh\x84\xe6\x0d\xe7h\x02\x04w\xf4\
\xd73\xa8[P(\xa3Z\xb7y\xd6\xc7\xady\x82\x8e\
\xf4\xb1\xbckA\xdf\x86g\xc73\xa5\x07~4\x1b\xf3\
\x01Z \x01F\xb5n\xea-\xeb[j&v}\x8c\
\xfa\x09l\xa8\xb9~\xec\xb9\xb8Zp\x05W`\x0c\xb2\
\xf4\x22\xfc\xb3\x85\xeb\xd0\xf9w\xd8\x16\xca\x8e\xe6)s\
\xd1.\xde`\x81mJ\x1bfW\xb9\xd8\xfa\xe7\xe2P\
\x5c\xcc\xca\x8b\xcc\xa8\xeec\xcc\xcd\x82\x02\xb4G\xe7\x9d\
Y^\x00\xedPv\xc7\xa2\xde\xbeptp\x18\x00\x83\
y\xdbD'\x1c\xc1\xbc\xc0\x1cs\x06\xf3\x00q\xcc(\
/\xd3K\x1e\xbc(;\xd6\xed\xde5\x05h\x80\x05\x1a\
\xd5\xbb\xa0[P(\xad3>\x16;\xf1\xe3c\xd6\x99\
\x9f\x1c\xce\x94\x1d\xebso\x1a\x85\xb4@\xa2\xb5\xb5\x97\
S\x16\x09\x9b,\xc5\x89\xea\xcb\x93b\xa5\x8a\x80\xb5v\
\x0f\x98\xfa\xf1~}+\xe8d>]\xe8\x05\x153\xb0\
\xde\xf0\xedyf)F\xf8\x82\x8e\xe5\xfb\xb3\xb8K\xee\
\xf1\xf4\x7f2\xc7\xa9w\xb1.o\x1331\xe6\x05\x14\
Ky\x95\xfb\xee\xeb\xf4|l\xf7;lJ `\xde\
\x0f0\x07\x10y\x808\xe6\x0f0\x07\x1c\xc3@y\xfe\
\xcc\x0bh\x81Ek\x99\xd4[\xd4\x0a\xd8\xd6\x83\xbdn\
\xdd\xe3Z\x1d\xe9cx\xf0\x0bj\x05\x14x\x05\xb5\x00\
\x0a%\x8f^6=i\x99\xd4-\xa8\x15\xb1\xad\x06\xfc\
\xea\x18\xdaN\xe69\x9b2\xbf\xf6e\x05\x1c\xca\xcbc\
\xe3\x18z\xbd\x06_\xe34Lo;\x0c\xf7\xea\x7f\x06\
=Z\x0b\x82\xd9\xb5Y\x9b\xd5\x88m\xb9\x93,\xfa\x08\
-\x9c\x00\x8b\xfe\x8f\x9e=\xe3\xad\xc6\xb7\xe6`&\x02\
Y\xb1\xc4\xcd\x89A\xbf2\xe6\xe3\x95\x1b\xa3\xe8\xe7\xdb\
\xf94z\xcaQZ\x9bWu_V\x1e\xb8\x18!\xeb\
\x86\x04=p\xc0\x87\xae\x18\x12\xf7\x1c\x04\xa0\xdf\x9dl\
w\xe3P\xbd\x88(\xef\x5c\xce\xa2\xde\xa0V\xc6\x99\x9d\
\x02\xda\x81E\x1e\x14\x1d\xf8\xd0w\x01Z \x01G\x80\
[D\x0a*X\xf5\xaf0Q\xde\xb9\x9dB\xda\x86\x8c\
\x974\xc7,nQ\xbe%\x8d\xbc@\x1a\xcb\xd1\xd9\xee\
\x9c\xbd\x1f)\x17\xb18\xf4\x0f@\xe0=\xa5\x8d\xc0\xa9\
^\xec9\x9bU\x96b\xd0\x0a*z\xf2\xd4^7\xfd\
\x0f\xdf\xd4\xcc\xca\xbd\xd9A\xdc\xc73b\x05\xb5\x17\xdd\
\xd9\x7f\xafUv\x0c\xadfm\xbe\xb6\xc0\x1c\x1f\xb5\xca\
\xac\x05\xd8\x81\xcc0\x08\x1c\xc1`\x81\xcc\xc0q\x0f\x5c\
\x1f\xb1\x0d\xe3\x0d}m\xa8[P(\xa3Z7y\xd6\
\xc7\xadB\xf6 \xa3\xbd,o\x1a\x8a;\xf0\xcc\xf8\xe6\
t\xa0\xef\xc6\x83~`[P\x00\xa3Z\xb7u\xb1\xeb\
^`\xa3\xbd-\xcd\x89\x8b:&\xb4.\xc7\xe5\xe0\xf9\
o\xd0e\xa9o\xc9\xc9\xdb\x97\xf0u\x05\xb5\x02\xf6 \
\x05\xc2\xac\xe0!\xdf\xa2\x1c\xcc\x10\xe6\x5c\xce*\xc3\xed\
\xc1\x147Sl\xbbw\x89\x99\x99\xa68\x18!\x05\xf0\
9\x96/{\x9f\xf4\xa3\x8f\x93\x92\x83\x98'\x8e N\
`\x9e8\x819\x82x\xe2\x07\xdd\x83\xce\xc4\xf4`N\
gf\xab\xf7\xad\x07z\xdd\xbb\xc6\xa0\xad\x10(\xadj\
\xdd\xe7@\xb6\xa0QZf|,o\x1e6=i\x99\
\xf1\xcc\xe9A\xde\xb76\xf1\xa8[D\x0a+Z\xb7t\
$n\x00\xf0\xbb\xfdr\xfdB\xab\xd7\x0f\xff\x00G\xe8\
\x80\xee\xee\x97\xb3\x97\xe5\xa9\xf4\x10Q\xdc\x14w,n\
\x06\x09Ar\xa2\xf2\xccD\xb9\xe8\x9fc\x03\x04\xa2z\
\xe4\xfd\xb9~8>}f\x02Y\xb6%\x8dbf\x94\
\x1d\xcb\x1b\x86=\x1aY\xf5/\xa7\xe5\xf2\xb10';\
\xc1<q\x02s\xbc\x13\xed\x07\xdd\x87\xae&6 H\
\x0b\xc4\xdc|\x8b\xfe~u\xcc\xea-\xeaq\xad\x07z\
\xdd\xbb\xc6\x9c\xca\x1d\xe9cx\xf0\x0bj\x05\x14x\x02\
\xb4@\xa2\x89c\xbf\x1e6=i\x99\xd4[\xd4\x0a\xd8\
\xd6\x83~u\xb3w\x8f\x0blj\x5c\xf4C\x99G\xc4\
\x16\xf5\x02\xda\x95\x12\xc6\xe5\x8db\x1d\xee\x1d\xaf,\xc0\
\xc3E\xe6X\xc2\xb2\xd8\xfa2\xfe\x8f\xbcJ\x8by\x94\
\x1d\xca69\x98\xf13AmNP\xbb\x1b\xc3?\xc8\
}\x99@\x0fx6\x00\xf7\x83y\xda\x0e9\x87\xaa/\
\xb1\x00q\x01x\x81\xcc\xa0\xe2{p>\xb7\xfd\x1aX\
\xef\xc6\xa1{\x10(\xads:\x8bz\x81[\x1aU\xbb\
\xa0[P(\xaf\x0a\x1d\xf8\xd0w\x02\xda\x81E\x1e\x00\
\xad\x10(\xa9c\xbf\x1a\x85\xecAGz\xe6u\x16\xd4\
\x0a\xd8\xd4\xd0\xb2\xd4^Y\x8b@QY\x82\x8a\x99\x9e\
 [Y\x94\x12\xad\xb37\xab\x10\xefx&8\x17\xb1\
\x18p\x1c\x19_O\x9f\xed\x89w\x13\xfe=\x89\x99\x99\
\xa6l\xccX\x84\x13i\xc4\xb1\xd9\xeb\xeb\x867\xdc\x1b\
\xbb\x00q\xcc\x1b\xcc\xf4H\x0c\xee\xc1gb\x00q\x01\
x\x819\xd0O\x12\xd8\x15\xb8\xb3\xef\xfe\x1f\x98\x16\xd4\
\x0a+Z7y\xd6\xc7\xadB\xf6 \xa3\xbd.m\xe3\
Z\x1d\xf8f|s:Pw\xe3A\xdc\x0bj\x05\x14\
kQo:\xd8\xf5\xa8^\xc4\x14w\xaegKM\xb7\
\x89\xf60>\x08m\xb8-\xea\x0a%\xcd\xb2\xe6\xf0C\
\x99Q\xdb>\x82\x0a;\x82\xa5\xa2n\xf5/\xa6\xc7\x87\
^\xafo\xfc\x96lq,k\x12\xc7\xa9\x9b1^\xe0\
KW`\xf9\x96\xe9\xe0\xe1z\x1e\x9d\xb9z.\xc0p\
A\xe6.\x0d\xa0\xfb\xb0\xf5\xc0\x0e \x98\x13\x9d\xf4\x13\
\xed2\x90';\xcd\xb3*}\xc7g\xb1\xb1\xf8%\x0e\
\xf5\xbbwP\xb6\xa0QF\xb4n\xf3\xa0[P+c\
L\xcf\x85\x8d\xe3\xc6\xc7~4\xcc\xf8\xe6t\xa0\xef[\
\xb7x\xd4\x15\xa2\x00\x14kV\xef:\xd8\xf5\xa1\xcf.\
)d\x0a\xd8\x81EL\xf0+*;\x98\xa5\xcfD\xb3\
y\x83\x13nV\x831\xb0\x7f\xcf~\xde\x87\xcb\xd5\x1e\
\xf2\x8d\xb3(\xd8\xe6}sm\x85\xe0\xcb\xd8\xfd\xf0e\
\x98\x8ev?\xca\xcb\xf80C\xd7\x17\xd8\x9e\x8e\xec\x0e\
`\x07\x10oP\x07\xbe\x83y\x94o\xc4\x01\xc4\xa86\
W{2\x9e\xb6\xed\xf8-\xf8\x99\x9dE\xbdN5\xa0\
\xef[\xb7x\xd3\x98(\xefK\x9bx\xf0\x0bj\x05\x15\
\xe0\x16\xd4\x0a(\x96s\xc7\x8d\x8fZfu\x16\xf5\x02\
\xb65\xa0\xef[\xb7x\xd4-\xa2\x00\x14h\xab\xcb\x82\
f\x872\xe6\x05\x153\xb0\xe6T^Y\x8aQ\xbe!\
W<\x1c\xc4n\xd8w\x7f\xce?\x99\x99\x99\xa6f\x00\
p\x1d\xe0\x80\xa0}'\xb7\xab\xf1\xdb\xc4r\xa7\xcb\xfe\
\xd8\xf4\x0a \xfd\x89\xe8\x90'00A\xbc\xc0\x1ch\
7\x99GP\x07\x12\xad\x82y\x94\xf5\x00q\xcc\xae\xf8\
m\xee\xf0|\x1b\xfc\xea\x17\xb1\x02\x8a\xd73\xa8\xb7\xa8\
\x15\xb1\xa5[\xba\x05\xb5\x02\xb6<(w\xe3A\xdc\x0b\
j\x05\x14x\x05\xb5\x00\x0a%\x8e\xfcj\x17\xb1\x05\x1d\
\xeb\x99\xd4[\xd4\x0a\xd8\xd6\x83\xbd,z\xd3\xdb=\xd8\
\x16\xd1\x02\xb6%[\xcb\x9e\xa5\x1bf]\xb6!\xb6\xe5\
\x9e\xec\x168\x17,\x7fs\xf2\xbd\xbdz\x1f\xe2\xcd\x89\
f\xd8\x96{K\xa5\xa7\x07\x1f/\x1fV\xf5\x1b\xaa\xb1\
\x1b\x1f>\xaf\xbd\xf5P\xf5\xcfD\x819\xdfA\xe6\x00\
q\x01x\x82y\x94s\xc4\x00\xe2\x02\xf1\x11\xe6\x00o\
\x0c\x08z\xe6\xcfl_br\xf6\x1f\xf9\xf0m\xad[\
\xbc\xebc\xbf\x1a\x85\xec@\xa2\xb4\xb9\xb7\x8d9\x82\x8e\
\xfc3>9\x9d\x05\x1d\xf8\xd0w\x02\xda\x81EkV\
\xef:\xd8\xf5\xa8^\xc4\x14w\xaeg@\xb6\x88\x14V\
\x96\x9a.\x1a\xde\x22\xdc\x0a(\xe2U\xbb\x0ee[f\
b\x96\xe6\xbd\x0c\xbe\xd2\xa9\xb0\xf1\xfd\xbd_\xf1*;\
\x94\xb5\xea-@(}n?\xb3\xf4{\xcd\xc4\x1e\x96\
\xc7\xcf\xaf\xca\xc3\xd7\x13\xd8\x80=\xe0/\x10\xf5\xc0\x0e\
 /\x12\xce\xe0\x0e`W\x1c@^\x22<\xef\x00\xe6\
\x18\x04=p\xc0\x81\xcc\xec\x1b\xec;\x1f/\xf1\xaeg\
P\xb6\xa0QF\xb5n\xf3\xa0[P+cJ\xb7|\
,o\x1e6s\xc6\x99\x9f\x1c\xce\x94;\xd6\xed\xde5\
\x05h\x81E\x1a\xd5\xbb\xce\xb6=kA\xbf:\xda-\
\xa8\x17\xb1\x00#,\xe0%\xcd\xe0\x870\xb6\x8f\xc0\x7f\
oDxG\xef\xf88\x9b3\x1d\xec~\xdf\xc4\xc2\xfa\
\x0d\xfe\xdb\xfcT[\x8b\xea-\xfeXz\xe7\xc0@\x1c\
@^ s\xa0\x9e%\x9d\xc0\x9c\xe8'\x8e\x22<\xc0\
\x9c\xc1<@\xe6\x09\xe3\x88\x13\x98'\x8e\x223D\xaf\
\xb12\xce\xd8\xf4\x0d\x83\xe0\xd2\xc7^\x14\x1d\xebv\xee\
\x9c\xc1Gz\x5c\xdb\xc7\x80[P(\xaf\x00\xb6\xa0Q\
D\xb1\xdf\x8f\x1b\x1e\xb4\xcc\xea-\xea\x05lkA\xde\
\xb7n\xf1\xa8+D\x00(\xd33\xa0^\xc4\x14r\x8a\
;\x96\xb7\x03\x04\xa0\xb9Qye\x8fy\xc0\xdd{\x1f\
\xb6\x8e\xe5\xb5\xbe\x90\xee\xf7\x7fG\xcd\xc5M\xca\xf7\xbc\
\x1eg\xa2A\xce\xec=p\x03\x88'\x88\x13\x9d\x04\xe8\
\x85+\x10L\xcb\x02s\xbc\x13\xc4\x09\xce\xf0O\x1c@\
\x9c\xef\x04\xfb@\x90O\xb4\x10&\xea_\xf1\xee\xf8\xf5\
\xd0-\xa8\x14V\xb9\x9dE\xbdN4\xabw@\xb6\xa0\
V\xc6\xbc\xc1G~4;\x81m@\xa2\xbc\x01Z \
\x01D\xb1\xbcj\x17\xb1\x05\x1d\xeb\x99\xd4[\xd4\x0a\xd8\
\xd6\x83\xbd,z\xd6\xad\xdet\x14-\xa9Q,f\xc8\
\x03\xe8n\xfd~\xdd\xbb\x9b\x1b\xdb\xb3\xfd\x0f\xcb\xd9\x15\
H\xaf\x95\xdd}\xd6\x1e\xb8\xb86\x9f#\x0f\x5c\x00\xe2\
\x09\xf6\x814\x1b2@\x1d\xba\x0d\xe7i\xea\xc0\x1e\xf0\
l\x01\xef\x06\xf3\xb4\x01\xef\x06\xf3\xb4\x01\xc70o;\
OD\x94\xe2\x8d\x87\xa9\xc1\xfb}\x01b\x17h\xab\xdb\
\xfe\xf8\xd2\x82\xf3\xad\x9c\xf1\xa8^\xc4\x0a+K\xb7x\
\xd3\x98(\xef\xc2\xad\xdf\x1c\xce\x82\x8e\xfch;\x81m\
@\xa2\xb5\xabw\x9dlz\xd4/b\x05\x15\xaeg@\
V\x88\x00Q\xa5\xdb\xba\x8a\x05\x01\xde\xd2\xf8/\xd4}\
\xbf\xd4\xde\xce\xbe_/?U\x01]\xb9\x87\xae/\xb1\
=\x0d\xd8\x1c\xca\x0e \xdev\x804\x1b\xce\x88\x0d\x06\
\xf3)\x808\xe6\x0d\xe6\x00\xe3\x987\x98\x03\x8e`\xf3\
\x00q\xcc\x1b\xcc\xf4`s\xbb\x10\x8a\x04\xb7\xa0\x8b\xc9\
\xe0>\xbe\xab\xb7\x1e\x85f\xf4\xcc\xea\x16\xd4\x0a+Z\
\xb7y\xd0[\xd4\x0a\xd8\xd2\xad\xde|.m\xe3\xc6\xc6\
\xf1\xa6g\xc73\xa5\x0e\xf5\xbbw\x8dB\xda\x81E\x1a\
\xd5\xbb\xce\xb6=kA\xbf:\x0bz\x9cj-\x96\xdd\
\xb0O\x1c@\xe7v.v'\xa0@\x9c\xcfh7\x98\
\x01\xc4\xa5\xe2\x09\xe6\x14\xea\x00q\x02\xe2<\xc09\x80\
8 \xf3\x00q\xcc\x1ea\x81\x07\x98`C\xd7=\x1d\
\x88>\xec=p\x03\x89\xc8\xfe\xe3\xfd\xff\x00;\x1aX\
\xeb\xc2\x87z\xdd\xbb\xa0^\xc4\x14w\xa5\xcd\xbcx\x05\
\xb5\x02\xb6<\x02\xda\x81EK\x1b\xc7\x8d\x8e\xfci\x99\
\xd4[\xd4\xe3Z\x0e\xf5\xbbwPV\x88\x14Q\xa6g\
@\xb6\xa0QZ\x99P\xfb\xb0\xf5\xcfCb\x04\x94\xbc\
C\xd7\x008\x80\xbcDy\x94{@\x0e /\x11\x1e\
`\x1c\xc3\x02\x1e\xb8`\x10\xf5\xc3\x02\x1e\xb8`C\xd7\
\x17\xd8\x9e\x8f0\xf5\xc0\x0e /\x12\xa3\x13\xdb\xaf\xab\
\xbfG\xcb\xb1J\xa9EN\xec\x0bj\x05\x15\xaegQ\
oZ\xd5\xbb\xce\x82\xde\xa0V\xc6\xbc\xc1G~4;\
\x81m@\xa2\xbc\x02\xda\x81E\x12\xc6\xf1\xa8^\xc4\x0a\
+\x5c\xce\xa2\xde\xa7\x1a\xd0w\xa5\x8fZ\xd0^|E\
\xe3\xf39\x1e\xfa\xf1\xf9\xd7\x8aq\xf9\xd7\x8aqi\xc7\
\xe7N-8\xb4\xe2\x9cZqk\xc0\xf6\x9f\x85\xd0\xe7\
\xf1\xe7\xc7\xe7\xc7/\x0e/\x1e-2\xf1\xcbN-y\
\xfcy\xf1\xf9\xd7\x8b^?:r=\xfc\x85\xff\xc4\x00\
(\x11\x01\x00\x02\x02\x02\x02\x03\x00\x03\x01\x01\x01\x00\x03\
\x00\x00\x01\x00\x11!1\x10A a0@Qq\x81\
\x91\xb1\xa1\xc1P\xd1\xf0\xff\xda\x00\x08\x01\x02\x01\x01?\
\x10\xf8UZK.\xbb\xf9\x96\x8b\x96l\xfa\xd4=\xf3\
F{\xe1@\x8by|lz\xe6\xccu\xf5Ql\xf8\
U\x1e\xe1\xb1\xdb\x0b\xbco\xe6V\x83QR\x8d\xc7\xd7\
\xd4Z.-\xb7\xc5\xd9x\xd4V\xfa\xf1\x0bj\x05\x15\
\xc5X>\xff\x00\xf9\x11[\xea`\xb4\xc9\x9e\xf9t{\
\x85\xd6w\xf0U\x82\x00-\xdc[m\x976\xeb\xeaX\
\xd7\x5c\x0b}sv\x0dyP{\xe1Q\xef\xef\xbe\x9b\
f\x83p[\xea+}p\xac\xf7\xc1\xb3\xa8\xd7\xd3\xcd\
h\xb8-\xb4\xb1\xf5\x02\xda\x8a\x8aG\x8a\xfa]G\x01\
m@\xa2\xb8\xab\x06\xfc\xbb\x9e\x16\x8b\x8bm\xfd\xe5\xa2\
\xd9\xd9\xc5V\xfb\x8e\x8e\xdc\xaac\xe8\xdc\xff\x00n\x05\
\x14\xf9+WQ\x01N\x0d\xce\xe2\xdeX\xa9\x1f\xa3A\
\xef\x9a3\xdf\x0a\x8fqo/\x8d\x8f\xaenh\xd7\xdf\
\xd0j>\x9a \xed\xa8\xb6\xdf\x81\xb6\xd8\xad\xf5\x0d\xb7\
\x1d\x86\xbcz\x9b\x86\xe7qo,=\xb5,}r6\
_\xce\xb4[\x16\xdb\xe3\xb9\xe1k,V\xfa\xf1\x0bh\
\x81Eq\xd4}\xf5G\xb9\xd8\xed\x02\xda\x22\xac5\xe2\
(Q\xdc\xdc\xa5\x0d\xf0\xf1\x5c\xaa=\xc3yK\x1fP\
[Q\xd1O\x07\x8a\xf9\xecq\xae,z\xe6\xec\x1a\xf2\
\xa0\xce\xf8\xa1\xef\xff\x00\xc0\x1b\x1d\x22\xb7\xd46;|\
\xcfh\xb6\xdf\x0a\x9es\xea\x8e\x8aq\x8ft\xdf\x83\xaf\
\x99\xd4p\x16\xd4\x0a+\x8a\xb0yw<-\x17\x16\xdb\
\xfb\xeb\xa6\xe6\x0aAo\xa8\xad\xf5\xe6\xe8\xf0\x1b.]\
\x84\xc7\xbanw%\x8f^#M\xfc\xb4\x1e\xf9\xa0\xbe\
\xf8T{\x8by|l}sc]}\xf5\xa2\xe7\xeb\
\x1b_q\xd1\xdb\xf2P'pv\x8a\xdfP[\xea>\
\x9ef\x8f\x8dh\xb6*\xb6\xf1\xdc\xf0\xb5\x96-\xb7\xe2\
\x16\xd1\x02\x8a\xe3\xa8\xfb\x88\x1a|\x1d\x1d\x11\xdbF\x88\
+-E\xb6\xfe\x0b\xcdx\x00\xb4\xc7\xd2n?\xdd\xf4\
\xeb5\xae\x05\xbe\xb9\xb3\x06\xbc\xa83\xbe\x15\x1e\xfe\xee\
\xeeh=\xcf\xf4`[Q\xf4\xd7\xc1t[,\xf9\x06\
\x8bEm\xfc\x0a\xcf\xef\xe2\xea8\x0bh\x81EqV\
\x0f.\xe7\x85\xa2\xd8\xb6\xdf\xdd\x0f#+h\x8a\xdb\x86\
\xce\xdeO\xae]\xb4\x81X\xe8\xf1\xb1\xeau\x1f\x03\x9c\
N\xdf\x0d\x07\xbeh3\xbe\x15\x1e\xfc\xac}sc\x8d\
}\xd5\xa2\xd8\xb6\xdb\xc2\xb6\x91\x01H-\xf5\x15\xbe\xbc\
\xff\x00\x88\xa8\xf7\x03\xbe\xd8\xab\x0f\x07\xff\x00a\x80o\
\xe0`T\xed\xf0(\x16\xc5\xb6\xf8\xeexZ\xcb\x16\xdb\
\xf1\x05h\x80\x05\x1cu\x1fyUF\xa0\xa6\x88\xb4\x5c\
\xc0\xb6\xe6W\xdc\xc1M\xfc+\xfc\x12\xe8\xff\x00\xc4\x19\
\xb7\xcag<v\xf8,}qc\xeb\x9b\x9a5\xe5A\
\xef\x8a\x0f\x7f{\xa8\x94\x1e\xe6\xe9\xd5\xd1\x15\xb4h\x82\
\x8bE\xb6\xfe\x07X\x87O\xdd\xc7A\xa8\xa5\x03G/\
\xe7\xc6\xfa\xdc\x15~}G\x01m\x10(\xae:\x8f.\
\xe7\x85\xa2\xd8\xb6\xdf\xdd\xa0\xf7;\x9d\xf1\xba:;`\
[Q\xf4\xd1\xf0-\x16\xc3-\xa2\xa2\xbbg\xfa3G\
'\x07\xef\x92\xf2~\xb3g\xca\x83\xdf4\x1e\xf8\xa1\xee\
o\xc6\xc7\xd768\xd7\xddZ.\x02\xad\xd7;\xa2\xdb\
s\xfd\x1f\x85[H\x01\x9e\x8f\xfb\x0c\xad\xd4[o\x9b\
<?\x0e\xf1\x15\x176=\xdf\x8a\x81lUm\xe3\xb9\
\xe1k,[o\xc4\x15\xa2\x00\x14q\xd4}\xe7Q\xa8\
\x14Q\xce\xe8m\xbe\x88\xad\xbf\x81Q\xee\x0a\xcfl]\
&\x05?\xbe\x0e\xde\x09\xa9\xee]\x9f\xcf\x1d\xe3\x8f\xfb\
4ET\x14O\x1b\x1f\x5cX\xfa\xe6\xc6\xba\xf2\xa0\xf7\
\xc5\x07\xbf\xbc\xef\x09C\xdf\x86\xe8\xa8\xa7\xc1\xee\x7f\x84\
\xba?P\xc1m\xf2h\xe7mEG\xb8]\xf8>\xb9\
?gT\x14~\xba\x9a?k\xc1\xf5\xc0+D\x00(\
\xe3\xa8\xf2\xeexP-\x8bm\xfd\xda\x0fs\xb9\xdf\x8e\
\xe8\xb7\x97\xe0}C\xa7\xfb\x1dF\xa2\xb7\x1a82\xd4\
\xd7:3\x15X\x86\xe8\xd1\xce\xa1\xfb\xc6\xe2\xa3\xdc\x16\
\xdb\xa8\x16\xbf\xf3\xc4\xf7\xc5\x07\xbe({\xf2\xb1\xce\xb9\
\xb1\xc6\xbe\xea\xd1pZ\xdf-\xdf\x02\x82\xe1\x96\xd1Q\
]\xb3J\xed\xe4\xe6\xff\x00'~\xb9tT\xb0Y\xb6\
\x05\x15\xce\xff\x00\x8ep\x1e\xa2\xaa\x01\xa6\xbb\x8e\xeah\
\xf2\xbb\x9e\x16\x8bb\xdb~!m@\xa2\x8e:\x8f\xbc\
\xab\xae\xa0V\x0f-\xdf\x02\xb5\x13\x06z!\x96\xda\x8b\
m\xf2\x09\xed\xce\x8e\x02\xbf\x84Wo!X8=\xee\
u\x10R\xfbE\xa7\xb8p\xf6\xf1\xdf65\xd7\x95\x07\
\xbe(=\xfd\xee\xa4\xa1\xef\xcfw\x9a\xa3\x1b\x83\x1e\xdf\
\xf9\x15\xb4\x880\xeb\x91o\xa9\x9b\xe3\x0ec\xea\x05\x15\
\xdb\x1d\x14\x9a8?]\xf1\xb9A\xee\x0bm\xd4?S\
*\x1a\x0f>\xa3\xcb\xb9\xe1@\xb6*\xb6\xfd\xda5\xb9\
V]\xfc\x0a\xdb\xf2\xd6gc\xa8\xb4_l0~\xbc\
\x05\x15\xdb\xc3\x14\x10[\x99\xa1P6q\xbep\x1e\xa2\
\xaa\x00\xe0\xd1.h\xd4\xc9\x9d\xbe*\x1b\x8f\xe6a\x96\
\xfc\xac}sc\xeb\xee\xad\x17\x05\xad\xd7\xc0\xed\xa4J\
k\xc9\xf4\x81_\xfd\x8f\xf4Eo\xaeM\xb7\xd1\x0f\xde\
\x0f\xd8\xed\xa8a\xff\x00\xa8\xed\xa8\x15\x8e\xfc\x03\xf7r\
\xe6\xba\x81_\xca Q\xb8;h\x82\xed\xed\xe5Cq\
n\xa1\x90\xca\xfeH\xad\xb3\xc4-\xa8\x14Q\xc7Q\xf7\
\x9f\xea\x86\x0a\xf3\xa3\x1d\xca\x8bw7s\xef\x85\xa2\xe0\
\xbc\xa2\xa2\x8d\xc7\x0a\xed\xe4\x15\xa2\x05`\xe1\x8a\x8b\x82\
\xf2\xe8\x97Kv\xc1m\xb4Ej\xb9\xdb}J\x8a7\
\x07m\x13E\xb72\xa3\x94\x90\x01F\xa2\x86\xe2\xdc\x10\
nY\xfe\x91n\xbc\xe8=\xf1A\xef\xef]\x84\x14{\
\xf3Z.\x0b[\xae7q\xddr\x95D\xc0_D2\
\xdbQm\xbeE!\xc7\xb8\xadD\x0c\xfe\x08\xad\xa2`\
R\x0cqy\xa8\xa0_S*\x19\xd6\x92\xe6\x8dO\xf4\
J\x8d\xa5\x98!\xfb\x97\x80\x8bu\x8e\x01u\x0f\xdc\xa5\
\xd1\xaf\x0e\xe7\x85\xa2\xe2\xdbo\xdd\xa3[\x9d\xce\xfc\xf5\
3\xea\x81X8\xdd\xe0\xe8\xae\xd8+\xf9b\xb6\x91t\
\xd1\xcd\x19w7\xc6\xf1\x15\x1e\xe0\xa2\x17\xf9&\x19u\
\x03g!R\xc7\xd4\x0a+\xb4TR\x0a\xcbD\xcdF\
\xd8\x01\x99\xa0E<\x02\xea\x04\xcb\x10\xd4S\xbf\x0b\x1c\
\xeb\x9b\x1f_uh\xb8\x15n\xbe\x05j \x01\xce\xee\
pe\x86V\xea-/\xb6\x18_o4e\xdcZ\xe4\
\xff\x00\xd8\xdc\x038\xd1\x15\xc1\x17M\x10\xe2\xf83\x99\
Q]\xc1\xdbSKw\x01Q\x0e\x0d\x12\xb97\x14\xef\
\x81:\x812\xc4\x9a\x8a\xbb\xf1\x0bj\x05\x15\xc7Q\xf7\
u?\xca\x05`\xf3\xab\x06\xe5Yw\xe1\xbb\x97x@\
\xactO\xf2\x8a\xdfP\x17\x04\x03\xf9\xe3\xbe;\xf5\x1d\
\x15\xdc\x08_lTR`\xb6\xe0[P(\xa9\xddE\
\xa2\xe0*\x19}\x12\xc5\x1a\x8e\x14n\x0b}p&\x19\
\x0c\x7f1W~t=\xf1A\x8d\xfd\xe5m \xa2\xbc\
\xd5\x17\x02\xb6\xf0Z.;K\xc2\xd2\x07\xf9EE#\
\x87\xea#\xbd@\x0dp\xf3\x80\xf53\x02\x9fI\x98+\
q\xa2\x1e\xf8\xd4V\xc6\xa0V\x1b\xee:)\x00\x16\x99\
^\xe2\x04\xac\x8e\xe2\xfa\x96\xbb\xf8;\x9e\x16\x8b\x8bm\
\xbfv\x83\xdc\xab.\xfe\x0c\xfa\xa6\xbc\x15\xbe\xa6\xee\x1d\
F\xa5\x81\xf8\xea\x05m\x00g\xbf\x0e\xef\x8e\xee>\xa0\
Q]\xbf\xf2>\x93\xb3\xb6\x05\xb5\x0a\x0fP\xfd\x9dD\
\x14[\xfa\x8e\x16\xee\x02\xb3,\xc1\xa8\x06\xe0\xbe\xbe+\
\xb7\xael}}\xd5\xa2\xe0U\xba\xf8\x15\xb4\x80\x07\x85\
\xd88\xdd-Tw(3\xb9G\x8f\xae\x1f\xc8\xb4\x5c\
\x16\xdb\xa9\xa1Pdb\xb6\xe1\xa2\xfb\x9d\xd4T{\x81\
l\xea\x1b\xbe\x8dElF\x857;\x9f\x18[P(\
\xae:\x8f\xba\xb5\x96g\xd5\x02\xb0y\xd1\x83r\x8c\xbb\
\xf0\xa3\x06\xf9\xdd\x16\xdf\x89\xdbP\x0a\xff\x00\xd4v\xd7\
Q\xd1\xdb,s\xa9\xff\x00f\xa2\xb4\xae\x9f\xdc\xeaL\
\x16\x96e\xf9\xaa\x0co\xef%i\x05\x1e\xfc\xd4\x08-\
\xb7\x82\xd1qo/#y\xdf\x9f\xaeU\x17?M\x13\
Kv\xc1\x9bh\x99P(\x87\xeb:\xa0\xa2\xfbu\x16\
\x9e\xe0\xb7:\x81m\xba\xeb\xe58\xb8\xb4\x5c[o\xee\
\xd5\x83r\xac\xbb\xf3Z\xcb2\xfdMr\xb5\x96+}\
s\xdc\xcd\xdeg\xbeU\xa8\x81\xd7DV\xa2`\x06P\
\xf76\xfa\x8a\x8fp[n\xa1\xfa\xd4U@\x02\xbe[\
\xfc\x81Fe\x8f_uh\xb8-o\xc0\xadD\x0a+\
\xc2\xec\x1a\xe4[\xeb\x8d\x9eXx\xdct{\x82\x8f\xd7\
Qpw\x05E\x19w.`=E\xb4\x0e\x9a\xee%\
i\x03\xf9|\x97\xf9)\xee\x0c\x84\xea>\xee\xa6}P\
+\x07\x9dX7*\xcb\xbf\x0a\xb0o\x90\xb6\xa0\x01D\
\xa0\xf7\x125\xe2\xe3\xc1\x80g\xd1\x15\xc1\x008\xa9\xd4\
AE\xf6\xc0\xa2\xbeKz\x95\xfb\xc8\xd1\xef\xef+i\
\x05\x1e\xfc\xd5\x1e\xe0V\xde\x0a\x8fqo/4\x19\xdc\
Z.\x02\xad\x9b\xbf\xfe\xeb\xcf\xbfQ\xd1]\xc1E\xf6\
\xea`RQ\x97|m\xf5(=\xcb2\xeaVo\xbf\
\x8a\xc3r\xd7R\xbfyZ\xcb3\xd6\xbe\xf5X7(\
-\xdf\x9a\xd6Y\x9fT\xd7+Yb\xb7\xd7=\xcc\xd4\
UQ\x02\x8a\x9b\xbcLG\xd6\xe6\x02\x17\x039\xea\x06\
o\x87\xf3\x8a.\xfb\xf8\xf2\xff\x00\x12\x8d\xf7\xca\x86\xe6\
Y_yQp+o\x81Z\x88\x14W\x85\xd85\xc8\
\xb7\xd7\x1dD\xa0\xce\xf8\xdd\xe1\xbc\xf1\xb6\xe3\xeaP{\
g\xa3\xe5P\x99}J\x0c\xf7\xca\xd4\xcf\xf5* \xdc\
[\x82\x05\x1fqk,\xff\x00(\x15\x83\xce\xac\x1b\x95\
\x16\xef\xc2\xac\x1b\xe4\x15\xa2\x00\x14J\x8a7;\x9e\x16\
\xb2\xc6[\xcf\xae\x19\xfc@\x19w\xf2\xd93*\xb9\xbf\
\xf6e\xfe%TA\xfc\xc5\xb0O\xf1\x00\xc9\xf7U\xb4\
\x80\x07\x9a\xa3\xdc\x16\xdb\xc1Q\xee-\xe5\xe6\x8f\xe6-\
\x17\x02\xd6\xf3sF\xa6\xeeO\xdf\x9d\x7f7)w\xe1\
\x7f\x99\x94\xbb\xe1&\xb3\x14\xc19pB\x8d-\x94\xb1\
\xaf\xb9F\x0d\xca\xb2\xef\xcdk,\x05\xdfS\x5c\xade\
\x8bm\xf3\xdc\xf0\xab\xc4\x00(\xe2\xac\x1cn\xe1\xf9\xaf\
\xf2W\xef\x85\xde\xa5~\xcc\x1f\xc4OQ`=\xb8!\
]?\xb9]\xc2tB\xfb\xdf\xdcP \xbc\xbe\x04\xaa\
j\x05\x15\xe1v\x0dsc\xeb\x8b\x9a%\x06w\xc2\xa3\
\xdc\xdf\x1b\xbek\xbdJ\xfd\xf0\xbb\xd4\xaf\xd8\xb5\x96'\
\xa9\x95\x0a\xe7\x02\x1e\x94J\x0c\xc3\xf9\x99R\x9c\xbb\xfb\
\x9a\x99~\xa6\xbc\xea\xc1(\xcf~\x15`\xe4\x15\xa2\x05\
\x15(\xc1\xb9\xdc\xf0\xb5\x96-\xb7\xca\x1b\xf8\xd6\xb2\xcb\
]J;\xdf\x85\xae\xb5+\xb8\xa1\xb8\xfefT\xa1\xb4\
/F\x09Y\x1d\xc7\xf32\xa5\x0d\xa2\xbd\x18\xfb\xaa\xd4\
j\x05\x15\xe6\xa8\xf7\x05\xb6\xf0T{\x8byy\xa0\xf7\
\x16\x8b\x81V\xeb\x9b\x1a\xeb\x9b7\xa9\xbb\xe3\xef\xfa\xff\
\x00\xf5\xe3\xff\x00\xcf;\xb8\xd7\xfb\x87\xfd\xbcn\xe3T\
\xd9\xfef\xaf\xbb\xbf\xf5\xf0o\xfdM\x0f\xe3\xc3\x7f\xeb\
\x9d\x8f\xe7\x8e\x93_\xef\x8d\x1f\xe3\xc3T\xdd?\xff\xc4\
\x00(\x10\x01\x00\x01\x02\x03\x08\x02\x03\x01\x00\x00\x00\x00\
\x00\x00\x00\x01\x11\x001!Aa\x10 Qq\x81\x91\
\xb1\xd1\xa1\xf00\xc1\xe1\xf1\xff\xda\x00\x08\x01\x01\x00\x01\
?\x10\xde\xef>(2c\x9f\x17\xc7\x1f\x14b\xda\x85\
\xc4Ni\xe1\xaf:L\x0c\xe9~\xda\x95z\xb0w\xfd\
\xd1\x80\x5c0x{\x96\x91\x14pL\x1d\xe9\x1cl}\
\x8a\x12\xcbc\xe5\xe1Wt>_\xe6\xc3\x9cr\xe5\xc6\
\xa6\x81\x80\xc3My\xd3a\x05C\xf7]\xec\xe7\xa7\xbd\
\xa1,PA\x1c6e\x1d}TX\xb7~\x0d\xe0\x96\
\x0c\xe8\x00\x83ns\xd3\xdf\xe1\x91\xa6{\x81,\x19\xd0\
\x01\x1f<w\xa4t/\xeb~f[\x16\xe7\xf94\x12\
\xe8^\x84\x0fa\xf1\xf2\xd0E\xee\xe2\xf5\x8biY\xdd\
\xbd\xf5\xa1\x06\xad\xfdQ3\xe4s\x1c\x93\x95$\x98T\
h\xf0M\x12\x84\x0a\xfa\x7fh0\x96\xed\xed\xdb\xa50\
I\x88\xec\xe3\xcc\xf1\xba\x12\xc1\x9dX\x0f\xba\xd5\x80]\
\xf8\xe3@\x00\x0c\xa8K\xa1y\xe3\x8e\x14%\xd0\xbf\xad\
\x96\xce\x9f\xb1\xfa\xdd\x91\xd0\xbf\xad\xc8\x1a\xe7\xb2\x03\x0b\
\xbff\xa6e\xe9\xab\xbf\x076\xfbdt/\xf8BX\
\xe3A\x04n@No\xc6\x9b\xc1,\x19\xd0A\x1f]\
\xe1.\x99\xd5\xbf&\x96\x8e\xaf\xee\x8c]\x09\x0c3\xb7\
b\x84\xbc\xe6r\xc3\xe2\xf6\xac\xec\x8b}\xd3a\x8cx\
\xdb\x97\xf6\xa3\xc3\xe77\xa71\x8d]\x80\xc0\xc5\xe7\x91\
\xd2\xf5\xf7\xed\xea\x023o\xea\x93\xae/'M\xc8\xb1\
n\xfc\x14 \xaf\xf9\xa7Z\x0c\xdb\xbd`\xc8\xa0\x96:\
g\xdf\xa5\x08\x80\xff\x00Z\x08#b,\x01:\xb6N\
M!\x08R<\xc66\x82\xb0P\x01\x06\xdc\xe7\xa7\xbd\
\x8b\x04\xfdh\x15\x8fZ\xb6\xf6s\xd3\xde\xd0V\x0a\x00\
 \xfc0\x1a\xbf\x1ang==\xef\xc1{\xbf\x1b\xc1\
8\x14\x10G\xe4\xd0\xe7\xdb\xdd\x02\x11\x9b\xd6?\xc2\x83\
 \xc0\xe1\x8f\xfbV\x80\xc5\xbf\xdd( \x8e\x14%\xd0\
\xbf\xaa2\xcf\x0f9PK\x1cj\x5c\x17\xfa\x97:\xbe\
(\xcb\xcb\x1e\xb9v\xa3\x9fj6\xc8\xc5pO\xd3H\
\x8a8#\x09\xc16\x19g#\xcdM\x8bc\xcd\x18\xa7\
\x22\xda\xbczWx\xef\x04\xf4\xe3F\x09\xcd>*,\
\x5c\xed\xa1\xfd\xd8\x12\xc5\x05\x80\xe5P]\x84}Y\xc3\
\xb6\xd8\x0d[\xfa\xdb#9\x1f:mUA\xc8\xf7A\
\x04oH\xe8_r\x03W\xe3O\xc3\x9c\xf4\xdc\x91\xa1\
}\xfc\xe7\xa7\xbd\xf8\xb1n\xfc\x1b\xe0\xaf\x97\x85\x183\
s\x84\xa1\xdf\x95\x15\xf2>\xfcQ\xf2\xb5\xb02\xe3G\
\x19\x8by\xfeQ\x82x\xf8\xfe\xec\x8a\x0c\xdb\xfd\xd2\x82\
\x00\xe1\xf7\xcd\x18'7\xc5<g\x96.k%X\x0b\
\xfe\xf3h \x83-\x88A\x86\x1e\x00\x9f\xb0\xf8\xa0\x96\
>\x95`>\xebV\x81\xfe\x19\xbc\xda\xb6\x15#9\x1f\
-H\xe3c\xecm\x80\xd5\xbd\x1c\xe3\x97.5\x1d\x89\
\x1di\x12\x9ddl\xcez{\xda\x12\xc5\x04\x11\xc3f\
Q\xd7\xd5@No\xc6\x9b\xc0\xac\x14\x10G\xd7ns\
\xd3\xdf\xe1\x91\xd0\xbf\xad\xc0\x9c\x0a\x08#zGB\xfe\
\xb7\xe6\xc5\xca\xdb\xf7\xa1\x06\xb9\xee\xbfk\x8b\xf1Ql\
\x84/\xae\xad\x18\xbe3\xefkV0d_\xee\xbb3\
\x9e\x9c\xf8\xf4\xa3\x9b\xd3\x97\x1a\x12\xe8b\xd5\xe8A\x1d\
\xf9\xd6\x05#\xa0\x8c\xc8p\x89\x1b\x0c\xb3\xc3\xcd\x13y\
\x8c\xb8\x1b\xb2\xb3Ch (\x99\x89\x82th!-\
\xfe\xc0Pa-\xdb\xdb\x0ba\xc8(\x15#\xc6Y\xbd\
(,\x14\x10\x07\x0d\x99\xcfOu#\x8d\x8f\xb1\xb2l\
[e\xadKW\x09\x95\x80\xee\xdc\x81\xae{ 0\xbb\
\xf6k9\xe9\xefw\xe9\xb2\x03V\xfe\xb6\xc8\xe9\x9f\xe1\
\x09`\xce\x82\x08\xfa\xee@cw\xeco\x04\xb0gA\
\x04}w\xa4i\x9d[~\x22[\xb6\xe5\xb0\x14N\xf7\
ne\x9c\x8f4 \x96\xee\x01\xc7\xfd\xa0\x82\xf37\xfe\
\xd1\xc2x\xdb\x0cc\xfbB\x08\xea\xf3\xa0\x96\x0c\xeaH\
2(2\xe8e\xca\x84\x11\xdf\x9d\x1c\xfbPK\x06t\
iLT=\x01\x9e\xca\xbd\x08\x80\xff\x00Z\x10G~\
y\xe5X\x00\xc1\x9ba\x1c>\x10\xf3h\xc5\x96\xc5\xb3\
\xc7\x8e\xc8.b\xfc\x1c(\xc19\xbe6\x09c\xbf*\
\x0b\x07\x22\x82\x08?\xd7:\x12\xe9\x9dZ\xa0\x06r\xe6\
\xf8\xea|6\xe7==\xecX'\xeb@\xacz\xfa\xdf\
\xcez{\xda\x0a\xc1A\x04\x19~\x18\x0cn\xfd\x8d\xcc\
\xe7\xa7\xbd\xf8\x0d[\xfa\xde\x09\xc0\xa0\x827\xe4\xc5\xb7\
\x9d\xdd/V\x8c\x8b\xbfx\xd1\x8b9\x162x\xda\x84\
\xba}\xf3\x14s\xed\xefa\x82s|T\x06<\xdf\xd7\
j9\xf6\xf7A,U\xa8\xc19\xbe)9\x99\xe4\x99\
\xc7\xf7J\x01\x0aa\xc1\x14h\xe7\xdax\xff\x006@\
\x0e\x0d.\xc5\x9a\xcc\xabC\xb1\xf1\x11FY\xc8\xf3\x87\
\x8a\x99\x96\xc7\xcb\xb4A\xaeu\x16-\xdf\x1b\x04\x1a\xe7\
\xf7J\x09\xc0\xa9\xd4\xc5\xee\xb8\xf6&e\xb1\xf2\xedJ\
\x83\xa7\xba\x08#zGC\xe7M\xc8\x0d[\xfa\xfc9\
\xcfO{\x82]\x0b\xfa\xdf\xcez{\xdf\x80\x9c\xdf\x8d\
7\xc2X\xa0\x8c\x0d\xdd3\xba\x14\x10\x01{\xb4\xe3n\
\x14e\x87o\xd5Z;\xd1\x80\x1c(K\xa1z2\xcf\
\x0f?\xca\x09b\xadB\x0d_\xb1B]\x0b\xd0\x97L\
\xf6DKD\xf9;\x1a\x08 \xca\x8e}\xb6%\x8a$\
h\xf18\xe4\xd0\x98\x0f\xf0\xa0\x828l\xcez{\xa9\
\x99l|\xec\xce\xed\xfb\xd8c\x1e6\xe5\xfd\xac\xf2\x8a\
\xe6\xa0\xea4\x12\xc5\x04`l\xca:\xd4\x04\xe6\xfci\
\xbc\x12\xc1\x9d\x00\x10m\xcez{\xfc2:\x17\xf5\xb8\
\x12\xc1\x9d\x00\x10oH\xe8_\xd6\xfes\x95\xb5\xff\x00\
7\xc2p(\x00\xf2\xf1\xdd\xd0K\x1d\xf9Q\xcf#\xef\
\xc5\x19\xad\xdf\x83#\x9d\x1c\xfe\xcf\xf2\x8c\x13\x9b\xe3e\
\x836\x82\x082\xa8\x89n\xfcT\x8e\x87\xce\x9b #\
<\xf5\xa1\x06\xb9\xfd\xd2\x82P\xef\xca\xa0\x11q\x1c0\
\x90\x0f\x96\x82X\xe3A\x04\x19Q\x96r<\xd4G\xfd\
\x92\x93\xaa|*\x03\x1b\xbfc`\x97B\xfe\xa8%\x02\
\x80 \xe1\xf6hK\xa1\x7f[$t>t\xd8%\xd0\
\xbd\x11\xa4C9K\xb3b\x03\x0b\xbff\xb3\x9e\x9e\xf7\
\xe05o\xebl\x8e\x85\xff\x00\x08K\x06t\x10G\xd7\
r\x0b\xdd\xf8\xde\x05`\xa0\x02\x0d\xe9\x1ag\xf8\x22\xc5\
\xbf\x83\xde\xf4\xf6\x8c\xdf\xbf\x14\x18\x86Wy8\x0f\x1a\
\x05O\xbdr\xb5L\x9c\x0f\xb1\xb0\xe7\xdb\xdd\x1c\xf3|\
\x7fb\x84\xba\x1fb\xafA\x04}h\xe7\xda\xb3\x9e\x9e\
\xf6Z3~\xfcT\xa53\x9d\x11]\xda\x1c\xfbPN\
\x05\x04\x01\xdf\x9dM\x22V\x1e\x98=!\xd9z\x10G\
~u\x01\xab|\x90h'\x02\x84\x11\xdf\x9d\x04\xb0g\
@\x04\x14\x12\xc7\x1a\x08\x22\xb4\x0c.\xb3|\x94\xb0O\
\xd6\x81L\xf3}o\xe7==\xed\x09c\xe9@\x04\x1f\
\x86\x03\x1b\xbfcs9\xe9\xef~\x03V\xfe\xb7\x82X\
\xe3A\x04o\xcc\xceG\x9d\xd9\x1cl}\x8d\x8f\x88'\
6\xc7\x8a\x08#\xab\x85\xdc\xda8j\xc6\x1e;\xd0@\
\x1d\xf9\xd0K\x1fJ\x91\x0c\x8b\xf2\xa3\x18\xe2\xd0A\x14\
s\xed\xee\x82X\xfaT\x90\x1f\xe1\xc6\x82\x08\xe1S2\
\xd8\xf9\xa3\x04\xf1\xf1\xfd\xa8\xe6@\xfa\x0e\x1b\x0e}\x0f\
{\x22\xb0\xbc&\x88\x91\xd9\xa4E\x1b\x8a<\xcc+9\
\xce\xda\x7f\xb4g\x17'\x0e\x7f\xcd\x99\xcev\xd3\xfd\xd9\
\x11-\xdf\x8d\x91\x13\x9b\xe2\x84\xba\x17\xf5P2q\x0c\
\x98a\xd0\x0aUa\xd3\xdd\x04\x11\xf5\xde\x91\xc6\xc7\xd8\
\xdc\x80\xd5\xbf\xe1\xcez{\xdc\x91\xd0\xbf\xad\xfc\xe7\xa7\
\xbd\xf8\x89n\xfco\x89t\xce\x8207\x02X\xa0\x02\
\x0d\x8f\x98\xab\x91\x81n\xaewhKl\x08_\xd7z\
\xce\xed\xfb\xd9\x11l^\xfc\xa8A\xe7\x9f\xf2\xb3\xbb~\
\xe8K\x1d\xf9U\xa8\xc19\xbe*\x22s|PN\x05\
edb\xebW\xa3\x85\xd6z\xe3\xaa\xfcPJ\x1ch\
 \x8e\x14%\xd0\xc5\xf5\xd6\x81X+\x0d.\xfc$\xa0\
K\x14Dal\xaaGB\xfb&e\xb1\xf2\xec\x91\x9c\
\x8f\x9d('\x02\x80\x08\xfb4`\xb7K\xb8\xedH0\
g\xf1\x19o\x04\xb1\xf4\xa0\x82>\xbbs\x9e\x9e\xff\x00\
\x0c\x8e\x85\xfdn\x02\xb0PA\x1f]\xe9\x1d\x0b\xfa\xdf\
\xcez{\xdf\x09\xc0\xa1\x06\xb9\xee\xc0j\xdf\xd6\xd7\xc0\
\x909a\xfa\xb4MX:\xaf\x9a\xb5\x09t>\xc5g\
p\xb7?\xe5\x09c\xbf*\xb5\x085oB]\x0f\x9d\
(K\xa1}\x99\xd9\xb8\x14 \x8e\xaf:\x10=\x9e<\
\xd0\xbd\x9c\xfd\xdf\x14s\xe3\x81\xcb`\x83\x5c\xfe\xe9F\
\x09\xe3\xe3\xfbP0yH\xa7;\x05@cv\xfe\xa8\
'\x02\x82\x08\xfa\xd0K\x1fJ\x08#\x85\x02\xb0PA\
\x06U\x16<N\xdb\x06+\x92\x98\xa1\xc1\xf8\x7f\xbb\xd0\
\x1a\xb7\xdb#\x8d\x8f\xb1\xf8AX(\x00\x83r\x03V\
\xfe\xb7\x81X(\x00\x83zF\x99\xfe\x081o\xe3w\
9\xe9\xefq\xf3\x9fC\xf6\xd0\x83W\xecU\xea\xd1\xdf\
\xf6\xd0@E\x085~\xc5\x19g\x87\x9d\x90\x00]\xf3\
A\x04P\x96;\xd6t`[\xee\x94%\x8e\xfc\xa8\xc5\
\xd0\xc0\xe7n\xc5\x0cE\x8f;\xc6\xc3,\xf0\xf3BX\
\xef\xcbd\xccS\x01\xeb\x88\xfd\xec\x88\x9c\xdf\x1b 5\
o\xebdD\xb7~*Fr>t\xd8\x12\xc7\x1a0\
\x1a\xf5a\xb3\x00\xe7g\x99\xb9\x9c\xf4\xf7\xb4%\x83:\
\x08 \xcb\xf0\xc0j\xdf\xd6\xe6s\xd3\xde\xfc\x06\xad\xfd\
o\x04\xb1\xc6\x82\x08\xfa\xef\xcd\x8bo/\xad\xd9\x1cl\
|\xee\xbf7#a\xcf\xb5DNo\x8a2\xceG\x9a\
\x09\xc0\xa0\x808Q\xcf\xa1G>\xdb\x1a\xd9\xb7\xd3\xfc\
\xa0\x828PA\xab\xf1\xd3O4\x16\x0eEc\x06c\
\xe7\xe5\xab\xd0@\x1c(\xc1\xcf\x1d\x90f\xb0tP\xef\
\x153-\x8f<6g9[_\xf3a\x96r<\xd0\
K\x1ch \x0e\x1b\x22'7\xc5\x18\x8eh\xd3\xb4\xc3\
d\x10\xcb\xcb.\xfb<T\x8e\x85\xf7 5o\xeb\xf0\
\xe7==\xeeH\xe8_\xd6\xfes\xd3\xde\xfc\x067~\
\xc6\xf8\x97L\xea\xdb\x81,}( \x8e\x1b\xaf\x84\x11\
\xf5\xa0\x96(Kl\x0f\xa1@\xb0gA\x04}k9\
\xce\xda\x7f\xb4\x12\xc5\x09@\xff\x00\x0a\x08\xc0\xa9\x99\xc8\
\xf3F\x09\xcd\xf1FY\xc8\xfb\xf1G\x16\xef\xc1\x91F\
\x09\xcd\xf1Jj\xe3\xd8\x0e\xf3G>\xde\xe8K\xa1}\
\x82]\x0b\xd2He\xe0\x1f\x13A\x04\x19P\x96;\xf2\
\xa0\x8c\x0a\x09C\xbf*\x08\xc0\xa8\x89n\xfcl\x91\x9c\
\x8f\x9d*f[\x1f4\xa7\x84N\xc6\xdbP\x1cF<\
\xe5(%\x8f\xa5\x04\x11\xc3ns\xd3\xf0\xc8\xe8_\xd6\
\xe0+\x05\x00\x10oH\xe8_\xd6\xfes\xd3|'\x02\
\x80\x0f/\x1d\xd8\x1a\xe7\xbe\xfcA\xc5\xfa\x14 \xf3\xcf\
\xf9\x15\x9c\xf4\xe5\xc7\xad\x09t\xcf`\x83V\xff\x00\xaa\
0j\xfcPK\x1cj\xd1\x91\x7f\xba\xb4\x12\xc7\x1a\x83\
\x0c\x86/\xe8\xea\xe3B]\x0b\xfa\xa9\x1d\x0b\xfa\xa8\x8f\
\xa3\x12\xbc\x8a\x04\x11\xc2\x84\x01\xdff\x10\x06-\xfe\xe9\
F\x19\xfdq\xd8 \xd5\xbf\xad\x90\x1a\xb7\xa9\xb1ly\
\xd8\x12\xc1\x9dX\x0f\xba\xb4\x10G\x0avv\x18^\x0a\
^\xe4m\xbd\xd0;\x0f\xea\xa05\xcd\xfdr\xdb#\xa1\
\xf3\xa7\xe1\x05`\xa0\x02\x0d\xc8\x0cn\xfd\x8d\xe0\x96>\
\x94\x10A\x96\xf4\x8e\x85\xfd~\x08\xb1o\xe0\xf7\xbb\x9c\
\xf4\xdf|\xcb9\x1eh\xe7\xd0\xf7B]3\xd8 \xd5\
\xbf\xaa\x99\x96\xc7\x9e\x15#9\x1f:l\xce\xcd\xc0\xfb\
\xad\x08#\xbf:\x10H\xc5\xc09\xfb\xa0\xea\xe7\xabB\
\x00\xcf>t \x8e\xfc\xea\x09\x18\x81s\x07d\xa8\xcb\
9\x1ev\x19g#\xcd\x1c\xfa\x15\xf4<k;\xb7\xbd\
\x99\xceV\xd7\xfc\xa0\x96>\x94\x01\x81\xb2\x22[\xbf\x15\
\x01\xab\x7fT\x13\x81P\xf9\x90\x163v;\xdbt1\
\xc6\xf6pm\xa6\xd0\x96(\x00\x83\xf0\xc0j\xdfs;\
\xb7\xef~\x03V\xfe\xb7\x82X3\xa0\x82>\xbb\xf3b\
\xe5m_\xe6\xec\x8c\xb6\xf3\xa7\xe0~\xc0u\x7ft\x11\
\x85\xaa\x03V\xf4e\x9c\x8f4\x13\x81P@}Z\x08\
\x03\xbf:\x12\xe9\x9f\xddk;\xb7\xee\x84\xbagF,\
\xe4`~\xda3\x8f\x0bs\xa3\x9fot\x17[\x1f.\
U\x85\x19\x909\xe0\x1d\xed\x04\x11\xf5\xab\xd5\x83\xbf\xee\
\x82\x08\xe1S)\xc0H\xe9/\xeb`\x96;\xf2\xd9\x01\
\xab\xf1\xa6\xc9\xb1ly\xac\xe7+k\xfel0K\xfc\
+\x1f\xe0\x82\xf8\xaeL\x88nH3\x88y\x98l\x80\
\xd5\xbf\xe1\xcez{\xdc\x91\xc6\xc7\xd8\xdf\xcez{\xdf\
\x80\xc6\xef\xd8\xdf\x91\xa6t\x11\x81\xb8\x12\xc5\x04`~\
\x07\xe01\xbb\xf1FY\xe1n\x7f\xca\x09`\xce\x82\x08\
\xe1G>\xde\xe8\xe7\xdb\xde\xcbFm\xdf\xbc*\xd4\x10\
Fm\xf43\x8eT\x12\x81\xcb\xa5X\x0f\xba\xd0X4\
\x0a6\xee\xcdP_\x91RK\x8a\x97\xaa\xca\xf7\xd8s\
\xed\xee\x8c\x13\x9b\xe2\x82P\xe3H\x05\xc0\xf4\x03\xe5v\
\x085\xce\xb1\xa7\x22\xdc\xf6\x04\xb1\xf4\xab\x01\xf7Z\x08\
\xc0\xa9\x1cl}\x8a\xe1T?\x11G\xc3pN\x9c\xeb\
\x01\x22\xe3:p\xb6U\x9c\xf4\xf7\xf8dq\xb1\xf67\
\x01X(\x00\x83zK\xd8\xf9\xdf\xcez{\xdf\x09\xc0\
\xa0\x827/P5\xcf\xf0\xbe\x0b\x06t\x10A\x95E\
\x8f\x1br\xa1,w\xe5BP\xcb\xf5V\xac\xe7+k\
\xfeT\x06\xaf\xc5\x1c\xd6<\xff\x00(\x9b\xb7~\x0c\x8a\
0No\x8a\x88\x96\xef\x8e\x14`Nm\xb48\xf1\xc6\
\xa4\xb5\xd7?/+;U\xa8%\x8e5\x8c\x19\x17\xe5\
\xfd\xd8 W\xd3\xfbN\x02\xdd[\xe0v\x9a\xce\xed\xfb\
\xa0\x96*\xdb 5o\xea\x84\x1a\xb7\xa0\x968\xd5\x82\
\xe3\xf5Z0\x14E\x8b\xc0\xe3h\x90y\xec\x1b\xa7?\
T\x03W\x8bBt8\xb4\x04[\xc96\x9c\xc3\xb9\xf8\
BX\xfaPA\x06[\x90\x1a\xb7\xf5\xbc\x12\xc7\xd2\x82\
\x082\xde\x91\xd0\xbf\xaf\xc1\x16-\xdf\x83w9\xce\xda\
\x7f\xbf\x80%\x8a0es\x04\xe6\xf8\xa1.\x85\xf6\x08\
5qj\x03V\xfe\xa8%\x0e5\xa5\x81\xf2\xd0K\x1c\
j,\x16\x22y\xdc\xf7B]\x0b\xd4\x8e\x87\xce\x94\x12\
\xe9w\x95\x09eb\xc6_J\xfa\xa8\x92\xdd1\x17a\
\xcf\x8e\x07*\x10j\xfd\x8a\x09C\xbf*\xbb\x19]\xab\
\x91\xd2\xb4\x80/7\xe4B\xb9P\x83\x5c\xf6g=9\
\xf1\xe9Y\xcfO{\x04\x15\xbf\xeb\xdbA\x9bw\xe0\xe1\
P\x1a\xdc<\x13\x00\x9ch\x00[\xbbz\x1b|9\xdf\
\xb5G3\x5c[\xf0\xa9V\xc1\xc5\xbfj\x002\xa8\x8c\
\xac\xc6\x7f\x86\x03V\xfe\xb73\x9e\x9e\xf7\xc4\x1a\xb7\xf5\
\xbc\x12\xc1\x9d\x04\x11\xf5\xdf\x9b\x17+n\xcc\xcbc\xe5\
\xfc\x17\xa1\x06\xb9\xec\x7f\x95\x085\xce\xa6g#\xcd\x19\
g#\xce\xc6\xea\xdb\x95\x04\x01\xdf\x9d\x08'7\x00\xa0\
\xca\xff\x00\xb5\xf6\xd4\x00\x17|\xd0A\x15\x16\x17~\x8e\
\x85I\x8a\x0b\x5c\x13\xb8\x1f.\xc0\x94;\xf2\xa9\x9d\x0f\
\xb1\xb0bf\xd8\xf0^\x82<\xaf\x16\xa6FI\xd8\x17\
\xc9Y\xcfM\x82X\xefR@X\xf86L\xcbc\xe6\
\xae\xe8[W\xd1]\x8e+\x80\x06*\xbc\x02\x99g\x11\
\xaf\x06\xf5\xa4:\xd7s\xbb\xf5\xacZ>\x7f\x94\x01\xcf\
\xe7\xab\xb0%\x8b\xf2\xfb\x15\xf0\x0f\x1b\xf9\xcfO{\x92\
:\x17\xf5\xbf\x9c\xf4\xdf\x80\xd5\xbf\xad\xf1.\x99\xd5\xb7\
\x01_/\x0a\x08#\x87\xe0\x8b\x16\xfe\x0f{_9\xf6\
\xa0\x968\xd0\xb0}\xd6\x80\x08(K\xa1z\xcez{\
\xa1.\x85\xfdQ\x8b<0?oZ9\xf6\xa3\x9fj\
0\x97\x84F\xaf\xf2\x84\x12\xdd\xc7\xa5K#<\xbd\x07\
\x18j\xf8\xd9\x11-\xdf\x8a\x10Gz\x12\xe8b\xd1\x8a\
\xf0\xc0s\xcf\xb5\x11\x8a\xd8+\x91\x8bX\xb2\xe6\xa9\xe6\
\xcf\x9a\xb6\xc8\x08\xba\xfd\x8a\x10k\x9d\x02\xb0U\x80w\
\xe0f\xf5\xa0\x8c\x0a\x85\xd8\x18\x86\x1cQMEzT\
+\xe0\xe0_\xbd\x00X\xfb\xaen\xc0[\x13\xf0e\x9e\
\x14\x1c\xfb\x16\xf7A\x90_\x85\x04\x01\xbe\xf4\x8e\x87\xce\
\x9b\x81,}( \x83-\xe9\x19\xc8\xf9\xd3\x7f9\xe9\
\xef|%\x8e4\x10F\xe5\xe8A\xae\x7f\x82L[y\
\xdc| \x8e\x14c\x1e6\xe5Y\xcev\xd3\xfd\xd9h\
\xea\xfe\xe8,\x1c\x8a\x08\x0e,t\x1f\xda\x09@\xff\x00\
\x0a\x91\x02\xc7\x8a\x09@\xa0\x90}?\xadc\x86\x13/\
A\xe4\xdb\xcav\x09t/\xea\x8c\xb3\x91\xe7a\x80f\
\xf9\xe3\x9e\x05\x04\x11\xc2\x9e\x8d\x0eS8N\x92\xa1\x04\
w\xd9\x9d\xdb\xf7Y\xcfO{\x02\x12\xdd\xef\xa1A\x17\
\xbb\x8b\xeb\x91S2\xd8\xf3\xc2\xa5\x84\xc5G\x08\xc6\x1e\
,]\xdd\x816'\xe0\xf7Dn\xce\x99\x7fh\x17\x00\
\xa3\x8d\xe8P\x05\x88\xde\x09b\x82\x082\xdc\x80\xd5\xbf\
\xad\xe0\x96(#\x03zGB\xfe\xbf\x04\x18\xb7~7\
b\xc5\xbbn^\xff\x00\x00\x96;\xf2\xa0\x8c\x0d\xa2\x07\
\xeai\x12\xe9\x9dH\xc6Y\xe9\xb0\xe7\xdb\xdd\x085q\
\xfeP\xba\xb1ntM\xdb\xbf\x1c\x0e\x95\x11-\xdf\x1c\
(A\xabz\xb1\xabm\x0f\xeddc\x86c\xd8s{\
\x14\xdc\xcaK\xc0\xe04\x18\x1a\x1b \x037\xcf\x0a\x08\
#\xebFY\xc8\xf3F,\xf49q\xebB]\x0f\xb1\
_\x22\xfc\x9evH\xd3:\x91\x8b\x07\xd8\xd93-\x8b\
s\xa3\x16r-\xab\xc6\x82P\xe3J\xb4=\x97\x14\x18\
\x09\xd1\x1a\xb5\x8e[\xc318@g\x02p\xca(%\
\xf1u\xf5@\xb6\xa0\xe7\x8f\x8f\xc3\x01\xab\x7f[\x99\xcf\
O{\xf05\xcfx\x15\x82\x80\x087\xf3\x9c\xad\xaf\xf9\
\xbb3-\x8f\x97\xf0\x04\xe0P\x83\x5c\xf6\xe7==\xec\
DA\xaet \xd5\xbd\x04\xb1\xf4\xabNG\xdf\x8a\x09\
c\xe9G\x02\xde_\xcf53-\x8f<*f[\x1e\
h&\xf61}u\xa8+\x00\xaa\xe0\x01\x9f\xea\xb2Z\
s\xb1+W\xc6\xc3,\xe4y\xa3\x9fo\xdd^\xa2\x00\
g~Y\xb9\xde\xb9P\x82;\xf3\xa9|\xc8:\x11\x80\
\x8ew\xab\xd4\x00\x17\xfd\xd0@\x1d\xf9\xd0K\x14\xf0u\
\xd0\xf6\xec\x80\xd5\xf8\xd2\xae\x1e\x10\xfc\xff\x00YP\x9b\
wh%\xf1\xf1\xdbp\x16\xd4q\xf6\xf6\xd1\x04\x8e\x1e\
\xf73\x9e\x9b\x92^\xc7\xce\xcf\xa6\xees\xd3\xde\xfc\x06\
\xad\xfdo\xc8\xd3:\xb6\xe0K\x14\x11\x81\xf8\x22\xc5\xbe\
Zm\x91\xa6{Q3\x8f\x0bs\xd9\x85l_\x14\x10\
\x07\x0a\x10Nm\xbe\xf2\xa0\xb1\x7f\xda\xfbj\x08\x0f\xf5\
\xe3A\x00\x1f\xebL\x04(\x02\xa8\x82\x09U\xc8\x14\xa4\
\xe8\x90\x5c\x91l\xc8du\xa0\x808U\xea\xc0w\xf2\
\xd1\x80\x1c(\xddeo\xdbF<\xd6\xd0\xcb\xbd\x19g\
\x85\xb9\xff\x00*6\xbc|\x01\xda\xfd6g9\xdbO\
\xf6\xb0\xa76\xdc\xb6\x045r\x9c\xf2(#\x9bw\x8b\
\xea\xa6g#\xcd_\xf8C5`\x98\xc5\x00\xe7X\x89\
;8\x84\xb8\x01\xb0`p7\x01lPs\xc7J\x80\
\xb1\x146\xf8s\xbfj\x00\x22m\x9f7l\x8e6>\
\xc6\xe0K\x1fJ\x08 \xcbzFr>t\xdf\xcez\
{\xdf\x09`\xce\x82\x08\xdc\x09\xc0\xa1\x07\x97\x8f\xe0\x9b\
\x16\xde_[Bp( \x8d\xa8\x84\x01\xc2\xa4t>\
t\xac\xe7;i\xfe\xd0\x97B\xf4c\x8fC\x97\xf6\x8e\
}\xab9\xe9\xee\x94\x80\x05\x95\x00\x82U\x9c\x8aV\xc8\
\x17\x16\xca\x1c\x173\x80\xef\xa1\xcf\xa1\xefa\xcf\xb7\xba\
0No\x8a\x09C\x8dA\x80\xb1\x8b\xfa\x1c3h%\
\x8e4\x10A\x95HW\x03\xd0\xb0\xee|\xd0\x97C\xec\
T\xce\x87\xd8\xd9\x9c\xf4\xf7F,\xfd\x1cz\xd0K\x14\
\x10G\x0a\x03iIf\xa1\xd0\x9d\xd7\x86\xd16:\xd0\
K\xe3\xe3\xfb\x5c\xa8m\xf0\xf3\xfc\xa0\x16\xef\x9e\xcb\x5c\
\x9e]\x81,PA\x1c7\x04\x1a\xb7\xf5\xbc\x12\xc5\x04\
\x11\xc3zG\x1b\x1fc\xf0@j\xfci\xbb\x169\xb6\
\xd0\xf7\xf8\x04\xbagA\x18\x1b`'7\xe3M\xc4o\
V\x8c\xb3h,\x1c\x8a\x08;\xae\xfb\x8cP\x94>\x85\
\x09C/\xd5- ,fp3j\x13\x8cX\x1b\xc5\
\x9c\xa9\xd8\xa0\x948\xd5\xa8%\x8e5\x8c\x19\x17\xe5\xfd\
\xd8 W\x0f\x8f\xed\x06\x18\xdd\xc5\xe7\xfc\xa3\x9fjE\
\xb8\xcf7#\xabH\x96(\xaf7\x1e\xd5`>\xebA\
\x04}hK\xa6t\xe3\x82\xc4O,\x8e8\xd7*\x80\
\xd5\xbd\x02\xa5\xf3\xc3\x070r\x1e\xacR\xaa\xaa\xaa\xaa\
\xac\xaa\xe2\xaa\xe2\xabBr\xea\xd0K\xe3\xcf\xd5\x02\xda\
\x8e7\xb5\x00\x18\x11\xe7\xf7\xb0\x16\xd4q\xf6\xf6\xd5\xd0\
\xc8\x1f\x13\xfb\xd9\x03\x5c\xf73\x9e\x9e\xf7\xc4\x1a\xe7\xbc\
\x0a\xc1A\x04\x19o\xe7=7f\xc5\xb7\x97\xd7\xe0\x09\
\xc0\xa1\x06\xb9\xed\xcez{\xdd\x7f;\xb7\x8a\x10j\xdf\
\xd5\x1c\xd9[\xeet[\x1b\xb8\xbft\xa1\x06\xad\xe8f\
<\xf4q\xf5\x17\x1c\x0f\x8af\xf4\xe3`\xe0\x0c\x03\x95\
\x08\x03\xbf:0O\x1f\x1b\x0cc\xc6\xdc\xa8A\xabz\
\x12\xc7z\xba\x19ydt\xa0\x96>\x94\x16\x0eE\x19\
\x0dg\x98\xc6\x0e\x93Qb\xdd\xf8*\x22[\xbf\x1b\x02\
\x10b\xbe_E\x04y^-g==\xd1\xaeA\x1c\
\x0c\x82\xea\xb8\x06mb\xc4hJ`8\xe6\xb9\xad\x00\
\xd5\xe2\xd0-\x89\xa3\x8f\xb1\xfbzP\x05\xb0\xd8\x0bc\
\xaeT\x1c\xf1\xd3j\x97\xd6;\x01\xfa\xac\xe7\xa7\xbd\xc9\
\x19\xc8\xf9\xd3~,\x5c\xed\xbf\x01\xab\x7f[\xf24\xcf\
tK\xa6t\x11\x81\xf8\x22\xc5\xbf\x83\xde\xd9\x1ag\xbc\
\xfevF\x07?\xe5\x04\xb1Q.\x96j\xff\x00)\xd7\
\x03\xe1\xa9\xd5\xc8\xd7\x1a},\xb7|S\x86\x13.\x86\
\xc3,\xf0\xf3BX\xea\xf2\xd8%\x8e\xfc\xaagC\xe8\
l\x0cL\xdb\x1a\xe4PA\x1d\xde-\x18'\x8f\x8a\xc9\
I\x03\x8eC\xabR\xaa\x95U\x9c\xd7.EL\xcbc\
\xce\xcc\xe7Otc\x8fn^\xda\x12\xc7z\xc08\x01\
\xd8+0K\x89c\xc1\xd6=\xa8\x16\xc7\x5c\xa89\xe3\
\xc4(\xed\xcb`\x9bwh%\xf1\xf1\xb4M\xbb\xb4\x13\
\x17\x1f\x15\x1c1O9V7\x02X\xa0\x828oH\
\xceG\xce\x9b\xf9\xcfO{\xe1,q\xa0\x82>\xbb\x97\
\xa1\x06\xb9\xfe\x09\xb1m\xe5\xf5\xb4%\x8e4\x10G\xd7\
u7\x9e\xaaL\x85\x82\xc8\x97!*Z5\x1cf\xc2\
\xe5\x22\xbb\x15>.\xac\x9c\xde\xe4\xbb\x0c\x1a\xb4\x13\x81\
A\x00p\xa1\x06\xad\xf6\x185~\x94 \x8e\xfc\xe8K\
\xa1\x8bWg#\x03\x9eoJ\x12\xc7W\x95\x04\xb0g\
PO\x8d\x12F?\x22*\xc0}\xd5\xa0\x828P\x97\
B\xfe\xa9\xc5\x8c\x8b\xf0\x92\xc5^\x84\x1a\xe7I%\x85\
\x82LG\x14.a\xe1\xc6\x82j\xebl\xfe\xe7\xb4N\
\x87\x16\x82_\x1e~\xb6\x89\xd0\xe2\xd0My\xfa\xd8\xa4\
\xf0Q\xcd \xf9\xa0\x828n@\xd7=\xe0\x96(#\
\x03zG\x1b\x1fc\xf0A{\xbf\x1b\xb0b\xdf\xc7\xe0\
\x12\xe9\x9d[l\x17\xbb\xf1\xbe\x89\xba\xe9\xfbh,\x1c\
\xa8 \x8f\xad\x09t/\xb0\xe7\xd0\xa1-\xb06\x09t\
/FY\xe1n\x7f\xcd\x96\x02\xef9\xf6( \x8e\x14\
 \xd5\xbdc\x86\x04\x1f'3\x95@j\xfciP\x1a\
\xb7\xf5A8\x15\x10\x82\xef\x9e<\x8a\x08<\xea\xf1\xac\
\xe7\xa7\xba\xe5@\x0d\xb9\xbf\xcd\xcb\x9d\xb6\x0d\xbe\x1fx\
P\x0c\xba\xbbF\xdf\x0ew\xed@5x\xed\x13c\xae\
U\x18\xe6R:\x18\xbeM\xcc\xe7\xa7\xbd\xe0\x9c\x0a\x10\
k\x9e\xf0K\x1fJ\x08 \xcb\x7f9\xe9\xefvL[\
y\xfe~\x00\x9c\x0a\x00<\xbcv\xe7==\xef\xdc\x98\
\xe0\x8f\xdbE\x88\xb4\x11G>\xde\xf6\x08#\xbd\x04\xa1\
\xc6\x82\xc1\xc8\xa1\x04uy\xec\x80\x08\xc5\xbf\xdd( \
\x0e\x14e\x9e\x1eh\xc5^\x87.=h\xcb<>\x94\
\x8e\xd1c5\xc89\xd2\x99\x95z\x11`8\x05M\x8b\
\x95\xb5\x7f\x9b\x00\x12\xe9\xa1\xfd\xa0\xcd\xbb\x97\x03\x85\x09\
t/\xea\x8fA\x0b\x86E\x0e\xe7,\xb1\xb6.\xad\x0d\
\xbe\x1e\x7f\x94\x01c\xae{F\xdf\x0f?\xca\x00\xb1\xd7\
=\xa2yq\xfbz\x09|y\xfa\xd9'\x1e/5\xe8\
\xdb3-\x8f\x97~,\x5c\xed\xa1\xfd\xdf\x81\xab}\xf9\
\x1d\x0b\xee\x89t\xce\xad\xf8\x22\xc5\xbb\xe3l\x8e\x85\xf7\
\xf3\x9e\x9e\xf6\x22\x12\x87\x1a\x08#\x85\x19g\x87\x9f\xe6\
\xc3\x04\xe6\xf8\xa3,\xf0\xb7?\xe6\xc3,\xf0\xf3G>\
\xd5z\x88\x01\xc3\x1eY\xb9\xde\xb9V\x0c\xa8\x01)\xb5\
.\x1e\x06A\xc0\xcduj\xc0}\xd6\x82\x08\xe1R:\
\x17\xf5Wt\x1cu\x7f\x94\xa0P\x00\x95P\x00\xba\xae\
\x00S\x85\x85\x98\xc4\xb8&o-\x1coj\x00\xb1\xb2\
\x16\xc4\xd0\xf3\xc3L\xe8\x02\xc6\xd1\xbas\xf5A5\xe7\
\xeb`\xdd\x0d}P\x0dy\xd7\x08U\x1c\x98|\x0d\x81\
,PA\x1c7\xa6\xc5\xb1\xe7\x7f9\xe9\xef|%\x83\
:\x08#p'\x02\x80\x0f/\x1f\xc16.V\xd5\xfe\
m\x05`\xa0\x82>\xbb\xd2:\x17\xf5\xb1\x97\x8e\xaaN\
\x13\xc7\xc5\x04\xe0P@\x1c(K\x1d^T\x16\x0eT\
\x10A\x95^\xac\x07\x7f-Z\x8d\xd7O\xdbG\x1e>\
2\xa0b\xb0\x0e6\xd5xEM\x93\x03\xca\x5c]8\
T\x06\xad\xfdP\x83V\xf4\x12\xc7\x1a\xb0\x0b\xbfU\xac\
:0\xc0\x85\x0c\x86\x12\xfcR0\xa1e\x181e\xdd\
|\x14\x01m\x80\xb6(\xe3z\x14\x01m\xa3o\x87\x9f\
\xe5\x00\xb7v\xfb\x07\x9e\x1f4\x02\xdd\xf3\xd9\x89\x90\xa6\
\xa5\x8c5\x0czm\x10k\x9e\xf0+\xe5\xe1A\x18\x1b\
\xd2^\xc7\xcf\xe0\x80\xd5\xf8\xd3v,[\xf8=\xfe\x01\
.\x99\xd5\xb6\xc0j\xfci\xbc\x12\xc1\x9d\x00\x10lU\
p\xfa8l9\xf46\x185h\xe7\xdb\xf7\xb0\xe7\xdb\
\xdd\x18'7\xc5\x04\xa1\xc6\xb0\xc0X\xc5\xfd\x1dZ\xf8\
\xe7\x81\xd5\xca\xaeD\x17s|^j\xcez{\xac\xe7\
\xa7\xbd\x80\x07\x02\x05e\x88\x0e9\x15:\x03\xdd\xf6\x86\
\x0c;s\xa6\x8cK\xaf\x83 8l\x05\xb1\xd7*\x09\
|_\x8f\xee\xe0\xf3\xc3\xcf\xaa\x00\xb1\xd7:\x09\xc0\xa1\
\xe7\x86\x99\xd0\x05\x8d\xceTu,t\xf2\xd9\x16.v\
\xde\xbd\x085\xcfx%\x8a\x08 \xcb\x7f9\xe9\xefv\
l[e\xaf\xe0\x09\xc0\xa0\x826\xe7==\xef\xc0j\
\xdf\xd6\xc8\x0d[{\xd8\xf8J\x1ch\xc0\x0e\x14%\xd0\
\xfb\x14\x12\x87\x1d\x81(q\xac`\xc8\xbf/\xee\xc1\x04\
\xb3\xf1\x96\x1a\xb5\x22*3N_\xe5*d>z\x9d\
4\xa1.\x99\xd4\x8cX\xce2\xabiN\xc1\x85\x98b\
\xea\x1d\xa6\xb0\xc8\xb2\xe1uf\xb9\xec\x13n\xed\x04\xbe\
>6\x82\xd8\x9a8\xfb{h\x02\xc5\x02\xda\x8e7\xb5\
\x00`m\x05\xb5\x1c}\xbf\xb4\x92\xc0\x84\xe8\x17\xad%\
\xe8\xcbI\xb1\xc80\xa9\x19\xc8\xf9xo\xc5\x8b\x7f\x07\
\xbd\xf8\x1a\xe7\xbf#\xa1\x7f[\xa2]\x0b\xfa\xa0\x8c\x0f\
\xc1\x11-\xdf\x8d\xb2:\x17\xf5\xbf\x9c\xf4\xf7\xb1`\x97\
*\xc5\xfd\xc0\xe1B\x08\xa2`\x9c\xdf\x1b\x04\x11\xdf\x9d\
\x18'7\xc6\xc3\x84\xa69r\xa1\x06\xad\xe8K\x1d\xea\
\xf60\xb0]x\x06\x94\xe68\x0b{qvL\x8e \
\xa8c\xc3\x16\x8dD\xe2>\x09\xc5\x1c\x8a\x9c \xff\x00\
A\x9b\xd5v\x0d\xd3\x9f\xaa\x01\xab\xc7h-\x8a\x0el\
\xe9P\x16\x22\x81lu\xca\x83\x9e:P\x05\xb6\x82\xd8\
\xa0\xe7\x8e\x94d\x0e\xd4q\xbd\x0a\x160\xd8\xf1\xb0\x1e\
G\xc5\x04\xb1A\x18\x1b\xd2b\xdb\xce\xfes\xd3|%\
\x83:\x00 \xdc\x09\xc0\xa0\x82?\x04\xd8\xb9[W\xf9\
\xb4%\x83:\x00 \xde\x91\xd0\xbf\xad\xaaP[-u\
\xa1\x06\xb9\xedD\xcb9\x1ejF\x99\xec\x12\xc7~T\
e8\x1fM\x82\xa4V\xef\x93\x8aQ\x19qyJx\
\x04\xa2\x81q\xd5\xc1\xfbiW\x1c\xb7\xee\xcf\xc5*\xa5\
+\xc5U\xee\xec\x1b|9\xdf\xb5\x00\xcb\xab\xb4M\x8e\
\xb4\x1c\xf1\xf1\xb0M\x8e\xb9Ps\xc7\xc6\xe0-\x8e\xb9\
PK\xe3\xe2\x84\xd8\xc3\xe2\x83\x9e>62P\x0a9\
\x01-0\xe7(\xf28\x18\x14 \xd7=\xe1,w\xe5\
A\x18\x1b\xd23\x91\xf3\xa7\xe0\x80\xd5\xbf\xad\xd8\xb1n\
\xfc\x1f\x80K\xa6um\xb0\x1a\xb7\xf5\xbc\x0a\xc1@\x04\
\x1b2\x8e\xbe\xaa,[\xf8=\xedD'\x02\x82\x00\xe1\
B\x0d[\xfa\xd9\x11\xab\xf6+\x0d#pc\xc8\xe0\xd5\
\x82\xaf\x87\x0d1hc\xd0\xa9.ue\xa0\x0b\x1bG\
\x9e\x14\x01c\xae{D\xfbh&\xbc\xfdl\x13\xa1\xc5\
\xa0\x1a\xbfm\xb8'Nt\x12\xf8\xf3\xf5Bm\xdd\xa0\
\x97\xc7\x9f\xad\xa2t8\xb4\x012\xb0\xd3c\x07\x0f\x8a\
K\xd2\xa2\xc5\xce\xda\x1f\xdd\xe0\x9c\x0a\x10k\x9e\xf0K\
\x14\x11\x81\xbf\x9c\xf4\xf7\xbb6.V\xfc\x01,q\xa0\
\x826\xe7==\xef\xc0j\xdf\xd6\xc8\x0d[T\x8c\xb6\
\xf2\xfe\xf7\x119\xf6\xa1.\x87\xd8\xd9\x8d\x81\x9c1]\
\x09\xf5N\xa4\x1c\x96<\xff\x00\xe9RJ\x95\xc5VW\
\x9a\xe7@\x166\x02\xda\x8e>\xde\xe8\x02\xc4m\x1b|\
9\xdf\xb5\x00\xd5\xe2\xec\x1b|\x0f\xb9P\x0c\xba\xbb\x83\
t\xe7\xea\x80e\xd5\xa1\xbas\xf5A5\xe7\xebh\xdb\
\xe1\xce\xfd\xa89\x9d\xde\x94o\xc0\x845\xdf##\x8e\
\x94\xa6$\x11\xcdq\xeco\xc5\x8b|\xb4\xdf\x81\xae{\
\xf2:\x17\xf5\xba%\xd3:\xb7\xe0\x88\x96\xef\xc6\xd9\x1d\
\x0b\xef\xe7==\xecP%\xa0^=t8U\xb7\x11\
Q\xc5\x06\xacy\xa4\xf0\x17v0O7\x1f\x8a\x9c\x16\
\x96\x065X\xf8\xa3:\x97\xed\xdb\xbbAlQ\xc6\xf6\
\xa0\x0bm\x1b|<\xff\x00(\x05\x8e\xbb\x06\xdf\x0f4\
\x02\xdd\xf7\x06\xdf\x0f4\x02\xd46\xf8y\xed@,u\
\xda6\xf8y\xfeVA\x8b\xa6-b\xd1\xdd\xf4T\x02\
\xb0\x00\xaa\xb9]U\xca\x92\x1c\xc7\x01\xc7\x15\xacp\xd2\
\x82\x08\xe1\xbd6-\xbc\xbe\xb7\xf3\x9e\x9e\xf7\xc1X(\
\x00\x83p%\x8e4\x00G\xd9\xfc\x19\xcfO{AX\
( \x8f\xae\xf4\x8e\x85\xfdmR\x82\xd9k\xad\x00\x1e\
^;\xa8\xc2N,\xe6\xfb\xa0\x97\xc7\xc7\xf7h\x9b\x1d\
r\xa0\x97\xc7\xc7\xf7py\xe1@\x16:\xe7A8\x14\
q\xbd\xa8\x02\xc6\xd8[\x13C\xcf\x0d3\xa0\x16=\xfb\
\xa1\xe7\x85\x00X\xeb\x9e\xc0[Q\xc6\xf4=\xd4\x86\x02\
]:\xdd\xa8[\xb1\xa1\xfbh\x02\xc5B\xd8\x9aQS\
\x17\x00N\xd7\xeb.4 \xd7=\xe1.\x99\xd0F\x06\
\xf4\x8c\xe4|\xe9\xf8 5o\xbb\x16-\xdf\x83\xf0H\
\xd3:\xb6\xd8\x0d[\xef\x02\xb0PA\x06[2\x8e\xbe\
\xaa,[\xbf\x07\xe0@N]Z\x09|~\xf0\xda\x0b\
b\x8e>\xde\xda\x00\xb1\x14\x0bbh\xe3\xec~\xe8\x03\
\x03h-\xa8\xe3\xed\xed\xa0\xc8>\xebG\x1fom\x00\
X\xd8\x0bb\x8e7\xb5H`'\x95\xba\xb5\x0bwC\
\x03\xdb\xb0\x16\xd4q\xf6\xf6\xd1I\x901\x9c\xd8OV\
T\x19dR\xaa\xb2\xe3u\x5cew\x82p(A\x1d\
\xf9\xef\x04\xb1A\x04p\xdf\xcez{\xdd\xcer\xb6\xbf\
\xe7\xe0\x09c\x8d\x04\x11\xb79\xe9\xef~\x03V\xfe\xb6\
@j\xdb\xddL\xcb\xd3WvGB\xfe\xb6\xfdq\xcc\
\xf3\xbbk\xaf\x97m\x87#\xc6\xed\xae\xbe]\x96\xbc\xff\
\x00F\xe5\xae\xbeZ\xbd\xd3\xc9V\x1c\x8f\x1bmu\xf2\
\xec\xf8}\xfa\xd7_\x0e\xfen\x9f\xbf\xc1a\xc8\xf1\xbb\
a\xc8\xf1\xf8/y~\xcd\xcb\x0eG\x8d\xeb]|;\
o9~\xda\xb5\xd7\xcb\xbbk\xcf\xf4l\xeb\xff\xd9\
\x00\x00\x02=\
<\
svg xmlns=\x22http:\
//www.w3.org/200\
0/svg\x22 width=\x2240\
\x22 height=\x2240\x22 fi\
ll=\x22#e4bd21\x22 vie\
wBox=\x220 0 256 25\
6\x22><path d=\x22M178\
,42c-21,0-39.26,\
9.47-50,25.34C11\
7.26,51.47,99,42\
,78,42a60.07,60.\
07,0,0,0-60,60c0\
,29.2,18.2,59.59\
,54.1,90.31a334.\
68,334.68,0,0,0,\
53.06,37,6,6,0,0\
,0,5.68,0,334.68\
,334.68,0,0,0,53\
.06-37C219.8,161\
.59,238,131.2,23\
8,102A60.07,60.0\
7,0,0,0,178,42ZM\
128,217.11C111.5\
9,207.64,30,157.\
72,30,102A48.05,\
48.05,0,0,1,78,5\
4c20.28,0,37.31,\
10.83,44.45,28.2\
7a6,6,0,0,0,11.1\
,0C140.69,64.83,\
157.72,54,178,54\
a48.05,48.05,0,0\
,1,48,48C226,157\
.72,144.41,207.6\
4,128,217.11Z\x22><\
/path></svg>\
\x00\x00\x02W\
<\
svg xmlns=\x22http:\
//www.w3.org/200\
0/svg\x22 width=\x2240\
\x22 height=\x2240\x22 fi\
ll=\x22#e4bd21\x22 vie\
wBox=\x220 0 256 25\
6\x22><path d=\x22M232\
,58H24A14,14,0,0\
,0,10,72V200a6,6\
,0,0,0,12,0V182H\
42v18a6,6,0,0,0,\
12,0V182H74v18a6\
,6,0,0,0,12,0V18\
2h20v18a6,6,0,0,\
0,12,0V182h20v18\
a6,6,0,0,0,12,0V\
182h20v18a6,6,0,\
0,0,12,0V182h20v\
18a6,6,0,0,0,12,\
0V182h20v18a6,6,\
0,0,0,12,0V72A14\
,14,0,0,0,232,58\
ZM22,72a2,2,0,0,\
1,2-2H232a2,2,0,\
0,1,2,2v98H22Zm9\
0,78a6,6,0,0,0,6\
-6V96a6,6,0,0,0-\
6-6H48a6,6,0,0,0\
-6,6v48a6,6,0,0,\
0,6,6ZM54,102h52\
v36H54Zm90,48h64\
a6,6,0,0,0,6-6V9\
6a6,6,0,0,0-6-6H\
144a6,6,0,0,0-6,\
6v48A6,6,0,0,0,1\
44,150Zm6-48h52v\
36H150Z\x22></path>\
</svg>\
\x00\x00\x01$\
<\
svg xmlns=\x22http:\
//www.w3.org/200\
0/svg\x22 width=\x2240\
\x22 height=\x2240\x22 fi\
ll=\x22#e4bd21\x22 vie\
wBox=\x220 0 256 25\
6\x22><path d=\x22M200\
,42H56A14,14,0,0\
,0,42,56V200a14,\
14,0,0,0,14,14H2\
00a14,14,0,0,0,1\
4-14V56A14,14,0,\
0,0,200,42Zm2,15\
8a2,2,0,0,1-2,2H\
56a2,2,0,0,1-2-2\
V56a2,2,0,0,1,2-\
2H200a2,2,0,0,1,\
2,2Z\x22></path></s\
vg>\
\x00\x00\x01\xa4\
<\
svg xmlns=\x22http:\
//www.w3.org/200\
0/svg\x22 width=\x2240\
\x22 height=\x2240\x22 fi\
ll=\x22#e4bd21\x22 vie\
wBox=\x220 0 256 25\
6\x22><path d=\x22M164\
.24,100.24,136.4\
8,128l27.76,27.7\
6a6,6,0,1,1-8.48\
,8.48L128,136.48\
l-27.76,27.76a6,\
6,0,0,1-8.48-8.4\
8L119.52,128,91.\
76,100.24a6,6,0,\
0,1,8.48-8.48L12\
8,119.52l27.76-2\
7.76a6,6,0,0,1,8\
.48,8.48ZM230,12\
8A102,102,0,1,1,\
128,26,102.12,10\
2.12,0,0,1,230,1\
28Zm-12,0a90,90,\
0,1,0-90,90A90.1\
,90.1,0,0,0,218,\
128Z\x22></path></s\
vg>\
\x00\x00\x02\x03\
<\
svg xmlns=\x22http:\
//www.w3.org/200\
0/svg\x22 width=\x2236\
\x22 height=\x2236\x22 fi\
ll=\x22#e4bd21\x22 vie\
wBox=\x220 0 256 25\
6\x22><path d=\x22M224\
,50H32A14,14,0,0\
,0,18,64V192a14,\
14,0,0,0,14,14H2\
24a14,14,0,0,0,1\
4-14V64A14,14,0,\
0,0,224,50Zm2,14\
2a2,2,0,0,1-2,2H\
32a2,2,0,0,1-2-2\
V64a2,2,0,0,1,2-\
2H224a2,2,0,0,1,\
2,2ZM117.19,152.\
71a6,6,0,0,1-2.1\
9,8.2,38,38,0,1,\
1,0-65.82,6,6,0,\
1,1-6,10.38,26,2\
6,0,1,0,0,45.05A\
6,6,0,0,1,117.19\
,152.71Zm80,0a6,\
6,0,0,1-2.19,8.2\
,38,38,0,1,1,0-6\
5.82,6,6,0,1,1-6\
,10.38,26,26,0,1\
,0,0,45.05A6,6,0\
,0,1,197.19,152.\
71Z\x22></path></sv\
g>\
\x00\x00\x01\xf9\
<\
svg xmlns=\x22http:\
//www.w3.org/200\
0/svg\x22 width=\x2240\
\x22 height=\x2240\x22 fi\
ll=\x22#4cd72d\x22 vie\
wBox=\x220 0 256 25\
6\x22><path d=\x22M138\
,204a10,10,0,1,1\
-10-10A10,10,0,0\
,1,138,204ZM235.\
81,88.55a170,170\
,0,0,0-215.62,0,\
6,6,0,1,0,7.62,9\
.27,158,158,0,0,\
1,200.38,0,6,6,0\
,1,0,7.62-9.27Zm\
-32.08,35.79a122\
,122,0,0,0-151.4\
6,0,6,6,0,0,0,7.\
46,9.41,110,110,\
0,0,1,136.54,0A6\
,6,0,0,0,200,135\
a6,6,0,0,0,3.73-\
10.7Zm-32.2,35.8\
1a74,74,0,0,0-87\
.06,0,6,6,0,0,0,\
7.06,9.7,62,62,0\
,0,1,72.94,0,6,6\
,0,0,0,8.38-1.32\
A6,6,0,0,0,171.5\
3,160.15Z\x22></pat\
h></svg>\
\x00\x00\x01l\
<\
svg xmlns=\x22http:\
//www.w3.org/200\
0/svg\x22 width=\x2240\
\x22 height=\x2240\x22 fi\
ll=\x22#e4bd21\x22 vie\
wBox=\x220 0 256 25\
6\x22><path d=\x22M148\
.2,84.28l-89.6,8\
8a6,6,0,0,1-8.4,\
0L11.8,134.57A6,\
6,0,1,1,20.2,126\
l34.2,33.58,85.4\
-83.87a6,6,0,1,1\
,8.4,8.56Zm96.08\
-8.48a6,6,0,0,0-\
8.48-.08l-85.4,8\
3.87-20.23-19.87\
a6,6,0,1,0-8.41,\
8.56l24.44,24a6,\
6,0,0,0,8.4,0l89\
.6-88A6,6,0,0,0,\
244.28,75.8Z\x22></\
path></svg>\
"

qt_resource_name = b"\
\x00\x06\
\x07\x03}\xc3\
\x00i\
\x00m\x00a\x00g\x00e\x00s\
\x00\x08\
\x08\xc8U\xe7\
\x00s\
\x00a\x00v\x00e\x00.\x00s\x00v\x00g\
\x00\x12\
\x0a\x9d\xf9\x07\
\x00u\
\x00s\x00e\x00r\x00-\x00l\x00o\x00g\x00g\x00e\x00d\x00-\x00i\x00n\x00.\x00s\x00v\
\x00g\
\x00\x13\
\x02)\x85\x07\
\x00a\
\x00r\x00r\x00o\x00w\x00s\x00-\x00c\x00o\x00l\x00l\x00a\x00p\x00s\x00e\x00.\x00s\
\x00v\x00g\
\x00\x0e\
\x0b\xcd\xc9'\
\x00u\
\x00s\x00e\x00r\x00-\x00s\x00o\x00u\x00n\x00d\x00.\x00s\x00v\x00g\
\x00\x0d\
\x02\xf3\x87\xa7\
\x00a\
\x00r\x00r\x00o\x00w\x00s\x00-\x00i\x00n\x00.\x00s\x00v\x00g\
\x00\x0a\
\x04\xb2\xe2g\
\x00f\
\x00u\x00n\x00n\x00e\x00l\x00.\x00s\x00v\x00g\
\x00\x0e\
\x05\xdc\xd5\xe7\
\x00d\
\x00o\x00t\x00s\x00-\x00t\x00h\x00r\x00e\x00e\x00.\x00s\x00v\x00g\
\x00\x08\
\x02\x8cT'\
\x00p\
\x00l\x00a\x00y\x00.\x00s\x00v\x00g\
\x00\x0d\
\x01\xb9Rg\
\x00f\
\x00i\x00l\x00m\x00-\x00r\x00e\x00e\x00l\x00.\x00s\x00v\x00g\
\x00\x08\
\x0c3W\x07\
\x00h\
\x00e\x00l\x00p\x00.\x00s\x00v\x00g\
\x00\x13\
\x0f\x0dgg\
\x00u\
\x00s\x00e\x00r\x00-\x00l\x00o\x00g\x00g\x00e\x00d\x00-\x00o\x00u\x00t\x00.\x00s\
\x00v\x00g\
\x00\x0c\
\x0eBz\xa7\
\x00p\
\x00l\x00a\x00y\x00l\x00i\x00s\x00t\x00.\x00s\x00v\x00g\
\x00\x09\
\x0c\x98\xb7\xc7\
\x00p\
\x00a\x00u\x00s\x00e\x00.\x00s\x00v\x00g\
\x00\x0c\
\x0b\xdf,\xc7\
\x00s\
\x00e\x00t\x00t\x00i\x00n\x00g\x00s\x00.\x00s\x00v\x00g\
\x00\x0c\
\x05\xd6fG\
\x00d\
\x00i\x00s\x00k\x00-\x00r\x00e\x00d\x00.\x00s\x00v\x00g\
\x00\x0f\
\x02\xe3G'\
\x00p\
\x00l\x00u\x00s\x00-\x00c\x00i\x00r\x00c\x00l\x00e\x00.\x00s\x00v\x00g\
\x00\x0f\
\x00\xa2\x06\x87\
\x00d\
\x00i\x00s\x00k\x00-\x00y\x00e\x00l\x00l\x00o\x00w\x00.\x00s\x00v\x00g\
\x00\x0e\
\x05\xea\x8cg\
\x00a\
\x00r\x00r\x00o\x00w\x00s\x00-\x00o\x00u\x00t\x00.\x00s\x00v\x00g\
\x00\x0f\
\x04\x9c0g\
\x00a\
\x00r\x00r\x00o\x00w\x00s\x00-\x00o\x00p\x00e\x00n\x00.\x00s\x00v\x00g\
\x00\x09\
\x09\xc7\xabG\
\x00r\
\x00e\x00s\x00e\x00t\x00.\x00s\x00v\x00g\
\x00\x0f\
\x00B\xa0\xe7\
\x00h\
\x00e\x00l\x00p\x00-\x00c\x00i\x00r\x00c\x00l\x00e\x00.\x00s\x00v\x00g\
\x00\x08\
\x05\xe2Y'\
\x00l\
\x00o\x00g\x00o\x00.\x00p\x00n\x00g\
\x00\x08\
\x09\xc5UG\
\x00u\
\x00s\x00e\x00r\x00.\x00s\x00v\x00g\
\x00\x0e\
\x0a\xbd=\x07\
\x00d\
\x00i\x00s\x00k\x00-\x00g\x00r\x00e\x00e\x00n\x00.\x00s\x00v\x00g\
\x00\x10\
\x00Kl\x87\
\x00h\
\x00e\x00a\x00r\x00t\x00-\x00f\x00i\x00l\x00l\x00e\x00d\x00.\x00s\x00v\x00g\
\x00\x18\
\x06\x12N\xe7\
\x00a\
\x00r\x00r\x00o\x00w\x00-\x00f\x00a\x00t\x00-\x00l\x00i\x00n\x00e\x00-\x00r\x00i\
\x00g\x00h\x00t\x00.\x00s\x00v\x00g\
\x00\x0f\
\x09\xf2\x03G\
\x00i\
\x00n\x00t\x00e\x00r\x00n\x00e\x00t\x00-\x00o\x00n\x00.\x00s\x00v\x00g\
\x00\x0b\
\x011\x8d\xc7\
\x00s\
\x00p\x00e\x00a\x00k\x00e\x00r\x00.\x00s\x00v\x00g\
\x00\x0a\
\x08\x94m\xc7\
\x00s\
\x00e\x00a\x00r\x00c\x00h\x00.\x00s\x00v\x00g\
\x00\x09\
\x05\x88\x86\xa7\
\x00g\
\x00l\x00o\x00b\x00e\x00.\x00s\x00v\x00g\
\x00\x0d\
\x0a\xc1&'\
\x00r\
\x00a\x00m\x00-\x00g\x00r\x00e\x00e\x00n\x00.\x00s\x00v\x00g\
\x00\x11\
\x0d\xbfv\xc7\
\x00f\
\x00i\x00l\x00e\x00s\x00-\x00s\x00i\x00z\x00e\x00-\x006\x004\x00.\x00s\x00v\x00g\
\
\x00\x10\
\x0c\xfc\xc3\xe7\
\x00i\
\x00n\x00t\x00e\x00r\x00n\x00e\x00t\x00-\x00o\x00f\x00f\x00.\x00s\x00v\x00g\
\x00\x17\
\x05i:\xc7\
\x00a\
\x00r\x00r\x00o\x00w\x00-\x00f\x00a\x00t\x00-\x00l\x00i\x00n\x00e\x00-\x00l\x00e\
\x00f\x00t\x00.\x00s\x00v\x00g\
\x00\x08\
\x068W'\
\x00h\
\x00o\x00m\x00e\x00.\x00s\x00v\x00g\
\x00\x0b\
\x08FZG\
\x00r\
\x00a\x00m\x00-\x00r\x00e\x00d\x00.\x00s\x00v\x00g\
\x00\x0e\
\x088\xe5G\
\x00t\
\x00e\x00l\x00e\x00v\x00i\x00s\x00i\x00o\x00n\x00.\x00s\x00v\x00g\
\x00\x13\
\x0f\x15\x05\xc7\
\x00s\
\x00p\x00l\x00a\x00s\x00h\x00s\x00c\x00r\x00e\x00e\x00n\x00_\x00b\x00g\x00.\x00j\
\x00p\x00g\
\x00\x09\
\x08\x97\x87\xa7\
\x00h\
\x00e\x00a\x00r\x00t\x00.\x00s\x00v\x00g\
\x00\x0e\
\x03c\xb4\x87\
\x00r\
\x00a\x00m\x00-\x00y\x00e\x00l\x00l\x00o\x00w\x00.\x00s\x00v\x00g\
\x00\x08\
\x0bcU\x87\
\x00s\
\x00t\x00o\x00p\x00.\x00s\x00v\x00g\
\x00\x0a\
\x0a-jG\
\x00c\
\x00a\x00n\x00c\x00l\x00e\x00.\x00s\x00v\x00g\
\x00\x15\
\x06\xd5\xc1\x87\
\x00c\
\x00l\x00o\x00s\x00e\x00d\x00-\x00c\x00a\x00p\x00t\x00i\x00o\x00n\x00i\x00n\x00g\
\x00.\x00s\x00v\x00g\
\x00\x12\
\x0eY\x95\xa7\
\x00i\
\x00n\x00t\x00e\x00r\x00n\x00e\x00t\x00-\x00g\x00r\x00e\x00e\x00n\x00.\x00s\x00v\
\x00g\
\x00\x0a\
\x0a+g\xa7\
\x00c\
\x00h\x00e\x00c\x00k\x00s\x00.\x00s\x00v\x00g\
"

qt_resource_struct = b"\
\x00\x00\x00\x00\x00\x02\x00\x00\x00\x01\x00\x00\x00\x01\
\x00\x00\x00\x00\x00\x00\x00\x00\
\x00\x00\x00\x00\x00\x02\x00\x00\x00-\x00\x00\x00\x02\
\x00\x00\x00\x00\x00\x00\x00\x00\
\x00\x00\x02\x8c\x00\x00\x00\x00\x00\x01\x00\x00*\xd0\
\x00\x00\x01\xa0\x8c\xb8\xc6\xa0\
\x00\x00\x02\xfe\x00\x00\x00\x00\x00\x01\x00\x00\xaeO\
\x00\x00\x01\xa0\x8c\xb8\xc6\xa0\
\x00\x00\x02\x0a\x00\x00\x00\x00\x00\x01\x00\x00\x22\xb3\
\x00\x00\x01\xa0\x8c\xb8\xc6\xa0\
\x00\x00\x03~\x00\x00\x00\x00\x00\x01\x00\x00\xb3\x02\
\x00\x00\x01\xa0\x8c\xb8\xc6\xa0\
\x00\x00\x01\x12\x00\x00\x00\x00\x00\x01\x00\x00\x0ea\
\x00\x00\x01\xa0\x8c\xb8\xc6\xa0\
\x00\x00\x00R\x00\x00\x00\x00\x00\x01\x00\x00\x03\x8c\
\x00\x00\x01\xa0\x8c\xb8\xc6\xa0\
\x00\x00\x00\xfc\x00\x00\x00\x00\x00\x01\x00\x00\x0c\x90\
\x00\x00\x01\xa0\x8c\xb8\xc6\xa0\
\x00\x00\x01\xe6\x00\x00\x00\x00\x00\x01\x00\x00![\
\x00\x00\x01\xa0\x8c\xb8\xc6\xa0\
\x00\x00\x00\xa0\x00\x00\x00\x00\x00\x01\x00\x00\x072\
\x00\x00\x01\xa0\x8c\xb8\xc6\xa0\
\x00\x00\x05\x06\x00\x00\x00\x00\x00\x01\x00\x01Th\
\x00\x00\x01\xa0\x8c\xb8\xc6\xa0\
\x00\x00\x02P\x00\x00\x00\x00\x00\x01\x00\x00&\xfb\
\x00\x00\x01\xa0\x8c\xb8\xc6\xa0\
\x00\x00\x00\xc0\x00\x00\x00\x00\x00\x01\x00\x00\x09~\
\x00\x00\x01\xa0\x8c\xb8\xc6\xa0\
\x00\x00\x04:\x00\x00\x00\x00\x00\x01\x00\x00\xc3\x82\
\x00\x00\x01\xa0\x8c\xb8\xc6\x9f\
\x00\x00\x03\xb4\x00\x00\x00\x00\x00\x01\x00\x00\xb7\x86\
\x00\x00\x01\xa0\x8c\xb8\xc6\xa0\
\x00\x00\x01\xc8\x00\x00\x00\x00\x00\x01\x00\x00\x1fa\
\x00\x00\x01\xa0\x8c\xb8\xc6\xa0\
\x00\x00\x00\xda\x00\x00\x00\x00\x00\x01\x00\x00\x0b\x87\
\x00\x00\x01\xa0\x8c\xb8\xc6\xa0\
\x00\x00\x02\xb0\x00\x00\x00\x00\x00\x01\x00\x00,\xa8\
\x00\x00\x01\xa0\x8c\xb8\xc6\xa0\
\x00\x00\x02.\x00\x00\x00\x00\x00\x01\x00\x00$\xad\
\x00\x00\x01\xa0\x8c\xb8\xc6\xa0\
\x00\x00\x03$\x00\x00\x00\x00\x00\x01\x00\x00\xaf\x8f\
\x00\x00\x01\xa0\x8c\xb8\xc6\xa0\
\x00\x00\x04n\x00\x00\x00\x00\x00\x01\x00\x00\xc4\xf1\
\x00\x00\x01\xa0\x8c\xb8\xc6\xa0\
\x00\x00\x05X\x00\x00\x00\x00\x00\x01\x00\x01Y\x93\
\x00\x00\x01\xa0\x8c\xb8\xc6\xa0\
\x00\x00\x04\xa0\x00\x00\x00\x00\x00\x01\x00\x00\xc8\xfd\
\x00\x00\x01\xa0\x8c\xb8\xc6\xa1\
\x00\x00\x04\x84\x00\x00\x00\x00\x00\x01\x00\x00\xc6\xa2\
\x00\x00\x01\xa0\x8c\xb8\xc6\xa0\
\x00\x00\x03\x9a\x00\x00\x00\x00\x00\x01\x00\x00\xb53\
\x00\x00\x01\xa0\x8c\xb8\xc6\xa0\
\x00\x00\x04\xee\x00\x00\x00\x00\x00\x01\x00\x01R'\
\x00\x00\x01\xa0\x8c\xb8\xc6\xa0\
\x00\x00\x00\x12\x00\x00\x00\x00\x00\x01\x00\x00\x00\x00\
\x00\x00\x01\xa0\x8c\xb8\xc6\xa0\
\x00\x00\x02\xc6\x00\x00\x00\x00\x00\x01\x00\x00\xaa\xe6\
\x00\x00\x01\xa0\x8c\xb8\xc6\xa1\
\x00\x00\x02t\x00\x00\x00\x00\x00\x01\x00\x00([\
\x00\x00\x01\xa0\x8c\xb8\xc6\xa0\
\x00\x00\x03Z\x00\x00\x00\x00\x00\x01\x00\x00\xb1\x05\
\x00\x00\x01\xa0\x8c\xb8\xc6\xa0\
\x00\x00\x05\xb2\x00\x00\x00\x00\x00\x01\x00\x01]\x97\
\x00\x00\x01\xa0\x8c\xb8\xc6\xa0\
\x00\x00\x05>\x00\x00\x00\x00\x00\x01\x00\x01W\xeb\
\x00\x00\x01\xa0\x8c\xb8\xc6\xa0\
\x00\x00\x00(\x00\x00\x00\x00\x00\x01\x00\x00\x02\x1d\
\x00\x00\x01\xa0\x8c\xb8\xc6\xa1\
\x00\x00\x02\xdc\x00\x00\x00\x00\x00\x01\x00\x00\xacU\
\x00\x00\x01\xa0\x8c\xb8\xc6\xa0\
\x00\x00\x03\xcc\x00\x00\x00\x00\x00\x01\x00\x00\xbbt\
\x00\x00\x01\xa0\x8c\xb8\xc6\xa0\
\x00\x00\x05(\x00\x00\x00\x00\x00\x01\x00\x01V\xc3\
\x00\x00\x01\xa0\x8c\xb8\xc6\xa1\
\x00\x00\x00~\x00\x00\x00\x00\x00\x01\x00\x00\x04\xd3\
\x00\x00\x01\xa0\x8c\xb8\xc6\xa1\
\x00\x00\x01\xaa\x00\x00\x00\x00\x00\x01\x00\x00\x17N\
\x00\x00\x01\xa0\x8c\xb8\xc6\xa0\
\x00\x00\x012\x00\x00\x00\x00\x00\x01\x00\x00\x10\xaa\
\x00\x00\x01\xa0\x8c\xb8\xc6\xa0\
\x00\x00\x01\x92\x00\x00\x00\x00\x00\x01\x00\x00\x15\x82\
\x00\x00\x01\xa0\x8c\xb8\xc6\xa0\
\x00\x00\x04\x14\x00\x00\x00\x00\x00\x01\x00\x00\xc00\
\x00\x00\x01\xa0\x8c\xb8\xc6\xa0\
\x00\x00\x03\xec\x00\x00\x00\x00\x00\x01\x00\x00\xbd\xcf\
\x00\x00\x01\xa0\x8c\xb8\xc6\xa0\
\x00\x00\x01t\x00\x00\x00\x00\x00\x01\x00\x00\x13\xf1\
\x00\x00\x01\xa0\x8c\xb8\xc6\xa0\
\x00\x00\x05\x88\x00\x00\x00\x00\x00\x01\x00\x01[\x9a\
\x00\x00\x01\xa0\x8c\xb8\xc6\xa0\
\x00\x00\x01H\x00\x00\x00\x00\x00\x01\x00\x00\x12\x82\
\x00\x00\x01\xa0\x8c\xb8\xc6\xa1\
\x00\x00\x04\xc2\x00\x00\x00\x00\x00\x01\x00\x00\xca\xf3\
\x00\x00\x01\xa0\x8c\xb8\xc6\xa1\
"

def qInitResources():
    QtCore.qRegisterResourceData(0x03, qt_resource_struct, qt_resource_name, qt_resource_data)

def qCleanupResources():
    QtCore.qUnregisterResourceData(0x03, qt_resource_struct, qt_resource_name, qt_resource_data)

qInitResources()
